id,status,chance_of_playing_next_round,chance_of_playing_this_round,now_cost,now_cost_rank,now_cost_rank_type,cost_change_event,cost_change_event_fall,cost_change_start,cost_change_start_fall,selected_by_percent,selected_rank,selected_rank_type,total_points,event_points,points_per_game,points_per_game_rank,points_per_game_rank_type,bonus,bps,form,form_rank,form_rank_type,value_form,value_season,dreamteam_count,transfers_in,transfers_in_event,transfers_out,transfers_out_event,ep_next,ep_this,expected_goals,expected_assists,expected_goal_involvements,expected_goals_conceded,expected_goals_per_90,expected_assists_per_90,expected_goal_involvements_per_90,expected_goals_conceded_per_90,influence,influence_rank,influence_rank_type,creativity,creativity_rank,creativity_rank_type,threat,threat_rank,threat_rank_type,ict_index,ict_index_rank,ict_index_rank_type,corners_and_indirect_freekicks_order,direct_freekicks_order,penalties_order,gw,set_piece_threat,first_name,second_name,web_name,news,news_added,minutes,goals_scored,assists,clean_sheets,goals_conceded,own_goals,penalties_saved,penalties_missed,yellow_cards,red_cards,saves,starts,defensive_contribution,corners_and_indirect_freekicks_text,direct_freekicks_text,penalties_text,saves_per_90,clean_sheets_per_90,goals_conceded_per_90,starts_per_90,defensive_contribution_per_90,tackles,clearances_blocks_interceptions,recoveries
10,a,100.0,100.0,5.5,131,15,0,0,0,0,7.6,56,23,20,2,6.7,27,12,3,74,6.7,26,12,1.2,3.6,0,411615,103379,242063,99632,6.7,6.7,0.18,0.29,0.47,0.92,0.06,0.1,0.16,0.31,65.4,64,31,52.2,57,11,23.0,117,35,14.1,66,16,,,,3,,Benjamin,White,White,,,270,0,1,2,1,0,0,0,0,0,0,3,15,,,,0.0,0.67,0.33,1.0,5.0,4,11,9
17,a,,,5.8,108,69,-1,1,-2,2,0.4,264,88,2,0,0.7,379,178,0,12,0.7,323,148,0.1,0.3,0,7229,1746,38066,8940,0.7,0.7,0.14,0.02,0.16,0.26,0.27,0.04,0.31,0.51,6.4,295,126,3.3,258,136,14.0,163,80,2.4,282,124,,,,3,,Mikel,Merino Zazón,Merino,,,46,0,0,0,0,0,0,0,1,0,0,0,6,,,,0.0,0.0,0.0,0.0,11.74,0,0,6
606,a,,,4.0,643,203,0,0,0,0,0.2,357,135,0,0,0.0,433,161,0,0,0.0,433,161,0.0,0.0,0,10513,2553,3513,1584,0.0,0.0,0.0,0.0,0.0,0.0,0.0,0.0,0.0,0.0,0.0,408,157,0.0,403,157,0.0,346,140,0.0,414,155,,,,3,,Triston,Rowe,Rowe,,,0,0,0,0,0,0,0,0,0,0,0,0,0,,,,0.0,0.0,0.0,0.0,0.0,0,0,0
37,a,,,4.5,450,92,0,0,0,0,0.3,292,105,6,6,2.0,191,74,0,25,2.0,173,69,0.4,1.3,0,8731,3745,8802,1796,2.0,2.0,0.0,0.16,0.16,5.38,0.0,0.05,0.05,1.79,39.2,150,68,26.2,140,45,2.0,265,98,6.7,192,74,,,,3,,Victor,Lindelöf,Lindelöf,,,270,0,0,1,5,1,0,0,0,0,0,3,14,,,,0.0,0.33,1.67,1.0,4.67,1,13,5
18,u,0.0,0.0,6.3,56,40,0,0,-2,2,0.1,434,168,0,0,0.0,648,287,0,0,0.0,648,287,0.0,0.0,0,2483,0,19431,5789,0.0,0.0,0.0,0.0,0.0,0.0,0.0,0.0,0.0,0.0,0.0,648,288,0.0,649,288,0.0,648,288,0.0,648,288,,,,3,,Gabriel,Martinelli Silva,Martinelli,Has joined Al Hilal permanently,,0,0,0,0,0,0,0,0,0,0,0,0,0,,,,0.0,0.0,0.0,0.0,0.0,0,0,0
39,u,0.0,0.0,4.0,648,208,0,0,0,0,0.1,369,141,0,0,0.0,437,165,0,0,0.0,437,165,0.0,0.0,0,0,0,13166,1940,0.0,0.0,0.0,0.0,0.0,0.0,0.0,0.0,0.0,0.0,0.0,412,161,0.0,407,161,0.0,351,145,0.0,418,159,,,,3,,Kosta,Nedeljkovic,Nedeljkovic,Has joined Rangers on loan for the rest of the season,,0,0,0,0,0,0,0,0,0,0,0,0,0,,,,0.0,0.0,0.0,0.0,0.0,0,0,0
30,u,0.0,0.0,4.5,432,84,0,0,0,0,0.1,485,172,0,0,0.0,453,175,0,0,0.0,453,175,0.0,0.0,0,0,0,7893,845,0.0,0.0,0.0,0.0,0.0,0.0,0.0,0.0,0.0,0.0,0.0,428,171,0.0,425,171,0.0,372,158,0.0,434,169,,,,3,,Lucas,Digne,Digne,Has joined Paris Saint-Germain permanently,,0,0,0,0,0,0,0,0,0,0,0,0,0,,,,0.0,0.0,0.0,0.0,0.0,0,0,0
7,a,,,5.5,166,101,0,0,0,0,0.7,227,74,8,2,2.7,153,64,0,35,2.7,138,59,0.5,1.5,0,24756,6214,32015,9474,2.7,2.7,0.16,0.23,0.39,0.79,0.06,0.09,0.15,0.31,21.6,213,86,38.8,96,65,16.0,143,73,7.0,184,86,,,,3,,Myles,Lewis-Skelly,Lewis-Skelly,,,226,0,0,2,1,0,0,0,0,0,0,3,14,,,,0.0,0.8,0.4,1.19,5.58,1,5,8
51,a,,,4.5,534,277,0,0,0,0,1.3,164,51,7,3,2.3,171,71,0,29,2.3,153,65,0.5,1.6,0,89838,44690,39040,19121,2.3,2.3,0.07,0.15,0.22,5.0,0.03,0.06,0.09,1.92,23.2,205,82,29.4,130,79,23.0,116,60,7.5,169,77,,,,3,,George,Hemmings,George Hemmings,,,234,0,0,1,5,0,0,0,0,0,0,3,18,,,,0.0,0.38,1.92,1.15,6.92,6,2,10
19,a,,,5.4,219,138,0,0,-1,1,0.7,224,72,3,1,1.0,335,151,0,9,1.0,268,121,0.2,0.6,0,6460,1396,51722,11113,1.0,1.0,0.08,0.04,0.12,0.28,0.14,0.07,0.21,0.5,10.0,270,115,4.0,247,131,11.0,186,91,2.5,278,121,,,,3,,Martín,Zubimendi Ibáñez,Zubimendi,,,50,0,0,0,0,0,0,0,0,0,0,0,9,,,,0.0,0.0,0.0,0.0,16.2,3,4,2
1,a,,,6.0,62,1,0,0,0,0,39.1,5,1,15,3,5.0,55,4,0,60,5.0,50,3,0.8,2.5,0,520025,208343,490710,180004,5.0,5.0,0.0,0.01,0.01,0.92,0.0,0.0,0.0,0.31,46.2,128,15,0.0,643,71,0.0,641,71,4.7,235,16,,,,3,,David,Raya Martín,Raya,,,270,0,0,2,1,0,0,0,0,0,5,3,0,,,,1.67,0.67,0.33,1.0,0.0,0,4,30
8,a,,,5.8,110,11,1,-1,3,-3,48.9,3,1,22,2,7.3,15,6,2,61,7.3,14,6,1.3,3.8,0,1238478,412894,238227,78038,7.3,7.3,0.54,0.58,1.12,0.65,0.21,0.22,0.43,0.25,51.6,112,53,27.3,134,42,39.0,74,14,11.8,94,27,,,,3,,Riccardo,Calafiori,Calafiori,,,236,0,2,2,1,0,0,0,0,0,0,3,9,,,,0.0,0.76,0.38,1.14,3.43,3,6,6
620,a,,,4.5,546,141,0,0,0,0,0.1,432,154,0,0,0.0,518,195,0,0,0.0,518,195,0.0,0.0,0,11779,1637,4762,1743,0.0,0.0,0.0,0.0,0.0,0.0,0.0,0.0,0.0,0.0,0.0,495,192,0.0,494,192,0.0,452,185,0.0,501,190,,,,3,,El Hadji Malick,Diouf,Diouf,,,0,0,0,0,0,0,0,0,0,0,0,0,0,,,,0.0,0.0,0.0,0.0,0.0,0,0,0
9,a,,,5.3,235,33,-1,1,-2,2,1.0,182,71,2,1,1.0,327,126,0,6,0.7,313,115,0.1,0.4,0,11776,3441,93513,16826,0.7,0.7,0.0,0.0,0.0,0.28,0.0,0.0,0.0,0.79,6.4,293,118,1.0,306,114,2.0,276,106,1.0,322,118,,,,3,,Piero,Hincapié,Hincapie,,,32,0,0,0,0,0,0,0,0,0,0,0,3,,,,0.0,0.0,0.0,0.0,8.44,1,2,0
25,a,,,7.2,23,8,-1,1,-3,3,3.8,87,12,1,1,1.0,370,46,0,2,0.3,386,47,0.0,0.1,0,22542,5605,522324,83204,0.3,0.3,0.0,0.0,0.0,0.11,0.0,0.0,0.0,0.82,0.0,652,76,0.1,354,45,0.0,652,76,0.0,652,76,,,2.0,3,,Viktor,Gyökeres,Gyökeres,,,12,0,0,0,0,0,0,0,0,0,0,0,1,,,,0.0,0.0,0.0,0.0,7.5,0,0,1
4,a,,,8.0,7,1,0,0,0,0,24.1,10,2,15,2,5.0,59,23,0,54,5.0,54,21,0.6,1.9,0,152690,47042,682326,212576,5.0,5.0,0.49,0.05,0.54,0.92,0.16,0.02,0.18,0.31,48.4,120,57,7.4,230,79,83.0,16,1,13.8,72,17,,,,3,,Gabriel,dos Santos Magalhães,Gabriel,,,270,0,0,2,1,0,0,0,1,0,0,3,21,,,,0.0,0.67,0.33,1.0,7.0,2,19,11
32,d,75.0,,4.5,453,95,0,0,0,0,6.3,64,27,7,6,2.3,168,66,0,23,2.3,150,60,0.5,1.6,0,86905,18299,257916,74282,1.7,2.3,0.15,0.04,0.19,5.03,0.05,0.01,0.06,1.8,32.4,181,81,19.2,174,54,13.0,166,57,6.5,196,76,1.0,,,3,,Matty,Cash,Cash,Muscular injury - 75% chance of playing,,251,0,0,1,5,0,0,0,1,0,0,3,14,,,,0.0,0.36,1.79,1.08,5.02,6,8,2
169,a,,,4.5,527,73,0,0,0,0,0.4,268,47,0,0,0.0,503,54,0,0,0.0,503,54,0.0,0.0,0,17679,6311,15188,5021,0.0,0.0,0.0,0.0,0.0,0.0,0.0,0.0,0.0,0.0,0.0,480,47,0.0,479,52,0.0,437,49,0.0,486,51,,,,3,,Shumaira,Mheuka,Mheuka,,,0,0,0,0,0,0,0,0,0,0,0,0,0,,,,0.0,0.0,0.0,0.0,0.0,0,0,0
607,u,0.0,0.0,4.5,529,275,0,0,0,0,0.1,442,172,0,0,0.0,505,196,0,0,0.0,505,196,0.0,0.0,0,7103,0,5914,2759,0.0,0.0,0.0,0.0,0.0,0.0,0.0,0.0,0.0,0.0,0.0,482,183,0.0,481,191,0.0,439,160,0.0,488,187,,,,3,,Luka,Lynch,Lynch,Has joined Oxford United on loan until January,,0,0,0,0,0,0,0,0,0,0,0,0,0,,,,0.0,0.0,0.0,0.0,0.0,0,0,0
33,a,,,4.5,440,85,0,0,0,0,0.4,274,101,7,6,3.5,104,39,0,33,2.3,149,59,0.5,1.6,0,9935,4060,10416,2073,2.3,2.3,0.11,0.02,0.13,0.79,0.09,0.02,0.11,0.67,16.8,236,99,4.4,243,82,13.0,165,56,3.4,254,97,,,,3,,Tyrone,Mings,Mings,,,106,0,0,1,0,0,0,0,0,0,0,1,6,,,,0.0,0.85,0.0,0.85,5.09,2,4,2
245,a,,,5.4,222,140,0,0,-1,1,0.0,545,224,0,0,0.0,618,264,0,0,0.0,618,264,0.0,0.0,0,753,196,2051,432,0.0,0.0,0.0,0.0,0.0,0.0,0.0,0.0,0.0,0.0,0.0,606,259,0.0,611,263,0.0,597,254,0.0,612,261,,,,3,,Tyler,Dibling,Dibling,,,0,0,0,0,0,0,0,0,0,0,0,0,0,,,,0.0,0.0,0.0,0.0,0.0,0,0,0
11,d,50.0,75.0,5.4,224,29,-1,1,-1,1,2.7,109,42,12,0,6.0,37,17,0,52,4.0,77,32,0.7,2.2,0,29644,688,338575,164258,2.0,3.0,0.0,0.01,0.01,0.53,0.0,0.01,0.01,0.28,24.6,204,87,2.0,282,101,0.0,599,209,2.7,274,105,,,,3,,Cristhian,Mosquera,Mosquera,Muscular injury - 50% chance of playing,,168,0,0,2,0,0,0,0,0,0,0,2,10,,,,0.0,1.07,0.0,1.07,5.36,0,10,3
47,a,100.0,100.0,5.0,276,169,0,0,0,0,0.3,289,99,7,3,2.3,176,75,0,42,2.3,158,69,0.5,1.4,0,10713,3163,14573,4053,2.3,2.3,0.0,0.1,0.1,5.38,0.0,0.03,0.03,1.79,35.4,166,63,43.2,79,56,0.0,529,214,7.9,160,74,,,,3,,Boubacar,Kamara,Kamara,,,270,0,0,1,5,0,0,0,0,0,0,3,25,,,,0.0,0.33,1.67,1.0,8.33,4,9,12
55,u,0.0,0.0,7.8,13,4,0,0,-2,2,3.1,101,15,0,0,0.0,655,78,0,0,0.0,655,78,0.0,0.0,0,14882,0,699041,113202,0.0,0.0,0.0,0.0,0.0,0.0,0.0,0.0,0.0,0.0,0.0,656,78,0.0,656,78,0.0,656,78,0.0,656,78,,,,3,,Ollie,Watkins,Watkins,Has joined Al Hilal permanently,,0,0,0,0,0,0,0,0,0,0,0,0,0,,,,0.0,0.0,0.0,0.0,0.0,0,0,0
34,a,,,4.5,478,113,0,0,0,0,0.4,270,99,2,0,1.0,285,112,0,-8,0.7,293,107,0.2,0.4,0,9950,2864,14114,4718,0.7,0.7,0.0,0.01,0.01,4.59,0.0,0.01,0.01,2.53,11.0,264,110,1.5,292,105,0.0,396,166,1.2,315,117,,,,3,,Pau,Torres,Pau,,,163,0,0,0,5,0,0,0,0,0,0,2,9,,,,0.0,0.0,2.76,1.1,4.97,1,8,9
12,a,,,9.5,4,3,0,0,0,0,11.5,35,14,22,2,7.3,16,7,4,95,7.3,15,6,0.8,2.3,0,420011,174721,260533,124017,7.3,7.3,1.5,0.35,1.85,0.78,0.55,0.13,0.68,0.29,94.4,22,11,61.9,40,35,147.0,3,1,30.3,5,4,2.0,2.0,1.0,3,,Bukayo,Saka,Saka,,,246,2,0,2,1,0,0,0,0,0,0,3,22,,,,0.0,0.73,0.37,1.1,8.05,4,6,12
2,a,,,4.9,365,18,-1,1,-1,1,0.1,462,52,0,0,0.0,534,66,0,0,0.0,534,66,0.0,0.0,0,1183,262,3359,756,0.0,0.0,0.0,0.0,0.0,0.0,0.0,0.0,0.0,0.0,0.0,511,66,0.0,511,53,0.0,470,52,0.0,517,66,,,,3,,Kepa,Arrizabalaga Revuelta,Arrizabalaga,,,0,0,0,0,0,0,0,0,0,0,0,0,0,,,,0.0,0.0,0.0,0.0,0.0,0,0,0
26,a,,,7.5,17,6,0,0,0,0,7.9,54,7,16,8,5.3,49,4,2,77,5.3,45,4,0.7,2.1,0,425372,165245,245166,64952,5.3,5.3,0.55,0.33,0.88,0.8,0.19,0.12,0.31,0.28,82.6,38,4,53.6,53,2,105.0,9,5,24.1,15,4,,,,3,,Kai,Havertz,Havertz,,,257,2,0,2,1,0,0,0,0,0,0,3,8,,,,0.0,0.7,0.35,1.05,2.8,0,3,5
35,a,,,5.0,328,195,0,0,0,0,0.1,471,186,1,0,1.0,321,141,0,3,0.3,365,169,0.1,0.2,0,2197,616,3230,989,0.3,0.3,0.0,0.0,0.0,0.22,0.0,0.0,0.0,1.24,2.2,340,156,0.5,330,163,0.0,562,229,0.3,352,162,,,,3,,Lamare,Bogarde,Bogarde,,,16,0,0,0,0,0,0,0,0,0,0,0,1,,,,0.0,0.0,0.0,0.0,5.62,0,1,0
41,a,,,5.9,88,57,-1,1,-1,1,1.0,183,57,7,3,2.3,182,79,0,15,2.3,165,73,0.4,1.2,0,37276,11658,64339,18336,2.3,2.3,0.78,0.16,0.94,4.88,0.28,0.06,0.34,1.76,5.0,307,136,40.3,91,62,24.0,115,59,6.3,204,93,3.0,1.0,1.0,3,,Emiliano,Buendía Stati,Buendía,,,249,0,0,1,5,0,0,0,0,0,0,3,14,,,,0.0,0.36,1.81,1.08,5.06,2,3,9
56,a,100.0,100.0,5.5,129,34,0,0,0,0,0.2,360,55,2,1,1.0,344,39,0,6,0.7,321,38,0.1,0.4,0,9240,3718,7891,2457,0.7,0.7,0.0,0.0,0.0,0.37,0.0,0.0,0.0,1.39,2.0,342,37,2.3,274,34,0.0,608,70,0.4,344,39,,,,3,,Tammy,Abraham,Abraham,,,24,0,0,0,0,0,0,0,0,0,0,0,1,,,,0.0,0.0,0.0,0.0,3.75,1,0,0
611,a,,,4.5,458,98,0,0,0,0,0.2,350,132,2,1,1.0,282,109,0,7,1.0,249,92,0.2,0.4,0,11399,3217,3712,1925,1.0,1.0,0.0,0.0,0.0,0.35,0.0,0.0,0.0,1.85,6.4,292,117,1.7,287,103,0.0,386,160,0.8,330,122,,,,3,,Aaron,Wan-Bissaka,Wan-Bissaka,,,17,0,0,0,0,0,0,0,0,0,0,0,3,,,,0.0,0.0,0.0,0.0,15.88,2,1,0
44,u,0.0,0.0,5.4,196,123,0,0,-1,1,0.1,459,182,0,0,0.0,613,260,0,0,0.0,613,260,0.0,0.0,0,2096,0,10683,4302,0.0,0.0,0.0,0.0,0.0,0.0,0.0,0.0,0.0,0.0,0.0,598,253,0.0,605,259,0.0,589,248,0.0,605,256,,,,3,,Leon,Bailey,Bailey,Has joined Olympiakos permanently,,0,0,0,0,0,0,0,0,0,0,0,0,0,,,,0.0,0.0,0.0,0.0,0.0,0,0,0
45,a,,,5.4,186,115,0,0,-1,1,2.3,118,37,5,3,1.7,234,103,0,16,1.7,207,94,0.3,0.9,0,40213,15716,117061,27926,1.7,1.7,0.77,0.09,0.86,5.23,0.27,0.03,0.3,1.8,3.0,331,149,20.0,170,96,15.0,154,76,3.3,259,113,2.0,,,3,,John,McGinn,McGinn,,,261,0,0,1,5,0,0,0,2,0,0,3,15,,,,0.0,0.34,1.72,1.03,5.17,4,4,7
50,a,,,4.5,555,288,0,0,0,0,0.7,226,73,0,0,0.0,525,206,0,0,0.0,525,206,0.0,0.0,0,18430,6212,23398,7517,0.0,0.0,0.0,0.0,0.0,0.0,0.0,0.0,0.0,0.0,0.0,502,193,0.0,501,201,0.0,460,170,0.0,508,197,,,,3,,Bradley,Burrowes,Burrowes,,,0,0,0,0,0,0,0,0,0,0,0,0,0,,,,0.0,0.0,0.0,0.0,0.0,0,0,0
52,a,,,5.0,357,214,0,0,0,0,0.0,502,202,2,1,0.7,377,177,0,10,0.7,312,142,0.1,0.4,0,1614,444,2150,625,0.7,0.7,0.0,0.0,0.0,0.51,0.0,0.0,0.0,1.09,5.4,299,130,2.6,266,139,2.0,275,130,1.0,321,146,,,,3,,Alysson Edward Franco,da Rocha dos Santos,Alysson,,,42,0,0,0,0,0,0,0,1,0,0,0,6,,,,0.0,0.0,0.0,0.0,12.86,2,1,3
36,a,,,4.5,485,119,0,0,0,0,0.8,208,81,8,7,2.7,144,58,1,15,2.7,127,51,0.6,1.8,0,26609,12771,23114,5631,2.7,2.7,0.1,0.42,0.52,4.88,0.04,0.15,0.19,1.79,24.6,202,86,21.1,163,53,19.0,124,37,6.4,202,78,,,,3,,Ian,Maatsen,Maatsen,,,245,0,0,1,5,0,0,0,1,0,0,3,20,,,,0.0,0.37,1.84,1.1,7.35,6,14,4
46,a,,,5.0,241,151,0,0,0,0,0.3,308,107,7,3,2.3,174,73,0,49,2.3,156,67,0.5,1.4,0,11976,4357,9887,3162,2.3,2.3,0.35,0.13,0.48,5.16,0.13,0.05,0.18,1.94,35.8,164,61,78.8,25,22,24.0,112,57,13.9,68,44,4.0,,,3,,Ross,Barkley,Barkley,,,240,0,0,1,5,0,0,0,0,0,0,3,17,,,,0.0,0.38,1.88,1.12,6.38,3,4,10
53,d,50.0,0.0,5.9,107,68,0,0,-1,1,0.1,394,145,0,0,0.0,642,281,0,0,0.0,642,281,0.0,0.0,0,1033,460,15473,1634,0.0,0.0,0.0,0.0,0.0,0.0,0.0,0.0,0.0,0.0,0.0,639,282,0.0,641,282,0.0,639,281,0.0,641,282,,,,3,,Johan,Manzambi,Manzambi,Knee injury - 50% chance of playing,,0,0,0,0,0,0,0,0,0,0,0,0,0,,,,0.0,0.0,0.0,0.0,0.0,0,0,0
27,u,0.0,0.0,5.9,89,24,0,0,-1,1,0.2,349,54,0,0,0.0,636,76,0,0,0.0,636,76,0.0,0.0,0,4164,0,25557,7270,0.0,0.0,0.0,0.0,0.0,0.0,0.0,0.0,0.0,0.0,0.0,631,71,0.0,635,75,0.0,629,73,0.0,634,74,,,,3,,Gabriel,Fernando de Jesus,G.Jesus,Has joined FC Barcelona permanently,,0,0,0,0,0,0,0,0,0,0,0,0,0,,,,0.0,0.0,0.0,0.0,0.0,0,0,0
5,d,25.0,25.0,6.5,39,3,0,0,0,0,0.1,453,161,0,0,0.0,651,215,0,0,0.0,651,215,0.0,0.0,0,1530,580,6812,1267,0.0,0.0,0.0,0.0,0.0,0.0,0.0,0.0,0.0,0.0,0.0,651,215,0.0,652,215,0.0,651,215,0.0,651,215,,,,3,,Jurriën,Timber,J.Timber,Groin injury - 25% chance of playing,,0,0,0,0,0,0,0,0,0,0,0,0,0,,,,0.0,0.0,0.0,0.0,0.0,0,0,0
3,a,,,4.9,387,20,-1,1,-1,1,0.0,543,61,0,0,0.0,544,67,0,0,0.0,544,67,0.0,0.0,0,376,103,1235,284,0.0,0.0,0.0,0.0,0.0,0.0,0.0,0.0,0.0,0.0,0.0,523,67,0.0,523,55,0.0,485,54,0.0,530,67,,,,3,,Illan,Meslier,Meslier,,,0,0,0,0,0,0,0,0,0,0,0,0,0,,,,0.0,0.0,0.0,0.0,0.0,0,0,0
31,a,,,4.5,454,96,1,-1,0,0,16.0,26,7,5,4,2.5,160,62,0,18,1.7,199,75,0.4,1.1,0,884432,563739,511367,82634,1.7,1.7,0.0,0.01,0.01,0.39,0.0,0.01,0.01,0.35,22.6,209,89,1.5,291,104,4.0,240,88,2.8,271,103,,,,3,,Ezri,Konsa Ngoyo,Konsa,,,101,0,0,0,1,0,0,0,0,0,0,1,11,,,,0.0,0.0,0.89,0.89,9.8,3,8,5
54,s,0.0,0.0,5.5,152,91,0,0,0,0,0.0,522,212,-2,0,-2.0,656,292,0,-2,-0.7,656,292,-0.1,-0.4,0,357,113,3532,464,0.0,0.0,0.0,0.01,0.01,2.58,0.0,0.02,0.02,5.95,1.0,352,164,11.0,217,115,0.0,617,265,1.2,316,142,,,,3,,Joao,Gomes,Gomes,Suspended until 19 Sep,,39,0,0,0,4,0,0,0,0,1,0,1,7,,,,0.0,0.0,9.23,2.31,16.15,4,1,2
597,a,,,5.0,286,12,0,0,0,0,1.8,133,20,12,10,6.0,33,2,3,46,4.0,75,4,0.8,2.4,0,105546,68223,33282,15237,4.0,4.0,0.0,0.0,0.0,1.61,0.0,0.0,0.0,0.8,40.8,146,18,0.0,561,63,0.0,536,63,4.1,242,18,,,,3,,Zion,Suzuki,Suzuki,,,180,0,0,1,1,0,0,0,0,0,5,2,0,,,,2.5,0.5,0.5,1.0,0.0,0,3,22
6,i,0.0,0.0,5.9,98,9,-1,1,-1,1,0.2,331,123,0,0,0.0,638,214,0,0,0.0,638,214,0.0,0.0,0,2649,701,15349,3051,0.0,0.0,0.0,0.0,0.0,0.0,0.0,0.0,0.0,0.0,0.0,635,214,0.0,637,214,0.0,634,214,0.0,637,214,,,,3,,William,Saliba,Saliba,Back injury - Unknown return date,,0,0,0,0,0,0,0,0,0,0,0,0,0,,,,0.0,0.0,0.0,0.0,0.0,0,0,0
590,a,,,4.5,481,37,0,0,0,0,0.1,466,53,0,0,0.0,473,59,0,0,0.0,473,59,0.0,0.0,0,2050,475,1952,537,0.0,0.0,0.0,0.0,0.0,0.0,0.0,0.0,0.0,0.0,0.0,449,59,0.0,447,43,0.0,399,40,0.0,455,59,,,,3,,Steven,Benda,Benda,,,0,0,0,0,0,0,0,0,0,0,0,0,0,,,,0.0,0.0,0.0,0.0,0.0,0,0,0
493,a,,,5.4,215,49,0,0,-1,1,0.1,489,67,1,0,1.0,333,36,0,3,0.3,370,43,0.1,0.2,0,2262,1085,2762,756,0.3,0.3,0.0,0.0,0.0,0.0,0.0,0.0,0.0,0.0,0.0,602,66,0.0,609,71,0.0,594,68,0.0,609,70,,,,3,,Arnaud,Kalimuendo,Kalimuendo,,,1,0,0,0,0,0,0,0,0,0,0,0,0,,,,0.0,0.0,0.0,0.0,0.0,0,0,0
452,a,100.0,75.0,6.8,31,20,0,0,-2,2,1.7,138,42,1,0,1.0,369,174,0,4,0.3,385,181,0.0,0.1,0,8464,2068,222698,33361,0.3,0.2,0.0,0.01,0.01,0.0,0.0,0.05,0.05,0.0,1.4,347,160,0.8,316,157,2.0,289,140,0.4,347,159,4.0,,4.0,3,,Bruno,Guimarães Rodriguez Moura,Bruno G.,,,19,0,0,0,0,0,0,0,0,0,0,0,3,,,,0.0,0.0,0.0,0.0,14.21,0,0,3
618,i,0.0,,6.0,61,43,0,0,0,0,0.0,508,205,0,0,0.0,643,282,0,0,0.0,643,282,0.0,0.0,0,4545,884,2717,1869,0.0,0.0,0.0,0.0,0.0,0.0,0.0,0.0,0.0,0.0,0.0,640,283,0.0,642,283,0.0,640,282,0.0,642,283,,,,3,,Leon,Goretzka,Goretzka,Knee injury - Expected back 10 Oct,,0,0,0,0,0,0,0,0,0,0,0,0,0,,,,0.0,0.0,0.0,0.0,0.0,0,0,0
630,a,,,4.5,479,114,0,0,0,0,0.0,585,198,0,0,0.0,472,181,0,0,0.0,472,181,0.0,0.0,0,1512,567,427,237,1.8,1.8,0.0,0.0,0.0,0.0,0.0,0.0,0.0,0.0,0.0,448,178,0.0,446,178,0.0,397,167,0.0,454,176,,,,3,,Taylor,Harwood-Bellis,Harwood-Bellis,,,0,0,0,0,0,0,0,0,0,0,0,0,0,,,,0.0,0.0,0.0,0.0,0.0,0,0,0
631,a,,,6.0,82,54,0,0,0,0,0.1,487,193,0,0,0.0,646,285,0,0,0.0,646,285,0.0,0.0,0,6568,2512,1964,1334,2.2,2.2,0.0,0.0,0.0,0.0,0.0,0.0,0.0,0.0,0.0,646,286,0.0,647,286,0.0,645,285,0.0,646,286,,,,3,,Ibrahim,Mbaye,Mbaye,,,0,0,0,0,0,0,0,0,0,0,0,0,0,,,,0.0,0.0,0.0,0.0,0.0,0,0,0
59,u,0.0,0.0,4.0,615,65,0,0,0,0,0.1,377,42,0,0,0.0,412,39,0,0,0.0,412,39,0.0,0.0,0,1133,0,5702,1401,0.0,0.0,0.0,0.0,0.0,0.0,0.0,0.0,0.0,0.0,0.0,387,39,0.0,382,20,0.0,324,17,0.0,393,39,,,,3,,Will,Dennis,Dennis,Has joined MK Dons permanently,,0,0,0,0,0,0,0,0,0,0,0,0,0,,,,0.0,0.0,0.0,0.0,0.0,0,0,0
60,a,,,5.5,155,20,0,0,0,0,0.8,207,80,6,1,2.0,215,82,0,23,2.0,192,72,0.4,1.1,0,22599,6352,27232,8823,2.0,2.0,0.0,0.76,0.76,4.8,0.0,0.25,0.25,1.6,54.0,102,46,52.8,55,9,6.0,230,81,11.3,101,32,,,,3,,James,Hill,Hill,,,270,0,0,0,5,0,0,0,0,0,0,3,24,,,,0.0,0.0,1.67,1.0,8.0,4,20,5
160,a,,,5.9,103,65,0,0,-1,1,0.4,276,90,3,1,1.0,360,167,0,9,1.0,281,129,0.2,0.5,0,5947,1369,30250,7594,1.0,1.0,0.0,0.0,0.0,0.49,0.0,0.0,0.0,1.42,1.2,351,163,3.6,252,133,0.0,636,278,0.5,340,156,,,,3,,Alejandro,Garnacho Ferreyra,Garnacho,,,31,0,0,0,0,0,0,0,0,0,0,0,2,,,,0.0,0.0,0.0,0.0,5.81,0,0,2
166,a,,,6.5,42,11,0,0,0,0,1.2,165,24,4,2,2.0,223,24,0,21,1.3,240,26,0.2,0.6,0,115551,36346,37973,15538,1.3,1.3,0.24,0.54,0.78,1.23,0.14,0.32,0.46,0.72,5.4,302,30,23.4,149,14,22.0,119,23,5.1,225,25,,,2.0,3,,Nicolas,Jackson,N.Jackson,,,154,0,0,1,1,0,0,0,0,0,0,2,5,,,,0.0,0.58,0.58,1.17,2.92,0,0,5
582,i,0.0,0.0,5.5,184,43,0,0,0,0,0.3,314,50,0,0,0.0,634,75,0,0,0.0,634,75,0.0,0.0,0,2385,325,23222,4942,0.0,0.0,0.0,0.0,0.0,0.0,0.0,0.0,0.0,0.0,0.0,627,69,0.0,632,74,0.0,626,72,0.0,631,73,,,,3,,Brian,Madjo,Madjo,Unspecified injury - Unknown return date,,0,0,0,0,0,0,0,0,0,0,0,0,0,,,,0.0,0.0,0.0,0.0,0.0,0,0,0
596,a,,,4.5,499,126,0,0,0,0,0.1,433,155,2,1,1.0,289,115,0,6,0.7,296,110,0.2,0.4,0,1825,233,3870,1045,0.7,0.7,0.0,0.01,0.01,0.49,0.0,0.04,0.04,1.92,6.6,289,115,2.6,265,92,0.0,411,174,0.9,323,119,,,,3,,Matteo,Ruggeri,Ruggeri,,,23,0,0,0,0,0,0,0,0,0,0,0,3,,,,0.0,0.0,0.0,0.0,11.74,2,1,2
531,a,,,4.5,512,44,0,0,0,0,0.1,448,50,0,0,0.0,490,62,0,0,0.0,490,62,0.0,0.0,0,819,205,2416,611,0.0,0.0,0.0,0.0,0.0,0.0,0.0,0.0,0.0,0.0,0.0,466,62,0.0,466,48,0.0,423,47,0.0,472,62,,,,3,,Melker,Ellborg,Ellborg,,,0,0,0,0,0,0,0,0,0,0,0,0,0,,,,0.0,0.0,0.0,0.0,0.0,0,0,0
557,a,,,6.4,45,30,-1,1,-1,1,16.2,25,10,11,5,3.7,101,46,1,62,3.7,93,44,0.6,1.7,0,396566,68495,1086716,337692,3.7,3.7,0.19,0.35,0.54,0.55,0.08,0.15,0.23,0.24,47.6,124,45,101.6,13,13,38.0,78,47,18.8,33,25,3.0,,,3,,Christos,Tzolis,Tzolis,,,210,0,2,1,1,0,0,0,2,0,0,3,17,,,,0.0,0.43,0.43,1.29,7.29,2,5,10
48,i,0.0,0.0,5.0,290,174,0,0,0,0,0.0,579,239,0,0,0.0,574,238,0,0,0.0,574,238,0.0,0.0,0,392,95,1339,240,0.0,0.0,0.0,0.0,0.0,0.0,0.0,0.0,0.0,0.0,0.0,558,230,0.0,562,236,0.0,539,218,0.0,565,233,,,,3,,Amadou,Onana,Onana,Knee injury - Unknown return date,,0,0,0,0,0,0,0,0,0,0,0,0,0,,,,0.0,0.0,0.0,0.0,0.0,0,0,0
49,u,0.0,0.0,5.0,299,178,0,0,0,0,0.0,648,286,0,0,0.0,578,240,0,0,0.0,578,240,0.0,0.0,0,0,0,204,21,0.0,0.0,0.0,0.0,0.0,0.0,0.0,0.0,0.0,0.0,0.0,562,232,0.0,567,238,0.0,544,220,0.0,569,235,,,,3,,Samuel,Iling-Junior,Iling Jr,Has joined Bolton Wanderers on loan for the rest of the season,,0,0,0,0,0,0,0,0,0,0,0,0,0,,,,0.0,0.0,0.0,0.0,0.0,0,0,0
61,a,,,5.5,164,22,0,0,0,0,3.4,93,35,5,0,1.7,238,86,2,24,1.7,214,77,0.3,0.9,0,42345,9865,107271,39366,1.7,1.7,0.01,0.13,0.14,4.8,0.0,0.04,0.04,1.6,53.4,105,48,40.7,90,23,6.0,231,82,10.1,125,48,,,,3,,Adrien,Truffert,Truffert,,,270,0,0,0,5,0,0,0,1,0,0,3,22,,,,0.0,0.0,1.67,1.0,7.33,7,15,18
22,u,0.0,0.0,5.4,223,141,0,0,-1,1,0.0,614,261,0,0,0.0,619,265,0,0,0.0,619,265,0.0,0.0,0,233,0,1058,307,0.0,0.0,0.0,0.0,0.0,0.0,0.0,0.0,0.0,0.0,0.0,607,260,0.0,612,264,0.0,598,255,0.0,613,262,,,,3,,Ethan,Nwaneri,Nwaneri,Has joined Borussia Dortmund on loan for the rest of the season,,0,0,0,0,0,0,0,0,0,0,0,0,0,,,,0.0,0.0,0.0,0.0,0.0,0,0,0
23,u,0.0,0.0,5.5,149,89,0,0,0,0,0.0,617,263,0,0,0.0,628,271,0,0,0.0,628,271,0.0,0.0,0,255,0,773,247,0.0,0.0,0.0,0.0,0.0,0.0,0.0,0.0,0.0,0.0,0.0,619,268,0.0,625,270,0.0,616,264,0.0,625,270,,,,3,,Fábio,Ferreira Vieira,Fábio Vieira,Has joined Hamburger SV permanently,,0,0,0,0,0,0,0,0,0,0,0,0,0,,,,0.0,0.0,0.0,0.0,0.0,0,0,0
24,u,0.0,0.0,5.5,132,80,0,0,0,0,0.0,629,272,0,0,0.0,624,267,0,0,0.0,624,267,0.0,0.0,0,68,0,573,98,0.0,0.0,0.0,0.0,0.0,0.0,0.0,0.0,0.0,0.0,0.0,615,264,0.0,620,266,0.0,610,259,0.0,621,266,,,,3,,Reiss,Nelson,Nelson,has departed the club as a free agent.,,0,0,0,0,0,0,0,0,0,0,0,0,0,,,,0.0,0.0,0.0,0.0,0.0,0,0,0
29,a,,,4.5,427,24,0,0,0,0,0.1,379,43,1,0,1.0,279,22,0,1,0.3,342,22,0.1,0.2,0,4044,893,4665,1409,0.3,0.3,0.0,0.0,0.0,3.77,0.0,0.0,0.0,3.77,28.2,192,21,0.0,422,30,0.0,369,27,2.8,270,21,,,,3,,Marco,Bizot,M.Bizot,,,90,0,0,0,4,0,0,0,0,0,3,1,0,,,,3.0,0.0,4.0,1.0,0.0,0,2,6
63,i,0.0,0.0,5.0,352,63,0,0,0,0,0.0,612,207,0,0,0.0,601,210,0,0,0.0,601,210,0.0,0.0,0,222,60,685,147,0.0,0.0,0.0,0.0,0.0,0.0,0.0,0.0,0.0,0.0,0.0,586,209,0.0,593,209,0.0,575,207,0.0,593,209,,,,3,,Veljko,Milosavljevic,Milosavljević,Thigh injury - Unknown return date,,0,0,0,0,0,0,0,0,0,0,0,0,0,,,,0.0,0.0,0.0,0.0,0.0,0,0,0
64,a,,,4.5,425,81,0,0,0,0,0.1,381,143,2,0,0.7,373,130,0,12,0.7,289,104,0.2,0.4,0,5694,1219,4587,1478,0.7,0.7,0.01,0.06,0.07,4.8,0.0,0.02,0.02,1.6,32.2,182,82,41.6,84,21,4.0,238,86,7.8,162,64,,,,3,,Adam,Smith,Smith,,,270,0,0,0,5,0,0,0,2,0,0,3,15,,,,0.0,0.0,1.67,1.0,5.0,4,11,9
13,a,,,7.4,18,11,-1,1,-1,1,13.1,31,12,13,5,4.3,76,35,0,51,4.3,71,34,0.6,1.8,0,80160,22888,535376,128763,4.3,4.3,0.1,0.26,0.36,0.78,0.04,0.1,0.14,0.29,64.6,65,20,53.9,52,43,4.0,252,120,12.3,85,53,1.0,1.0,,3,,Declan,Rice,Rice,,,241,0,1,2,1,0,0,0,0,0,0,3,24,,,,0.0,0.75,0.37,1.12,8.96,3,10,11
14,a,,,6.3,54,38,-1,1,-2,2,1.2,170,53,2,0,1.0,364,169,0,10,0.7,328,151,0.1,0.3,0,17511,3524,111106,26042,0.7,0.7,0.04,0.07,0.11,0.39,0.06,0.11,0.17,0.59,1.6,344,158,3.8,249,132,3.0,261,127,0.7,335,153,,3.0,,3,,Eberechi,Eze,Eze,,,59,0,0,0,0,0,0,0,0,0,0,0,5,,,,0.0,0.0,0.0,0.0,7.63,0,0,5
15,a,,,6.7,32,21,1,-1,2,-2,17.3,21,7,24,10,8.0,9,6,6,101,8.0,8,5,1.2,3.6,0,1053390,644178,305622,96160,8.0,8.0,1.01,1.05,2.06,0.66,0.41,0.43,0.84,0.27,102.4,11,7,102.5,12,12,66.0,37,22,27.1,11,9,,4.0,3.0,3,,Martin,Ødegaard,Ødegaard,,,221,2,0,2,1,0,0,0,0,0,0,3,16,,,,0.0,0.81,0.41,1.22,6.52,5,3,8
16,a,,,6.3,55,39,0,0,-2,2,0.2,325,116,2,1,1.0,365,170,0,11,0.7,329,152,0.1,0.3,0,4026,1338,20224,3920,0.7,0.7,0.0,0.05,0.05,0.15,0.0,0.2,0.2,0.59,11.6,259,107,43.9,77,55,0.0,647,287,5.6,216,99,5.0,,,3,,Noni,Madueke,Madueke,,,23,0,0,0,0,0,0,0,0,0,0,0,3,,,,0.0,0.0,0.0,0.0,11.74,1,0,2
57,a,,,4.5,489,39,0,0,0,0,3.3,94,16,6,1,2.0,196,17,0,33,2.0,175,16,0.4,1.3,0,94446,23086,79906,30901,2.0,2.0,0.0,0.0,0.0,4.8,0.0,0.0,0.0,1.6,74.0,43,7,0.0,452,45,0.0,404,42,7.4,172,7,,,,3,,Đorđe,Petrović,Petrović,,,270,0,0,0,5,0,0,0,0,0,9,3,0,,,,3.0,0.0,1.67,1.0,0.0,0,6,21
65,i,0.0,0.0,4.4,570,154,-1,1,-1,1,0.0,595,202,0,0,0.0,448,174,0,0,0.0,448,174,0.0,0.0,0,271,87,1078,206,0.0,0.0,0.0,0.0,0.0,0.0,0.0,0.0,0.0,0.0,0.0,423,170,0.0,418,170,0.0,364,156,0.0,429,168,,,,3,,Julián,Araujo Zúñiga,J.Araujo,Thigh injury - Unknown return date,,0,0,0,0,0,0,0,0,0,0,0,0,0,,,,0.0,0.0,0.0,0.0,0.0,0,0,0
66,a,100.0,100.0,4.0,645,205,0,0,0,0,0.3,303,113,0,0,0.0,434,162,0,0,0.0,434,162,0.0,0.0,0,10060,3598,7178,2396,0.0,0.0,0.0,0.0,0.0,0.0,0.0,0.0,0.0,0.0,0.0,409,158,0.0,404,158,0.0,348,142,0.0,415,156,,,,3,,Julio,Soler Barreto,Soler,,,0,0,0,0,0,0,0,0,0,0,0,0,0,,,,0.0,0.0,0.0,0.0,0.0,0,0,0
67,a,,,6.4,47,31,-1,1,-1,1,1.9,127,41,6,2,2.0,222,98,0,21,2.0,195,90,0.3,0.9,0,42279,6891,117985,35782,2.0,2.0,0.48,0.06,0.54,4.56,0.16,0.02,0.18,1.54,16.4,238,97,15.7,186,105,71.0,26,15,10.4,123,60,,,,3,,Rayan Vitor,Simplício Rocha,Rayan,,,266,0,0,0,4,0,0,0,0,0,0,3,8,,,,0.0,0.0,1.35,1.02,2.71,2,3,3
20,a,,,5.3,237,149,-1,1,-2,2,0.1,472,187,0,0,0.0,609,257,0,0,0.0,609,257,0.0,0.0,0,1650,569,5536,1209,0.0,0.0,0.0,0.0,0.0,0.0,0.0,0.0,0.0,0.0,0.0,594,250,0.0,601,256,0.0,583,243,0.0,601,253,,,,3,,Max,Dowman,Dowman,,,0,0,0,0,0,0,0,0,0,0,0,0,0,,,,0.0,0.0,0.0,0.0,0.0,0,0,0
38,a,,,4.0,651,210,0,0,0,0,1.7,140,57,0,0,0.0,439,166,0,0,0.0,439,166,0.0,0.0,0,34559,11049,45658,15058,0.0,0.0,0.0,0.0,0.0,0.0,0.0,0.0,0.0,0.0,0.0,414,162,0.0,409,162,0.0,354,147,0.0,420,160,,,,3,,Andrés,García,A.García,,,0,0,0,0,0,0,0,0,0,0,0,0,0,,,,0.0,0.0,0.0,0.0,0.0,0,0,0
68,a,,,6.0,64,44,0,0,0,0,3.6,90,30,21,10,7.0,22,9,6,95,7.0,21,8,1.2,3.5,0,259313,143843,104564,42285,7.0,7.0,1.5,0.34,1.84,4.75,0.5,0.11,0.61,1.6,101.6,12,8,68.7,37,32,106.0,7,4,27.6,10,8,1.0,1.0,3.0,3,,Marcus,Tavernier,Tavernier,,,268,2,0,0,5,0,0,0,1,0,0,3,28,,,,0.0,0.0,1.68,1.01,9.4,7,3,18
69,a,,,6.1,59,42,1,-1,1,-1,5.6,68,21,24,10,8.0,8,5,5,93,8.0,7,4,1.3,3.9,0,392571,327166,79537,48880,8.0,8.0,0.33,0.3,0.63,4.67,0.11,0.1,0.21,1.58,72.4,50,18,59.8,43,37,33.0,90,50,16.5,48,35,2.0,4.0,,3,,Alex,Scott,Scott,,,266,1,2,1,4,0,0,0,1,0,0,3,37,,,,0.0,0.34,1.35,1.02,12.52,7,9,21
70,a,,,6.0,67,46,0,0,0,0,1.0,187,59,7,1,2.3,184,81,0,33,2.3,167,75,0.4,1.2,0,34137,6986,50616,17504,2.3,2.3,0.78,0.06,0.84,4.09,0.31,0.02,0.33,1.61,22.2,211,85,43.2,80,57,77.0,19,11,13.9,69,45,3.0,2.0,2.0,3,,Justin,Kluivert,Kluivert,,,229,0,0,2,1,0,0,0,1,0,0,3,18,,,,0.0,0.79,0.39,1.18,7.07,4,1,13
71,a,,,5.0,250,155,0,0,0,0,0.2,334,119,7,1,2.3,175,74,0,23,2.3,157,68,0.5,1.4,0,11751,1892,8518,2968,2.3,2.3,0.0,0.01,0.01,3.84,0.0,0.01,0.01,2.2,8.4,276,116,15.2,188,106,0.0,516,208,2.4,280,122,,,,3,,Lewis,Cook,Cook,,,157,0,0,2,1,0,0,0,0,0,0,2,10,,,,0.0,1.15,0.57,1.15,5.73,1,4,5
72,a,,,4.9,399,239,-1,1,-1,1,0.1,477,189,2,1,1.0,299,125,0,6,0.7,299,134,0.1,0.4,0,1104,355,3297,915,0.7,0.7,0.02,0.0,0.02,0.24,0.9,0.0,0.9,10.8,2.2,339,155,0.6,321,158,7.0,211,105,1.0,319,144,,,,3,,Ben,Gannon-Doak,Gannon-Doak,,,2,0,0,0,1,0,0,0,0,0,0,0,3,,,,0.0,0.0,45.0,0.0,135.0,1,0,2
73,a,100.0,100.0,5.0,260,161,0,0,0,0,0.3,307,106,6,4,2.0,203,87,0,23,2.0,180,79,0.4,1.2,0,13544,4924,10686,3140,2.0,2.0,0.0,0.01,0.01,0.95,0.0,0.01,0.01,0.77,17.4,232,94,13.4,199,109,0.0,522,211,3.1,262,114,,,,3,,Tyler,Adams,Adams,,,111,0,0,0,4,0,0,0,0,0,0,1,18,,,,0.0,0.0,3.24,0.81,14.59,3,4,11
74,a,100.0,100.0,5.0,244,152,0,0,0,0,0.1,484,192,2,1,1.0,310,134,0,5,0.7,305,138,0.1,0.4,0,2553,655,2433,734,0.7,0.7,0.0,0.01,0.01,0.39,0.0,0.04,0.04,1.53,0.0,541,221,1.6,290,148,0.0,511,205,0.1,364,170,4.0,3.0,,3,,David,Brooks,Brooks,,,23,0,0,0,2,0,0,0,0,0,0,0,0,,,,0.0,0.0,7.83,0.0,0.0,0,0,0
75,a,100.0,100.0,5.0,251,156,0,0,0,0,0.0,532,216,2,1,1.0,312,135,0,8,0.7,307,139,0.1,0.4,0,2521,923,1195,483,0.7,0.7,0.0,0.0,0.0,0.13,0.0,0.0,0.0,2.92,2.8,334,151,0.3,339,167,0.0,517,209,0.3,351,161,,,,3,,Ryan,Christie,Christie,,,4,0,0,0,1,0,0,0,0,0,0,0,2,,,,0.0,0.0,22.5,0.0,45.0,1,0,1
76,a,,,5.0,351,212,0,0,0,0,0.0,584,244,1,0,1.0,326,145,0,5,0.3,367,171,0.1,0.2,0,285,62,555,178,0.3,0.3,0.0,0.0,0.0,0.31,0.0,0.0,0.0,1.86,2.8,335,152,0.6,324,160,0.0,574,240,0.3,354,164,,,,3,,Alex,Tóth,Tóth.A,,,15,0,0,0,2,0,0,0,0,0,0,0,2,,,,0.0,0.0,12.0,0.0,12.0,1,0,1
77,i,0.0,0.0,4.9,398,238,0,0,-1,1,0.0,582,242,0,0,0.0,551,224,0,0,0.0,551,224,0.0,0.0,0,234,44,1889,286,0.0,0.0,0.0,0.0,0.0,0.0,0.0,0.0,0.0,0.0,0.0,530,212,0.0,531,220,0.0,493,191,0.0,538,217,,,,3,,Amine,Adli,Adli,Calf injury - Unknown return date,,0,0,0,0,0,0,0,0,0,0,0,0,0,,,,0.0,0.0,0.0,0.0,0.0,0,0,0
79,a,,,6.0,72,16,0,0,0,0,3.2,97,14,11,2,3.7,100,12,0,32,3.7,92,9,0.6,1.8,0,182561,40365,100705,38227,3.7,3.7,0.71,0.26,0.97,4.32,0.26,0.1,0.36,1.59,37.6,156,10,39.2,94,7,45.0,67,16,12.1,87,13,,,,3,,Francisco Evanilson,de Lima Barbosa,Evanilson,,,244,0,2,2,2,0,0,0,1,0,0,3,18,,,,0.0,0.74,0.74,1.11,6.64,1,9,8
80,u,0.0,0.0,5.5,126,32,0,0,0,0,0.0,578,75,0,0,0.0,622,73,0,0,0.0,622,73,0.0,0.0,0,0,0,1795,203,0.0,0.0,0.0,0.0,0.0,0.0,0.0,0.0,0.0,0.0,0.0,613,67,0.0,618,72,0.0,607,69,0.0,619,71,,,,3,,Enes,Ünal,Enes Ünal,Has joined Getafe permanently,,0,0,0,0,0,0,0,0,0,0,0,0,0,,,,0.0,0.0,0.0,0.0,0.0,0,0,0
81,a,100.0,100.0,6.0,79,19,0,0,0,0,0.1,403,58,1,0,1.0,361,44,0,4,0.3,383,46,0.0,0.2,0,3642,1121,4588,1487,0.3,0.3,0.0,0.0,0.0,0.16,0.0,0.0,0.0,1.6,0.0,643,74,0.0,645,76,0.0,643,75,0.0,644,75,,,,3,,Álvaro,Rodríguez,Rodríguez,,,9,0,0,0,1,0,0,0,0,0,0,0,1,,,,0.0,0.0,10.0,0.0,10.0,0,0,1
566,a,,,5.0,304,54,0,0,0,0,0.4,269,98,7,1,2.3,177,70,0,24,2.3,160,65,0.5,1.4,0,21364,4277,13836,4972,2.3,2.3,0.27,0.04,0.31,4.8,0.09,0.01,0.1,1.6,73.8,44,17,3.3,256,87,30.0,96,22,10.7,113,40,,,,3,,António João,Pereira de Albuquerque Tavares da Silva,Silva,,,270,0,0,0,5,0,0,0,1,0,0,3,31,,,,0.0,0.0,1.67,1.0,10.33,3,28,7
573,a,,,4.5,505,127,0,0,0,0,0.2,348,131,0,0,0.0,484,185,0,0,0.0,484,185,0.0,0.0,0,1061,240,5129,1375,0.0,0.0,0.0,0.0,0.0,0.0,0.0,0.0,0.0,0.0,0.0,460,182,0.0,460,182,0.0,417,175,0.0,466,180,,,,3,,Juanlu,Sánchez,Sanchez,,,0,0,0,0,0,0,0,0,0,0,0,0,0,,,,0.0,0.0,0.0,0.0,0.0,0,0,0
608,a,,,5.0,331,60,0,0,0,0,0.1,418,60,2,1,1.0,322,34,0,10,0.7,310,35,0.1,0.4,0,9934,2947,4058,1639,0.7,0.7,0.1,0.0,0.1,0.36,0.56,0.0,0.56,2.02,3.4,324,32,0.8,313,37,17.0,137,26,2.1,290,33,,,,3,,Daniel,Jebbison,Jebbison,,,16,0,0,0,2,0,0,0,0,0,0,0,1,,,,0.0,0.0,11.25,0.0,5.62,0,0,1
615,a,,,4.5,467,35,0,0,0,0,0.0,529,59,0,0,0.0,467,58,0,0,0.0,467,58,0.0,0.0,0,2318,673,944,462,0.0,0.0,0.0,0.0,0.0,0.0,0.0,0.0,0.0,0.0,0.0,443,58,0.0,440,41,0.0,390,38,0.0,449,58,,,,3,,Michele,Di Gregorio,Di Gregorio,,,0,0,0,0,0,0,0,0,0,0,0,0,0,,,,0.0,0.0,0.0,0.0,0.0,0,0,0
82,a,,,5.0,259,9,0,0,0,0,6.6,60,9,11,2,3.7,94,5,0,51,3.7,86,5,0.7,2.2,0,217666,29529,127702,48833,3.7,3.7,0.0,0.01,0.01,3.74,0.0,0.0,0.0,1.25,57.6,86,13,0.0,549,60,0.0,521,60,5.7,213,13,,,,3,,Caoimhín,Kelleher,Kelleher,,,270,0,0,1,2,0,0,0,0,0,7,3,0,,,,2.33,0.33,0.67,1.0,0.0,0,4,15
83,a,,,4.5,509,43,0,0,0,0,0.1,419,48,0,0,0.0,488,61,0,0,0.0,488,61,0.0,0.0,0,2145,528,3174,877,0.0,0.0,0.0,0.0,0.0,0.0,0.0,0.0,0.0,0.0,0.0,464,61,0.0,464,47,0.0,421,46,0.0,470,61,,,,3,,Hákon Rafn,Valdimarsson,Valdimarsson,,,0,0,0,0,0,0,0,0,0,0,0,0,0,,,,0.0,0.0,0.0,0.0,0.0,0,0,0
84,i,0.0,,5.5,147,18,0,0,0,0,1.5,148,62,10,1,3.3,115,45,0,39,3.3,104,39,0.6,1.8,0,58485,1221,94522,64565,0.0,3.3,0.51,0.05,0.56,2.13,0.23,0.02,0.25,0.98,40.6,147,67,22.4,153,49,51.0,56,9,11.4,98,29,,,,3,,Nathan,Collins,Collins,Calf injury - Unknown return date,,196,0,0,1,1,0,0,0,1,0,0,3,17,,,,0.0,0.46,0.46,1.38,7.81,2,15,11
85,i,0.0,0.0,4.9,391,72,0,0,-1,1,0.1,468,166,0,0,0.0,547,200,0,0,0.0,547,200,0.0,0.0,0,329,63,7730,1144,0.0,0.0,0.0,0.0,0.0,0.0,0.0,0.0,0.0,0.0,0.0,526,198,0.0,527,198,0.0,489,193,0.0,534,197,,,,3,,Sepp,van den Berg,Van den Berg,Groin injury - Unknown return date,,0,0,0,0,0,0,0,0,0,0,0,0,0,,,,0.0,0.0,0.0,0.0,0.0,0,0,0
86,a,,,5.5,144,87,0,0,0,0,2.1,123,39,18,2,6.0,39,17,3,70,6.0,34,15,1.1,3.3,0,176499,22748,60119,27076,6.0,6.0,1.03,0.65,1.68,3.74,0.35,0.22,0.57,1.26,93.8,24,12,92.6,17,16,43.0,70,42,22.9,20,16,,1.0,,3,,Keane,Lewis-Potter,Lewis-Potter,,,267,1,1,1,2,0,0,0,0,0,0,3,27,,,,0.0,0.34,0.67,1.01,9.1,4,11,12
87,a,,,4.5,451,93,0,0,0,0,4.6,74,30,13,2,4.3,66,27,0,44,4.3,60,24,1.0,2.9,0,288390,43959,160436,84604,4.3,4.3,0.11,0.03,0.14,3.74,0.04,0.01,0.05,1.25,69.6,56,25,22.2,157,51,37.0,80,15,12.9,79,20,,,,3,,Kristoffer,Ajer,Ajer,,,270,0,0,1,2,0,0,0,1,0,0,3,32,,,,0.0,0.33,0.67,1.0,10.67,2,30,7
88,a,,,4.6,424,80,0,0,1,-1,8.8,47,18,16,1,5.3,46,20,1,47,5.3,41,18,1.2,3.5,0,555845,43529,195654,94884,5.3,5.3,0.55,0.21,0.76,2.28,0.24,0.09,0.33,0.99,55.8,95,43,17.8,177,55,56.0,48,6,12.9,80,21,,,,3,,Michael,Kayode,Kayode,,,207,1,0,1,1,0,0,0,0,0,0,3,13,,,,0.0,0.43,0.43,1.3,5.65,1,12,11
90,a,,,4.5,495,124,0,0,0,0,0.1,463,164,3,1,1.0,288,114,0,8,1.0,253,95,0.2,0.7,0,1548,272,2058,626,1.0,1.0,0.0,0.02,0.02,1.46,0.0,0.03,0.03,2.15,11.6,258,107,5.4,237,81,0.0,408,173,1.7,302,112,,,,3,,Aaron,Hickey,Hickey,,,61,0,0,0,1,0,0,0,0,0,0,0,6,,,,0.0,0.0,1.48,0.0,8.85,2,4,4
93,a,,,4.5,511,130,0,0,0,0,0.1,372,142,4,4,4.0,79,32,0,11,1.3,220,82,0.3,0.9,0,862,554,3261,583,1.3,1.3,0.1,0.01,0.11,1.61,0.12,0.01,0.13,1.98,17.2,234,98,0.2,346,129,4.0,242,90,2.1,287,107,,,,3,,Jannik,Schuster,Schuster,,,73,0,0,0,1,0,0,0,0,0,0,0,10,,,,0.0,0.0,1.23,0.0,12.33,0,10,0
94,a,,,6.0,75,51,0,0,0,0,3.7,89,29,15,2,5.0,56,25,3,62,5.0,51,24,0.8,2.5,0,188424,23138,144397,71102,5.0,5.0,0.77,0.2,0.97,3.74,0.26,0.07,0.33,1.26,64.0,66,21,36.2,105,67,101.0,12,6,20.1,27,20,,,2.0,3,,Kevin,Schade,Schade,,,267,1,0,1,2,0,0,0,0,0,0,3,23,,,,0.0,0.34,0.67,1.01,7.75,5,4,14
95,a,,,6.4,48,32,-1,1,-1,1,0.6,231,76,5,1,1.7,239,106,0,28,1.7,215,98,0.3,0.8,0,13094,1139,59329,18796,1.7,1.7,0.07,0.38,0.45,2.18,0.04,0.24,0.28,1.4,23.2,206,83,57.6,46,39,17.0,139,71,9.8,127,62,4.0,,,3,,Dango,Ouattara,O.Dango,,,140,0,0,1,1,0,0,0,0,0,0,2,24,,,,0.0,0.64,0.64,1.29,15.43,2,8,14
96,a,,,5.5,150,90,0,0,0,0,0.5,255,84,12,8,4.0,84,38,3,56,4.0,79,36,0.7,2.2,0,10943,4692,19163,3952,4.0,4.0,0.03,0.45,0.48,1.86,0.02,0.24,0.26,1.0,34.2,170,65,87.2,19,17,31.0,95,52,15.3,56,38,2.0,3.0,,3,,Mikkel,Damsgaard,Damsgaard,,,167,0,1,1,1,0,0,0,0,0,0,2,17,,,,0.0,0.54,0.54,1.08,9.16,3,3,11
97,i,0.0,0.0,5.4,194,121,-1,1,-1,1,0.1,396,146,6,0,6.0,36,15,0,22,2.0,189,87,0.4,1.1,0,4460,33,11955,3709,0.0,0.0,0.08,0.34,0.42,0.47,0.11,0.46,0.57,0.64,12.6,254,105,46.2,69,52,13.0,172,85,7.2,179,82,1.0,2.0,3.0,3,,Mathias,Jensen,Jensen,Unspecified injury - Expected back 18 Sep,,66,0,1,1,0,0,0,0,0,0,0,1,5,,,,0.0,1.36,0.0,1.36,6.82,2,0,3
98,a,,,5.0,262,163,0,0,0,0,2.2,121,38,21,11,7.0,20,8,3,76,7.0,19,7,1.4,4.2,0,206404,143040,48367,30492,7.0,7.0,0.5,0.32,0.82,3.74,0.17,0.11,0.28,1.25,117.6,4,3,77.3,26,23,45.0,66,40,24.0,16,12,3.0,,,3,,Vitaly,Janelt,Janelt,,,270,2,0,1,2,0,0,0,3,0,0,3,35,,,,0.0,0.33,0.67,1.0,11.67,11,14,10
99,i,0.0,0.0,5.0,337,202,0,0,0,0,0.0,647,285,0,0,0.0,596,251,0,0,0.0,596,251,0.0,0.0,0,85,23,117,30,0.0,0.0,0.0,0.0,0.0,0.0,0.0,0.0,0.0,0.0,0.0,581,244,0.0,588,250,0.0,567,234,0.0,588,247,,,,3,,Antoni,Milambo,Milambo,Knee injury - Unknown return date,,0,0,0,0,0,0,0,0,0,0,0,0,0,,,,0.0,0.0,0.0,0.0,0.0,0,0,0
100,a,100.0,100.0,5.0,283,172,0,0,0,0,0.0,564,234,0,0,0.0,573,237,0,0,0.0,573,237,0.0,0.0,0,999,301,902,298,0.0,0.0,0.0,0.0,0.0,0.0,0.0,0.0,0.0,0.0,0.0,557,229,0.0,559,235,0.0,534,216,0.0,564,232,,,,3,,Fábio,Freitas Gouveia Carvalho,Carvalho,,,0,0,0,0,0,0,0,0,0,0,0,0,0,,,,0.0,0.0,0.0,0.0,0.0,0,0,0
102,a,,,4.9,403,242,0,0,-1,1,0.8,214,66,2,0,0.7,375,176,0,12,0.7,300,135,0.1,0.4,0,2468,647,46175,13690,0.7,0.7,0.07,0.03,0.1,2.78,0.07,0.03,0.1,2.81,7.6,282,120,16.7,182,103,9.0,199,98,3.4,256,111,,,,3,,Yehor,Yarmoliuk,Yarmoliuk,,,89,0,0,0,2,0,0,0,1,0,0,0,11,,,,0.0,0.0,2.02,0.0,11.12,3,2,6
103,i,0.0,0.0,4.9,370,221,-1,1,-1,1,0.0,580,240,0,0,0.0,538,214,0,0,0.0,538,214,0.0,0.0,0,377,33,1468,566,0.0,0.0,0.0,0.0,0.0,0.0,0.0,0.0,0.0,0.0,0.0,516,202,0.0,515,209,0.0,475,179,0.0,522,206,,,,3,,Josh,Dasilva,Dasilva,Hamstring injury - Expected back 10 Oct,,0,0,0,0,0,0,0,0,0,0,0,0,0,,,,0.0,0.0,0.0,0.0,0.0,0,0,0
62,a,,,5.0,282,46,0,0,0,0,0.2,356,134,0,0,0.0,572,205,0,0,0.0,572,205,0.0,0.0,0,5553,1121,8561,2377,0.0,0.0,0.0,0.0,0.0,0.0,0.0,0.0,0.0,0.0,0.0,556,204,0.0,558,204,0.0,533,201,0.0,563,204,,,,3,,Bafodé,Diakité,Diakité,,,0,0,0,0,0,0,0,0,0,0,0,0,0,,,,0.0,0.0,0.0,0.0,0.0,0,0,0
92,a,,,4.5,528,135,0,0,0,0,0.0,576,197,0,0,0.0,504,191,0,0,0.0,504,191,0.0,0.0,0,356,93,686,204,0.0,0.0,0.0,0.0,0.0,0.0,0.0,0.0,0.0,0.0,0.0,481,188,0.0,480,188,0.0,438,181,0.0,487,186,,,,3,,Kim,Ji-soo,Ji-soo,,,0,0,0,0,0,0,0,0,0,0,0,0,0,,,,0.0,0.0,0.0,0.0,0.0,0,0,0
105,a,,,6.0,73,49,0,0,0,0,0.1,375,136,4,1,1.3,260,117,0,16,1.3,237,107,0.2,0.7,0,4229,627,7922,2180,1.3,1.3,0.19,0.42,0.61,1.55,0.13,0.3,0.43,1.09,13.8,247,101,63.0,38,33,19.0,126,64,9.5,136,67,,,,3,,Jaidon,Anthony,Anthony,,,128,0,0,1,1,0,0,0,1,0,0,1,13,,,,0.0,0.7,0.7,0.7,9.14,2,0,11
106,a,,,7.9,12,3,-1,1,-1,1,11.1,41,6,4,2,1.3,262,32,0,8,1.3,243,28,0.2,0.5,0,183738,19908,721152,267197,1.3,1.3,2.3,0.1,2.4,3.67,0.79,0.03,0.82,1.26,20.6,221,17,11.6,214,25,106.0,8,4,13.8,71,9,,,1.0,3,,Igor Thiago,Nascimento Rodrigues,Thiago,,,262,0,0,1,2,0,0,1,0,0,0,3,15,,,,0.0,0.34,0.69,1.03,5.15,2,4,9
565,a,,,5.7,118,77,0,0,2,-2,13.1,30,11,18,0,6.0,40,18,3,57,6.0,35,16,1.1,3.2,0,1178620,95390,416749,263337,6.0,6.0,0.41,0.37,0.78,2.28,0.18,0.16,0.34,0.98,56.0,94,35,48.4,65,49,40.0,71,43,14.1,67,43,,,,3,,Mamadou,Sangaré,M.Sangaré,,,210,0,2,1,1,0,0,0,1,0,0,3,32,,,,0.0,0.43,0.43,1.29,13.71,7,10,15
109,a,,,4.5,500,42,0,0,0,0,22.3,14,2,9,3,3.0,125,11,0,41,3.0,113,11,0.7,2.0,0,557458,201754,361358,158980,3.0,3.0,0.0,0.2,0.2,5.71,0.0,0.07,0.07,1.9,46.0,130,16,3.0,259,3,0.0,412,45,4.9,228,15,,,,3,,Bart,Verbruggen,Verbruggen,,,270,0,0,1,5,0,0,0,0,0,4,3,0,,,,1.33,0.33,1.67,1.0,0.0,0,0,23
111,a,,,4.0,582,51,0,0,0,0,4.3,79,12,0,0,0.0,389,25,0,0,0.0,389,25,0.0,0.0,0,113158,40351,76636,28333,0.0,0.0,0.0,0.0,0.0,0.0,0.0,0.0,0.0,0.0,0.0,364,25,0.0,357,6,0.0,297,3,0.0,369,25,,,,3,,Jason,Steele,Steele,,,0,0,0,0,0,0,0,0,0,0,0,0,0,,,,0.0,0.0,0.0,0.0,0.0,0,0,0
113,a,100.0,100.0,4.4,568,152,0,0,-1,1,1.8,135,56,2,2,1.0,274,103,0,4,0.7,287,102,0.2,0.5,0,20656,5352,104881,20844,0.7,0.7,0.08,0.02,0.1,5.33,0.04,0.01,0.05,2.87,15.4,241,100,29.2,132,40,27.0,103,26,7.2,178,69,3.0,,,3,,Ferdi,Kadıoğlu,F.Kadıoğlu,,,167,0,0,0,5,0,0,0,0,0,0,2,5,,,,0.0,0.0,2.69,1.08,2.69,1,4,4
114,a,,,4.5,456,97,0,0,0,0,0.3,301,112,7,2,2.3,169,67,0,44,2.3,151,61,0.5,1.6,0,12338,1942,7984,2430,2.3,2.3,0.05,0.48,0.53,5.71,0.02,0.16,0.18,1.9,52.6,108,50,96.2,15,1,17.0,134,42,16.6,44,7,,,,3,,Olivier,Boscagli,Boscagli,,,270,0,0,1,5,0,0,0,1,0,0,3,13,,,,0.0,0.33,1.67,1.0,4.33,1,12,10
115,a,,,4.8,422,79,1,-1,3,-3,21.8,15,3,21,4,7.0,19,9,2,61,7.0,18,9,1.5,4.4,0,1869468,502629,236843,105875,7.0,7.0,1.5,0.4,1.9,5.62,0.56,0.15,0.71,2.08,69.0,58,27,91.1,18,2,50.0,58,10,21.1,23,1,2.0,4.0,,3,,Maxim,De Cuyper,De Cuyper,,,243,1,2,1,5,0,0,0,1,0,0,3,8,,,,0.0,0.37,1.85,1.11,2.96,4,4,10
116,a,,,4.5,430,82,0,0,0,0,1.4,159,65,10,5,3.3,106,41,1,40,3.3,95,35,0.7,2.2,0,49458,15789,27485,8417,3.3,3.3,0.0,0.06,0.06,5.71,0.0,0.02,0.02,1.9,59.0,81,41,10.3,224,76,4.0,239,87,7.4,171,68,,3.0,,3,,Lewis,Dunk,Dunk,,,270,0,0,1,5,0,0,0,1,0,0,3,17,,,,0.0,0.33,1.67,1.0,5.67,2,15,11
117,a,,,4.5,520,133,0,0,0,0,0.0,570,194,0,0,0.0,498,190,0,0,0.0,498,190,0.0,0.0,0,605,153,725,205,0.0,0.0,0.0,0.0,0.0,0.0,0.0,0.0,0.0,0.0,0.0,474,187,0.0,474,187,0.0,431,180,0.0,480,185,,,,3,,Diego,Coppola,Coppola,,,0,0,0,0,0,0,0,0,0,0,0,0,0,,,,0.0,0.0,0.0,0.0,0.0,0,0,0
118,u,0.0,0.0,4.5,463,102,0,0,0,0,0.0,498,176,0,0,0.0,466,177,0,0,0.0,466,177,0.0,0.0,0,915,0,4593,1823,0.0,0.0,0.0,0.0,0.0,0.0,0.0,0.0,0.0,0.0,0.0,442,174,0.0,439,174,0.0,389,162,0.0,448,172,,,,3,,Igor Julio,dos Santos de Paulo,Igor,Has joined Burnley permanently,,0,0,0,0,0,0,0,0,0,0,0,0,0,,,,0.0,0.0,0.0,0.0,0.0,0,0,0
119,a,,,4.5,488,121,0,0,0,0,0.0,525,182,2,1,0.7,374,131,0,13,0.7,294,108,0.2,0.4,0,858,173,970,272,0.7,0.7,0.12,0.16,0.28,0.24,0.22,0.3,0.52,0.45,14.0,246,102,16.7,181,57,18.0,127,38,4.8,232,88,,,,3,,João Pedro,Loureiro da Costa,Costinha,,,48,0,0,0,0,0,0,0,1,0,0,0,5,,,,0.0,0.0,0.0,0.0,9.38,1,4,0
120,a,,,5.0,292,50,0,0,0,0,0.1,486,173,0,0,0.0,575,206,0,0,0.0,575,206,0.0,0.0,0,2398,767,2482,811,0.0,0.0,0.0,0.0,0.0,0.0,0.0,0.0,0.0,0.0,0.0,559,205,0.0,563,205,0.0,540,203,0.0,566,205,,,,3,,Michael,Svoboda,Svoboda,,,0,0,0,0,0,0,0,0,0,0,0,0,0,,,,0.0,0.0,0.0,0.0,0.0,0,0,0
121,i,0.0,0.0,5.9,97,63,-1,1,-1,1,0.0,535,219,0,0,0.0,637,277,0,0,0.0,637,277,0.0,0.0,0,360,71,2613,425,0.0,0.0,0.0,0.0,0.0,0.0,0.0,0.0,0.0,0.0,0.0,634,278,0.0,636,278,0.0,633,276,0.0,636,278,,,,3,,Mitoma,Kaoru,Mitoma,Hamstring injury - Expected back 10 Oct,,0,0,0,0,0,0,0,0,0,0,0,0,0,,,,0.0,0.0,0.0,0.0,0.0,0,0,0
122,i,0.0,0.0,5.9,106,67,0,0,-1,1,0.0,520,211,0,0,0.0,641,280,0,0,0.0,641,280,0.0,0.0,0,258,31,6119,672,0.0,0.0,0.0,0.0,0.0,0.0,0.0,0.0,0.0,0.0,0.0,638,281,0.0,640,281,0.0,638,280,0.0,640,281,5.0,,,3,,Yankuba,Minteh,Minteh,Leg injury - Expected back 28 Nov,,0,0,0,0,0,0,0,0,0,0,0,0,0,,,,0.0,0.0,0.0,0.0,0.0,0,0,0
123,i,0.0,50.0,6.0,76,52,0,0,0,0,0.9,194,62,16,0,16.0,1,1,3,54,5.3,44,22,0.9,2.7,0,147465,1014,174297,37517,0.0,2.6,1.41,0.02,1.43,0.19,2.01,0.03,2.04,0.27,72.8,47,17,13.4,201,111,59.0,44,29,14.5,63,41,,,,3,,Jack,Hinshelwood,Hinshelwood,Ankle injury - Expected back 10 Oct,,63,2,0,1,0,0,0,0,0,0,0,1,3,,,,0.0,1.43,0.0,1.43,4.29,2,0,1
58,a,,,4.0,581,50,0,0,0,0,3.6,91,15,0,0,0.0,388,24,0,0,0.0,388,24,0.0,0.0,0,80995,33085,49347,17369,0.0,0.0,0.0,0.0,0.0,0.0,0.0,0.0,0.0,0.0,0.0,363,24,0.0,356,5,0.0,296,2,0.0,368,24,,,,3,,Fraser,Forster,Forster,,,0,0,0,0,0,0,0,0,0,0,0,0,0,,,,0.0,0.0,0.0,0.0,0.0,0,0,0
78,i,0.0,0.0,7.4,22,14,0,0,-1,1,0.2,341,123,0,0,0.0,654,291,0,0,0.0,654,291,0.0,0.0,0,885,177,24360,2992,0.0,0.0,0.0,0.0,0.0,0.0,0.0,0.0,0.0,0.0,0.0,655,292,0.0,655,292,0.0,655,292,0.0,655,292,,,1.0,3,,Junior,Kroupi,Kroupi.Jr,Foot injury - Expected back 7 Nov,,0,0,0,0,0,0,0,0,0,0,0,0,0,,,,0.0,0.0,0.0,0.0,0.0,0,0,0
89,a,,,4.5,452,94,0,0,0,0,0.2,337,126,1,0,1.0,281,108,0,3,0.3,344,125,0.1,0.2,0,1377,272,6045,1697,0.3,0.3,0.0,0.0,0.0,0.0,0.0,0.0,0.0,0.0,0.0,437,172,0.0,434,172,0.0,383,159,0.0,443,170,,,,3,,Rico,Henry,Henry,,,2,0,0,0,0,0,0,0,0,0,0,0,0,,,,0.0,0.0,0.0,0.0,0.0,0,0,0
124,a,,,5.6,119,78,1,-1,1,-1,16.3,24,9,16,1,5.3,47,22,3,63,5.3,42,20,0.9,2.9,0,709598,237104,378005,164928,5.3,5.3,0.84,0.42,1.26,5.71,0.28,0.14,0.42,1.9,68.8,59,19,106.6,9,9,50.0,61,36,22.2,21,17,1.0,1.0,1.0,3,,Pascal,Groß,Groß,,,270,1,1,1,5,0,0,0,2,0,0,3,15,,,,0.0,0.33,1.67,1.0,5.0,4,4,7
125,d,75.0,75.0,5.4,214,48,-1,1,-1,1,0.6,242,41,5,0,5.0,53,5,0,22,1.7,211,19,0.3,0.9,0,29381,948,57328,15845,1.3,1.3,0.08,0.44,0.52,0.29,0.08,0.44,0.52,0.29,19.8,222,18,11.4,215,26,15.0,156,28,4.6,237,28,,,,3,,Georginio,Rutter,Georginio,Unspecified injury - 75% chance of playing,,90,0,1,1,0,0,0,0,0,0,0,1,7,,,,0.0,1.0,0.0,1.0,7.0,2,1,4
126,a,,,5.5,139,83,0,0,0,0,0.1,423,163,0,0,0.0,626,269,0,0,0.0,626,269,0.0,0.0,0,2512,816,4551,1250,0.0,0.0,0.0,0.0,0.0,0.0,0.0,0.0,0.0,0.0,0.0,617,266,0.0,623,268,0.0,613,261,0.0,623,268,,,3.0,3,,Matt,O'Riley,O'Riley,,,0,0,0,0,0,0,0,0,0,0,0,0,0,,,,0.0,0.0,0.0,0.0,0.0,0,0,0
127,a,,,5.0,325,192,0,0,0,0,4.9,73,23,13,2,4.3,68,31,0,55,4.3,62,30,0.9,2.6,0,287102,85649,160204,83220,4.3,4.3,0.65,0.7,1.35,5.71,0.22,0.24,0.46,1.94,52.8,107,39,71.8,33,28,113.0,5,2,23.8,18,14,,5.0,,3,,Diego,Gómez Amarilla,Gomez,,,265,0,2,1,5,0,0,0,0,0,0,3,20,,,,0.0,0.34,1.7,1.02,6.79,8,5,7
128,u,0.0,0.0,5.0,335,200,0,0,0,0,0.0,645,283,0,0,0.0,595,250,0,0,0.0,595,250,0.0,0.0,0,0,0,302,35,0.0,0.0,0.0,0.0,0.0,0.0,0.0,0.0,0.0,0.0,0.0,580,243,0.0,587,249,0.0,566,233,0.0,587,246,,,,3,,Facundo,Buonanotte,Buonanotte,Has joined Elche on loan for the rest of the season,,0,0,0,0,0,0,0,0,0,0,0,0,0,,,,0.0,0.0,0.0,0.0,0.0,0,0,0
129,a,100.0,75.0,5.4,226,143,0,0,-1,1,0.4,280,94,4,2,2.0,213,95,0,26,1.3,230,104,0.2,0.7,0,6448,1671,34102,5156,1.3,1.0,0.28,0.07,0.35,2.68,0.16,0.04,0.2,1.58,11.4,261,108,29.8,127,77,24.0,114,58,6.1,209,96,4.0,2.0,,3,,Yasin,Ayari,Ayari,,,153,0,0,1,1,0,0,0,1,0,0,2,7,,,,0.0,0.59,0.59,1.18,4.12,0,2,5
130,i,0.0,0.0,5.0,298,52,0,0,0,0,0.3,312,116,7,0,3.5,105,40,1,38,2.3,159,64,0.5,1.4,0,25851,61,32631,16739,0.0,0.0,0.12,0.13,0.25,3.18,0.07,0.08,0.15,1.83,37.0,157,72,35.5,108,31,10.0,193,66,8.3,156,61,,,,3,,Mats,Wieffer,Wieffer,Knee injury - Unknown return date,,156,0,0,1,4,0,0,0,0,0,0,2,15,,,,0.0,0.58,2.31,1.15,8.65,4,11,9
132,u,0.0,0.0,4.5,541,281,0,0,0,0,0.0,526,214,0,0,0.0,514,201,0,0,0.0,514,201,0.0,0.0,0,0,0,3022,514,0.0,0.0,0.0,0.0,0.0,0.0,0.0,0.0,0.0,0.0,0.0,491,188,0.0,490,196,0.0,448,165,0.0,497,192,,,,3,,Harry,Howell,Howell,Has joined Leicester City on loan for the rest of the season,,0,0,0,0,0,0,0,0,0,0,0,0,0,,,,0.0,0.0,0.0,0.0,0.0,0,0,0
133,u,0.0,0.0,5.0,339,204,0,0,0,0,0.0,652,289,0,0,0.0,597,252,0,0,0.0,597,252,0.0,0.0,0,0,0,120,18,0.0,0.0,0.0,0.0,0.0,0.0,0.0,0.0,0.0,0.0,0.0,582,245,0.0,589,251,0.0,569,236,0.0,589,248,,,,3,,Tom,Watson,Watson,Has joined Leicester City on loan for the rest of the season,,0,0,0,0,0,0,0,0,0,0,0,0,0,,,,0.0,0.0,0.0,0.0,0.0,0,0,0
135,i,0.0,,4.9,421,257,-1,1,-1,1,0.1,496,199,1,0,1.0,309,133,0,3,0.3,359,165,0.1,0.2,0,1203,313,3604,1146,0.0,0.3,0.0,0.03,0.03,0.0,0.0,0.22,0.22,0.0,0.2,359,168,1.3,298,149,0.0,506,203,0.2,357,166,,,,3,,Zadok,Yohanna,Yohanna,Unspecified injury - Expected back 10 Oct,,12,0,0,0,0,0,0,0,0,0,0,0,0,,,,0.0,0.0,0.0,0.0,0.0,0,0,0
138,a,,,5.5,183,42,0,0,0,0,0.5,247,42,8,2,2.7,156,17,0,25,2.7,141,13,0.5,1.5,0,44433,13316,15437,7168,2.7,2.7,0.78,0.04,0.82,5.48,0.36,0.02,0.38,2.53,14.6,244,22,20.8,166,19,51.0,57,13,8.5,153,17,,,,3,,Charalampos,Kostoulas,Kostoulas,,,195,0,1,0,5,0,0,0,0,0,0,2,16,,,,0.0,0.0,2.31,0.92,7.38,2,3,11
139,i,0.0,0.0,5.0,307,57,0,0,0,0,0.0,538,73,0,0,0.0,581,63,0,0,0.0,581,63,0.0,0.0,0,1186,323,1806,465,0.0,0.0,0.0,0.0,0.0,0.0,0.0,0.0,0.0,0.0,0.0,565,56,0.0,571,61,0.0,549,58,0.0,572,60,,,,3,,Evan,Ferguson,Ferguson,Ankle injury - Expected back 10 Oct,,0,0,0,0,0,0,0,0,0,0,0,0,0,,,,0.0,0.0,0.0,0.0,0.0,0,0,0
328,a,100.0,100.0,5.0,275,45,0,0,0,0,0.2,343,129,1,1,1.0,315,124,0,3,0.3,362,132,0.1,0.2,0,4205,1241,8316,2086,0.3,0.3,0.0,0.0,0.0,0.0,0.0,0.0,0.0,0.0,0.2,360,132,0.1,351,130,0.0,528,200,0.0,559,203,,,,3,,Pascal,Struijk,Struijk,,,1,0,0,0,0,0,0,0,0,0,0,0,0,,,,0.0,0.0,0.0,0.0,0.0,0,0,0
108,a,,,5.5,122,31,0,0,0,0,0.3,287,49,3,1,1.0,343,38,0,9,1.0,269,30,0.2,0.5,0,12368,2457,17246,5154,1.0,1.0,0.07,0.04,0.11,0.15,0.48,0.28,0.76,1.04,3.2,327,33,10.4,223,29,12.0,179,30,2.6,276,31,,,,3,,Callum,Wilson,Wilson,,,13,0,0,0,0,0,0,0,0,0,0,0,2,,,,0.0,0.0,0.0,0.0,13.85,0,1,1
504,a,,,5.0,349,62,0,0,0,0,3.3,95,36,18,12,6.0,34,15,2,44,6.0,31,14,1.2,3.6,0,152169,108140,80908,35983,6.0,6.0,0.35,0.06,0.41,5.71,0.12,0.02,0.14,1.9,91.4,26,7,14.6,191,62,57.0,45,4,16.3,51,9,,,,3,,Luka,Vušković,Vuskovic,,,270,1,0,1,5,0,0,0,0,0,0,3,22,,,,0.0,0.33,1.67,1.0,7.33,3,19,9
594,a,,,6.0,77,17,0,0,0,0,0.2,323,52,1,0,0.5,386,47,0,-4,0.3,382,45,0.0,0.2,0,9458,2495,14373,4510,0.3,0.3,0.42,0.0,0.42,0.14,1.64,0.0,1.64,0.55,0.0,642,73,3.7,251,31,4.0,251,39,0.4,346,41,,,2.0,3,,Promise,David,David,,,23,0,0,0,0,0,0,0,1,0,0,0,0,,,,0.0,0.0,0.0,0.0,0.0,0,0,0
600,a,,,5.0,350,211,0,0,0,0,0.0,577,238,2,0,1.0,325,144,0,13,0.7,311,141,0.1,0.4,0,654,124,679,254,0.7,0.7,0.0,0.06,0.06,0.1,0.0,0.19,0.19,0.32,7.2,285,122,16.7,183,104,6.0,228,113,3.0,264,115,,,,3,,Ibrahim,Osman,Osman,,,28,0,0,0,1,0,0,0,0,0,0,0,3,,,,0.0,0.0,3.21,0.0,9.64,1,0,2
605,a,,,4.5,544,282,0,0,0,0,3.3,96,31,11,2,3.7,92,40,1,58,3.7,84,38,0.8,2.4,0,367644,154892,84157,49572,3.7,3.7,0.75,0.26,1.01,5.32,0.4,0.14,0.54,2.87,59.6,78,25,47.2,67,51,62.0,40,25,16.9,40,29,,,,3,,Malick,Yalcouyé,Yalcouyé,,,167,1,0,0,4,0,0,0,0,0,0,2,12,,,,0.0,0.0,2.16,1.08,6.47,3,4,5
614,a,,,4.5,510,129,0,0,0,0,0.0,514,179,0,0,0.0,489,187,0,0,0.0,489,187,0.0,0.0,0,3185,384,1052,513,0.0,0.0,0.0,0.0,0.0,0.0,0.0,0.0,0.0,0.0,0.0,465,184,0.0,465,184,0.0,422,177,0.0,471,182,,,,3,,Jaouen,Hadjam,Hadjam,,,0,0,0,0,0,0,0,0,0,0,0,0,0,,,,0.0,0.0,0.0,0.0,0.0,0,0,0
624,u,0.0,0.0,5.0,329,196,0,0,0,0,0.0,654,291,0,0,0.0,592,247,0,0,0.0,592,247,0.0,0.0,0,117,0,94,38,0.0,0.0,0.0,0.0,0.0,0.0,0.0,0.0,0.0,0.0,0.0,577,240,0.0,584,246,0.0,563,230,0.0,584,243,,,,3,,Amario,Cozier-Duberry,Cozier-Duberry,Has joined Middlesbrough on loan for the rest of the season,,0,0,0,0,0,0,0,0,0,0,0,0,0,,,,0.0,0.0,0.0,0.0,0.0,0,0,0
639,a,,,5.5,180,112,0,0,0,0,0.0,615,262,0,0,0.0,632,275,0,0,0.0,632,275,0.0,0.0,0,720,459,213,171,2.0,2.0,0.0,0.0,0.0,0.0,0.0,0.0,0.0,0.0,0.0,625,274,0.0,630,275,0.0,623,271,0.0,629,274,,,,3,,José María,Andrés Baixauli,Andrés,,,0,0,0,0,0,0,0,0,0,0,0,0,0,,,,0.0,0.0,0.0,0.0,0.0,0,0,0
652,d,75.0,0.0,5.5,157,94,0,0,0,0,0.0,639,279,0,0,0.0,629,272,0,0,0.0,629,272,0.0,0.0,0,354,106,87,53,1.5,0.0,0.0,0.0,0.0,0.0,0.0,0.0,0.0,0.0,0.0,620,269,0.0,626,271,0.0,618,266,0.0,626,271,,,,3,,Femi,Azeez,Azeez,Hamstring injury - 75% chance of playing,,0,0,0,0,0,0,0,0,0,0,0,0,0,,,,0.0,0.0,0.0,0.0,0.0,0,0,0
28,a,,,5.0,242,6,0,0,0,0,5.1,71,11,5,3,2.5,161,14,0,44,1.7,204,18,0.3,1.0,0,197473,99709,163996,43819,1.7,1.7,0.0,0.01,0.01,3.46,0.0,0.0,0.0,1.73,99.4,14,2,20.0,169,1,0.0,509,57,11.9,88,1,,,,3,,Emiliano,Martínez Romero,Martinez,,,180,0,0,0,5,0,0,0,0,0,12,2,0,,,,6.0,0.0,2.5,1.0,0.0,0,1,21
40,a,,,7.6,16,10,1,-1,1,-1,33.0,7,3,19,6,6.3,32,14,1,87,6.3,30,13,0.8,2.5,0,1358084,894683,503114,109381,6.3,6.3,1.18,1.14,2.32,4.7,0.41,0.4,0.81,1.65,105.8,9,6,113.6,5,5,68.0,33,19,28.7,7,5,3.0,,,3,,Morgan,Rogers,Rogers,,,257,2,1,0,7,0,0,0,1,0,0,3,17,,,,0.0,0.0,2.45,1.05,5.95,3,1,13
101,i,0.0,75.0,4.9,360,216,-1,1,-1,1,0.0,544,223,0,0,0.0,530,210,0,0,0.0,530,210,0.0,0.0,0,560,137,1965,508,0.0,0.0,0.0,0.0,0.0,0.0,0.0,0.0,0.0,0.0,0.0,507,197,0.0,507,205,0.0,466,174,0.0,513,201,,,,3,,Jordan,Henderson,Henderson,Wrist injury - Unknown return date,,0,0,0,0,0,0,0,0,0,0,0,0,0,,,,0.0,0.0,0.0,0.0,0.0,0,0,0
136,a,100.0,100.0,5.9,83,21,0,0,-1,1,0.8,213,35,1,1,1.0,354,41,0,3,0.3,379,44,0.1,0.2,0,17765,6756,58348,11547,0.3,0.3,0.0,0.0,0.0,0.0,0.0,0.0,0.0,0.0,0.0,630,70,0.3,344,43,2.0,287,41,0.2,360,42,,,,3,,Danny,Welbeck,Welbeck,,,3,0,0,0,0,0,0,0,0,0,0,0,0,,,,0.0,0.0,0.0,0.0,0.0,0,0,0
140,u,0.0,0.0,4.9,376,19,0,0,-1,1,0.9,195,30,2,0,2.0,198,18,0,6,0.7,298,21,0.1,0.4,0,10847,0,150159,38606,0.0,0.0,0.0,0.01,0.01,1.33,0.0,0.01,0.01,1.33,21.4,214,22,0.0,517,54,0.0,478,53,2.1,288,22,,,,3,,Robert,Lynch Sánchez,Sánchez,Has joined Como on loan for the rest of the season,,90,0,0,0,2,0,0,0,0,0,4,1,0,,,,4.0,0.0,2.0,1.0,0.0,0,1,5
141,u,0.0,0.0,5.0,323,16,0,0,0,0,0.0,608,70,0,0,0.0,591,71,0,0,0.0,591,71,0.0,0.0,0,0,0,861,90,0.0,0.0,0.0,0.0,0.0,0.0,0.0,0.0,0.0,0.0,0.0,576,71,0.0,583,67,0.0,561,67,0.0,583,71,,,,3,,Filip,Jörgensen,Jörgensen,Has joined RC Strasbourg on loan for the rest of the season,,0,0,0,0,0,0,0,0,0,0,0,0,0,,,,0.0,0.0,0.0,0.0,0.0,0,0,0
142,a,,,5.4,199,26,-1,1,-1,1,7.7,55,22,2,1,0.7,378,133,0,13,0.7,316,116,0.1,0.4,0,136262,46698,370037,77557,0.7,0.7,0.17,0.12,0.29,3.52,0.08,0.05,0.13,1.57,36.4,162,75,32.2,118,34,34.0,87,19,10.3,124,47,1.0,1.0,,3,,Reece,James,James,,,202,0,0,0,5,0,0,0,1,0,0,2,9,,,,0.0,0.0,2.23,0.89,4.01,0,9,11
143,u,0.0,0.0,5.5,130,14,0,0,0,0,0.1,451,160,0,0,0.0,623,213,0,0,0.0,623,213,0.0,0.0,0,0,0,12812,1225,0.0,0.0,0.0,0.0,0.0,0.0,0.0,0.0,0.0,0.0,0.0,614,213,0.0,619,213,0.0,609,212,0.0,620,213,,,,3,,Trevoh,Chalobah,Chalobah,Has joined Como permanently,,0,0,0,0,0,0,0,0,0,0,0,0,0,,,,0.0,0.0,0.0,0.0,0.0,0,0,0
144,a,,,5.0,303,53,0,0,0,0,1.1,178,69,3,1,1.0,317,125,0,5,1.0,260,98,0.2,0.6,0,29665,6414,44705,12237,1.0,1.0,0.04,0.05,0.09,2.66,0.02,0.02,0.04,1.23,18.0,227,95,13.9,196,65,7.0,214,73,3.9,246,94,,,,3,,Malo,Gusto,Gusto,,,195,0,0,0,5,0,0,0,0,0,0,2,10,,,,0.0,0.0,2.31,0.92,4.62,4,6,9
107,a,,,4.5,538,74,0,0,0,0,1.1,177,27,0,0,0.0,511,55,0,0,0.0,511,55,0.0,0.0,0,52137,16666,34710,12482,0.0,0.0,0.0,0.0,0.0,0.0,0.0,0.0,0.0,0.0,0.0,488,48,0.0,487,53,0.0,445,50,0.0,494,52,,,,3,,Kaye,Furo,Furo,,,0,0,0,0,0,0,0,0,0,0,0,0,0,,,,0.0,0.0,0.0,0.0,0.0,0,0,0
145,a,100.0,100.0,5.0,288,49,0,0,0,0,0.2,367,139,3,3,1.5,241,87,0,14,1.0,258,97,0.2,0.6,0,10621,7229,3211,1722,1.0,1.0,0.0,0.05,0.05,3.31,0.0,0.03,0.03,1.9,59.2,80,40,23.7,148,48,0.0,537,202,8.3,155,60,,,,3,,Wesley,Fofana,Fofana,,,157,0,0,0,4,0,0,0,1,0,0,2,26,,,,0.0,0.0,2.29,1.15,14.9,3,23,3
146,u,0.0,0.0,4.5,473,109,0,0,0,0,0.0,598,203,0,0,0.0,470,179,0,0,0.0,470,179,0.0,0.0,0,232,0,1744,225,0.0,0.0,0.0,0.0,0.0,0.0,0.0,0.0,0.0,0.0,0.0,446,176,0.0,444,176,0.0,394,164,0.0,452,174,,,,3,,Benoît,Badiashile Mukinayi,B.Badiashile,Has joined Napoli on loan for the rest of the season,,0,0,0,0,0,0,0,0,0,0,0,0,0,,,,0.0,0.0,0.0,0.0,0.0,0,0,0
148,a,,,4.5,521,134,0,0,0,0,1.0,190,72,8,3,2.7,145,59,0,22,2.7,128,52,0.6,1.8,0,72119,45245,28122,13211,2.7,2.7,0.01,0.11,0.12,4.37,0.0,0.05,0.05,1.85,73.2,46,19,44.2,75,17,13.0,167,58,13.1,77,19,,,,3,,Jorrel,Hato,Hato,,,213,0,2,0,7,0,0,0,0,0,0,3,15,,,,0.0,0.0,2.96,1.27,6.34,6,9,7
149,a,,,4.9,394,73,-1,1,-1,1,1.1,179,70,1,0,0.5,382,134,0,8,0.3,352,130,0.1,0.2,0,22649,4358,70550,19173,0.3,0.3,0.01,0.03,0.04,2.64,0.01,0.02,0.03,1.48,19.2,223,94,2.0,281,100,7.0,210,72,2.9,267,101,,,,3,,Levi,Samuels Colwill,Colwill,,,161,0,0,0,4,0,0,0,1,0,0,2,13,,,,0.0,0.0,2.24,1.12,7.27,3,10,5
150,u,0.0,0.0,4.5,530,136,0,0,0,0,0.0,530,184,0,0,0.0,506,192,0,0,0.0,506,192,0.0,0.0,0,429,0,5239,941,0.0,0.0,0.0,0.0,0.0,0.0,0.0,0.0,0.0,0.0,0.0,483,189,0.0,482,189,0.0,440,182,0.0,489,187,,,,3,,Mamadou,Sarr,M.Sarr,Has joined Real Sociedad on loan for the rest of the season,,0,0,0,0,0,0,0,0,0,0,0,0,0,,,,0.0,0.0,0.0,0.0,0.0,0,0,0
151,a,,,4.5,533,138,0,0,0,0,0.4,275,102,5,1,1.7,229,85,0,9,1.7,201,76,0.4,1.1,0,17894,5037,13816,3901,1.7,1.7,0.0,0.02,0.02,3.52,0.0,0.01,0.01,1.57,41.6,143,65,4.1,245,84,6.0,224,78,5.1,224,86,,,,3,,Josh,Acheampong,Acheampong,,,202,0,0,0,5,0,0,0,0,0,0,2,19,,,,0.0,0.0,2.23,0.89,8.47,6,13,7
152,i,0.0,75.0,5.4,234,32,0,0,-1,1,0.9,196,74,0,0,0.0,621,212,0,0,0.0,621,212,0.0,0.0,0,6187,406,184486,34546,0.0,0.0,0.0,0.0,0.0,0.0,0.0,0.0,0.0,0.0,0.0,612,212,0.0,615,212,0.0,604,211,0.0,618,212,,,,3,,Marco,Palestra,Palestra,Unspecified injury - Expected back 18 Sep,,0,0,0,0,0,0,0,0,0,0,0,0,0,,,,0.0,0.0,0.0,0.0,0.0,0,0,0
154,a,100.0,100.0,9.7,3,2,1,-1,2,-2,26.2,9,5,21,1,7.0,25,11,3,99,7.0,24,10,0.7,2.2,0,1488171,723397,317971,93211,7.0,7.0,1.05,0.36,1.41,4.7,0.36,0.12,0.48,1.61,113.0,6,5,82.4,24,21,112.0,6,3,30.8,3,3,,2.0,1.0,3,,Cole,Palmer,Palmer,,,262,2,1,0,7,0,0,0,1,0,0,3,20,,,,0.0,0.0,2.4,1.03,6.87,4,2,14
156,a,,,6.5,37,25,0,0,0,0,1.4,153,46,10,2,3.3,118,50,0,51,3.3,107,48,0.5,1.5,0,53304,25791,57013,14072,3.3,3.3,0.47,0.43,0.9,3.53,0.26,0.24,0.5,1.97,56.6,93,34,53.5,54,44,56.0,50,32,16.6,45,32,2.0,3.0,,3,,Pedro,Lomba Neto,Neto,,,161,1,0,0,4,0,0,0,0,0,0,2,15,,,,0.0,0.0,2.24,1.12,8.39,2,5,8
157,a,,,6.4,49,33,0,0,-1,1,0.8,215,67,2,1,1.0,366,171,0,8,0.7,331,153,0.1,0.3,0,12528,3478,70770,12234,0.7,0.7,0.04,0.0,0.04,0.09,0.22,0.0,0.22,0.51,3.4,325,147,0.8,315,156,17.0,140,72,2.2,284,126,4.0,,2.0,3,,Estêvão,Almeida de Oliveira Gonçalves,Estêvão,,,16,0,0,0,0,0,0,0,0,0,0,0,1,,,,0.0,0.0,0.0,0.0,5.62,0,0,1
159,i,0.0,75.0,5.4,221,139,0,0,-1,1,1.5,150,45,1,0,1.0,337,152,0,3,0.3,372,173,0.1,0.2,0,14022,1310,232017,41543,0.0,0.2,0.0,0.0,0.0,0.07,0.0,0.0,0.0,0.48,0.0,605,258,0.1,353,176,0.0,596,253,0.0,611,260,,,,3,,Moisés,Caicedo Corozo,Caicedo,Calf injury - Expected back 18 Sep,,13,0,0,0,0,0,0,0,0,0,0,0,0,,,,0.0,0.0,0.0,0.0,0.0,0,0,0
161,a,,,5.0,326,193,0,0,0,0,0.2,324,115,9,1,3.0,133,54,0,47,3.0,118,49,0.6,1.8,0,21459,6562,8196,3519,3.0,3.0,0.75,0.04,0.79,4.22,0.36,0.02,0.38,2.0,58.4,84,27,24.2,147,87,66.0,35,20,14.9,59,39,,,,3,,Roméo,Lavia,Lavia,,,190,1,0,0,6,0,0,0,1,0,0,3,22,,,,0.0,0.0,2.84,1.42,10.42,5,7,10
163,u,0.0,0.0,4.5,502,268,0,0,0,0,0.1,400,150,0,0,0.0,481,189,0,0,0.0,481,189,0.0,0.0,0,2698,0,11197,3717,0.0,0.0,0.0,0.0,0.0,0.0,0.0,0.0,0.0,0.0,0.0,457,176,0.0,457,184,0.0,414,153,0.0,463,180,,,,3,,Dário,Luís Essugo,D.Essugo,Has joined RC Strasbourg on loan for the rest of the season,,0,0,0,0,0,0,0,0,0,0,0,0,0,,,,0.0,0.0,0.0,0.0,0.0,0,0,0
164,a,100.0,100.0,5.4,233,148,0,0,-1,1,0.0,528,215,1,0,1.0,342,156,0,2,0.3,376,176,0.1,0.2,0,664,141,2583,567,0.3,0.3,0.0,0.0,0.0,0.09,0.0,0.0,0.0,1.01,1.2,350,162,0.3,342,169,2.0,283,136,0.4,343,158,,,,3,,Geovany,Quenda,Quenda,,,8,0,0,0,0,0,0,0,0,0,0,0,1,,,,0.0,0.0,0.0,0.0,11.25,0,1,0
165,a,,,7.7,15,5,0,0,2,-2,73.4,1,1,21,1,7.0,23,3,4,97,7.0,22,3,0.9,2.7,0,1178442,326726,312907,93971,7.0,7.0,1.88,0.15,2.03,4.79,0.63,0.05,0.68,1.6,104.0,10,3,74.3,30,1,92.0,15,7,26.9,12,3,,,,3,,João Pedro,Junqueira de Jesus,João Pedro,,,270,2,2,0,7,1,0,0,1,0,0,3,7,,,,0.0,0.0,2.33,1.0,2.33,1,1,5
168,u,0.0,0.0,5.0,318,58,0,0,0,0,0.2,318,51,0,0,0.0,588,64,0,0,0.0,588,64,0.0,0.0,0,4102,0,26666,7733,0.0,0.0,0.0,0.0,0.0,0.0,0.0,0.0,0.0,0.0,0.0,573,57,0.0,580,62,0.0,558,59,0.0,580,61,,,,3,,Marc,Guiu Paz,Marc Guiu,Has joined RB Leipzig permanently,,0,0,0,0,0,0,0,0,0,0,0,0,0,,,,0.0,0.0,0.0,0.0,0.0,0,0,0
170,i,0.0,100.0,5.0,322,59,0,0,0,0,0.1,373,56,0,0,0.0,590,65,0,0,0.0,590,65,0.0,0.0,0,5866,1707,8263,2681,0.0,0.0,0.0,0.0,0.0,0.0,0.0,0.0,0.0,0.0,0.0,575,58,0.0,582,63,0.0,560,60,0.0,582,62,,,,3,,Emmanuel,Emegha,Emegha,Hamstring injury - Expected back 18 Sep,,0,0,0,0,0,0,0,0,0,0,0,0,0,,,,0.0,0.0,0.0,0.0,0.0,0,0,0
134,a,,,4.5,524,274,0,0,0,0,0.3,310,109,0,0,0.0,501,195,0,0,0.0,501,195,0.0,0.0,0,7313,1993,9357,2818,0.0,0.0,0.0,0.0,0.0,0.0,0.0,0.0,0.0,0.0,0.0,477,182,0.0,477,190,0.0,434,159,0.0,483,186,,,,3,,Nehemiah,Oriola,Oriola,,,0,0,0,0,0,0,0,0,0,0,0,0,0,,,,0.0,0.0,0.0,0.0,0.0,0,0,0
560,a,,,4.4,575,48,-1,1,-1,1,0.1,479,54,0,0,0.0,450,47,0,0,0.0,450,47,0.0,0.0,0,1003,245,2574,677,0.0,0.0,0.0,0.0,0.0,0.0,0.0,0.0,0.0,0.0,0.0,425,47,0.0,420,28,0.0,367,25,0.0,431,47,,,,3,,Mike,Penders,Penders,,,0,0,0,0,0,0,0,0,0,0,0,0,0,,,,0.0,0.0,0.0,0.0,0.0,0,0,0
561,a,100.0,100.0,4.5,550,143,0,0,0,0,0.0,567,193,0,0,0.0,520,196,0,0,0.0,520,196,0.0,0.0,0,544,197,910,190,0.0,0.0,0.0,0.0,0.0,0.0,0.0,0.0,0.0,0.0,0.0,497,193,0.0,496,193,0.0,455,187,0.0,503,191,,,,3,,Aaron,Anselmino,Anselmino,,,0,0,0,0,0,0,0,0,0,0,0,0,0,,,,0.0,0.0,0.0,0.0,0.0,0,0,0
568,a,,,5.5,170,105,0,0,0,0,0.1,385,141,1,0,1.0,349,160,0,1,0.3,377,177,0.1,0.2,0,2331,748,5004,1270,0.3,0.3,0.04,0.0,0.04,0.07,0.45,0.0,0.45,0.79,0.0,622,271,0.0,628,273,4.0,246,117,0.2,359,168,,,,3,,Valentín,Barco,Barco,,,8,0,0,0,1,0,0,0,0,0,0,0,1,,,,0.0,0.0,11.25,0.0,11.25,0,1,0
583,a,,,4.9,400,75,-1,1,-1,1,0.2,361,137,3,1,1.0,300,120,0,6,1.0,255,96,0.2,0.6,0,2308,563,8529,1894,1.0,1.0,0.0,0.02,0.02,0.51,0.0,0.02,0.02,0.63,11.2,262,109,2.5,268,94,6.0,225,79,2.0,294,109,,,,3,,Pep,Chavarría,Chavarria,,,73,0,0,0,1,0,0,0,0,0,0,0,6,,,,0.0,0.0,1.23,0.0,7.4,2,4,3
91,a,,,4.5,468,106,0,0,0,0,0.1,469,167,4,3,2.0,193,76,0,2,1.3,219,81,0.3,0.9,0,1645,566,2934,647,1.3,1.3,0.11,0.0,0.11,2.66,0.1,0.0,0.1,2.35,22.0,212,91,0.7,318,120,6.0,222,76,2.9,266,100,,,,3,,Ethan,Pinnock,Pinnock,,,102,0,0,0,2,0,0,0,1,0,0,1,15,,,,0.0,0.0,1.76,0.88,13.24,1,14,2
110,a,,,4.5,496,40,0,0,0,0,0.9,200,31,5,2,1.7,228,19,0,23,1.7,200,17,0.4,1.1,0,19134,4265,37477,13852,1.7,1.7,0.0,0.01,0.01,4.72,0.0,0.0,0.0,1.57,43.6,137,17,0.0,455,46,0.0,409,43,4.4,239,17,,,,3,,Carl,Rushworth,Rushworth,,,270,0,0,0,5,0,0,0,0,0,5,3,0,,,,1.67,0.0,1.67,1.0,0.0,0,3,29
171,u,0.0,0.0,4.0,625,68,0,0,0,0,1.2,173,25,0,0,0.0,418,42,0,0,0.0,418,42,0.0,0.0,0,8924,0,40351,15645,0.0,0.0,0.0,0.0,0.0,0.0,0.0,0.0,0.0,0.0,0.0,393,42,0.0,388,23,0.0,330,20,0.0,399,42,,,,3,,Oliver,Dovin,Dovin,Has joined Leyton Orient on loan for the rest of the season,,0,0,0,0,0,0,0,0,0,0,0,0,0,,,,0.0,0.0,0.0,0.0,0.0,0,0,0
172,a,,,4.5,436,28,0,0,0,0,0.4,281,37,0,0,0.0,455,51,0,0,0.0,455,51,0.0,0.0,0,706,214,9578,1931,0.0,0.0,0.0,0.0,0.0,0.0,0.0,0.0,0.0,0.0,0.0,430,51,0.0,427,34,0.0,376,31,0.0,436,51,,,,3,,Ben,Wilson,Wilson,,,0,0,0,0,0,0,0,0,0,0,0,0,0,,,,0.0,0.0,0.0,0.0,0.0,0,0,0
173,a,,,4.0,621,185,0,0,0,0,9.1,45,17,15,4,5.0,50,21,2,58,5.0,46,19,1.2,3.8,0,272676,120457,163537,69980,5.0,5.0,0.24,0.19,0.43,4.18,0.08,0.07,0.15,1.46,60.8,74,37,32.7,117,33,25.0,109,32,11.8,91,24,,,,3,,Bobby,Thomas,Thomas,,,257,0,0,1,4,0,0,0,0,0,0,3,31,,,,0.0,0.35,1.4,1.05,10.86,2,29,11
174,u,0.0,0.0,4.0,614,180,0,0,0,0,0.4,267,97,0,0,0.0,411,145,0,0,0.0,411,145,0.0,0.0,0,981,0,24353,9130,0.0,0.0,0.0,0.0,0.0,0.0,0.0,0.0,0.0,0.0,0.0,386,141,0.0,381,141,0.0,323,123,0.0,392,139,,,,3,,Liam,Kitching,Kitching,Has joined Sheffield United on loan for the rest of the season,,0,0,0,0,0,0,0,0,0,0,0,0,0,,,,0.0,0.0,0.0,0.0,0.0,0,0,0
175,a,,,4.0,619,183,0,0,0,0,10.7,42,16,6,3,2.0,186,71,0,12,2.0,169,66,0.5,1.5,0,103207,27044,288227,116402,2.0,2.0,0.0,0.26,0.26,4.72,0.0,0.09,0.09,1.57,42.8,138,62,41.1,87,22,10.0,190,65,9.4,137,52,,,,3,,Milan,van Ewijk,van Ewijk,,,270,0,0,0,5,0,0,0,1,0,0,3,20,,,,0.0,0.0,1.67,1.0,6.67,5,15,10
176,a,,,4.0,599,168,0,0,0,0,0.7,219,84,5,2,1.7,227,84,0,21,1.7,197,73,0.4,1.2,0,7902,2014,15168,3928,1.7,1.7,0.18,0.15,0.33,4.72,0.06,0.05,0.11,1.61,50.8,114,54,26.0,141,46,17.0,132,40,9.5,133,49,,,,3,,Jay,Dasilva,Dasilva,,,264,0,0,0,5,0,0,0,0,0,0,3,16,,,,0.0,0.0,1.7,1.02,5.45,4,12,7
177,i,0.0,0.0,4.0,623,186,0,0,0,0,0.0,513,178,0,0,0.0,416,147,0,0,0.0,416,147,0.0,0.0,0,392,93,2589,577,0.0,0.0,0.0,0.0,0.0,0.0,0.0,0.0,0.0,0.0,0.0,391,143,0.0,386,143,0.0,328,125,0.0,397,141,,,,3,,Kaine,Kesler-Hayden,Kesler-Hayden,Hamstring injury - Unknown return date,,0,0,0,0,0,0,0,0,0,0,0,0,0,,,,0.0,0.0,0.0,0.0,0.0,0,0,0
179,a,,,4.0,603,172,0,0,0,0,0.0,517,181,0,0,0.0,404,141,0,0,0.0,404,141,0.0,0.0,0,713,234,1211,311,0.0,0.0,0.0,0.0,0.0,0.0,0.0,0.0,0.0,0.0,0.0,379,137,0.0,374,137,0.0,316,119,0.0,385,135,,,,3,,Joel,Latibeaudiere,Latibeaudiere,,,0,0,0,0,0,0,0,0,0,0,0,0,0,,,,0.0,0.0,0.0,0.0,0.0,0,0,0
180,i,0.0,0.0,4.0,608,176,0,0,0,0,0.1,393,146,0,0,0.0,407,143,0,0,0.0,407,143,0.0,0.0,0,1918,313,7018,1609,0.0,0.0,0.0,0.0,0.0,0.0,0.0,0.0,0.0,0.0,0.0,382,139,0.0,377,139,0.0,319,121,0.0,388,137,,,,3,,Luke,Woolfenden,Woolfenden,Knee injury - Unknown return date,,0,0,0,0,0,0,0,0,0,0,0,0,0,,,,0.0,0.0,0.0,0.0,0.0,0,0,0
181,u,0.0,0.0,4.0,646,206,0,0,0,0,0.0,551,189,0,0,0.0,435,163,0,0,0.0,435,163,0.0,0.0,0,275,0,1715,402,0.0,0.0,0.0,0.0,0.0,0.0,0.0,0.0,0.0,0.0,0.0,410,159,0.0,405,159,0.0,349,143,0.0,416,157,,,,3,,Miguel,Brau,Brau,Has joined Academico de Viseu on loan for the rest of the season,,0,0,0,0,0,0,0,0,0,0,0,0,0,,,,0.0,0.0,0.0,0.0,0.0,0,0,0
182,a,,,4.0,635,195,0,0,0,0,0.8,216,83,4,2,1.3,249,88,0,9,1.3,216,78,0.3,1.0,0,9424,2972,17338,4750,1.3,1.3,0.02,0.39,0.41,4.72,0.01,0.13,0.14,1.57,44.6,133,60,4.2,244,83,11.0,182,62,6.1,207,80,,,,3,,Aurèle,Amenda,Amenda,,,270,0,0,0,5,0,0,0,1,0,0,3,16,,,,0.0,0.0,1.67,1.0,5.33,1,15,11
183,a,100.0,100.0,5.0,302,180,0,0,0,0,0.1,409,154,6,2,2.0,206,89,0,24,2.0,183,82,0.4,1.2,0,2746,790,5348,1480,2.0,2.0,0.5,0.18,0.68,1.48,0.3,0.11,0.41,0.88,26.8,197,77,60.0,42,36,54.0,53,34,14.1,64,42,5.0,1.0,,3,,Jack,Rudoni,Rudoni,,,152,0,0,1,1,0,0,0,0,0,0,2,16,,,,0.0,0.59,0.59,1.18,9.47,3,3,10
137,i,0.0,0.0,5.5,181,41,0,0,0,0,0.0,618,77,0,0,0.0,633,74,0,0,0.0,633,74,0.0,0.0,0,228,64,589,127,0.0,0.0,0.0,0.0,0.0,0.0,0.0,0.0,0.0,0.0,0.0,626,68,0.0,631,73,0.0,624,71,0.0,630,72,,,,3,,Stefanos,Tzimas,Tzimas,Knee injury - Unknown return date,,0,0,0,0,0,0,0,0,0,0,0,0,0,,,,0.0,0.0,0.0,0.0,0.0,0,0,0
200,a,,,6.0,71,7,0,0,0,0,8.1,51,20,9,2,3.0,140,56,0,25,3.0,124,49,0.5,1.5,0,145509,49108,263434,68417,3.0,3.0,0.02,0.21,0.23,4.79,0.01,0.07,0.08,1.6,83.2,34,11,12.6,210,73,10.0,195,67,10.5,121,46,,,,3,,Maxence,Lacroix,Lacroix,,,270,0,1,0,7,0,0,0,1,0,0,3,32,,,,0.0,0.0,2.33,1.0,10.67,8,24,5
184,a,,,5.0,252,157,0,0,0,0,0.1,374,135,6,2,2.0,202,86,0,36,2.0,179,78,0.4,1.2,0,3209,438,7694,2154,2.0,2.0,0.05,0.05,0.1,4.72,0.02,0.02,0.04,1.57,46.2,127,47,26.9,136,81,3.0,255,123,7.6,166,76,1.0,,3.0,3,,Matt,Grimes,Grimes,,,270,0,0,0,5,0,0,0,0,0,0,3,25,,,,0.0,0.0,1.67,1.0,8.33,5,8,12
185,a,,,4.9,401,240,0,0,-1,1,0.1,461,183,1,0,1.0,301,126,0,8,0.3,354,160,0.1,0.2,0,726,185,4189,991,0.3,0.3,0.02,0.02,0.04,0.69,0.06,0.06,0.12,2.0,6.2,297,128,5.9,234,124,7.0,212,106,1.9,296,132,,,,3,,Tatsuhiro,Sakamoto,Sakamoto,,,31,0,0,0,1,0,0,0,0,0,0,0,4,,,,0.0,0.0,2.9,0.0,11.61,2,0,2
186,a,100.0,100.0,5.4,202,127,0,0,-1,1,0.1,431,167,3,2,1.5,245,110,0,8,1.0,266,119,0.2,0.6,0,907,190,4494,828,1.0,1.0,0.0,0.06,0.06,1.19,0.0,0.04,0.04,0.84,4.2,315,142,16.8,180,102,2.0,277,131,2.1,291,129,,,,3,,Ephron,Mason-Clark,Mason-Clark,,,127,0,0,0,1,0,0,0,0,0,0,2,9,,,,0.0,0.0,0.71,1.42,6.38,0,4,5
188,a,,,5.4,200,125,0,0,-1,1,0.1,404,152,2,0,1.0,331,149,0,10,0.7,317,145,0.1,0.4,0,700,51,6128,1332,0.7,0.7,0.0,0.12,0.12,1.01,0.0,0.23,0.23,1.93,6.8,288,124,20.0,171,97,0.0,591,250,2.6,275,119,2.0,2.0,2.0,3,,Victor,Torp,Torp,,,47,0,0,0,1,0,0,0,0,0,0,0,3,,,,0.0,0.0,1.91,0.0,5.74,0,1,2
190,a,,,5.4,217,136,-1,1,-1,1,0.1,410,155,4,1,1.3,256,115,0,27,1.3,229,103,0.2,0.7,0,3061,171,6469,1266,1.3,1.3,0.19,0.18,0.37,2.73,0.1,0.1,0.2,1.48,17.0,235,95,49.3,63,47,29.0,98,53,9.6,132,66,3.0,,,3,,Loum,Tchaouna,Tchaouna,,,166,0,0,0,3,0,0,0,0,0,0,2,15,,,,0.0,0.0,1.63,1.08,8.13,1,5,9
191,u,0.0,0.0,4.5,504,270,0,0,0,0,0.1,413,158,0,0,0.0,483,191,0,0,0.0,483,191,0.0,0.0,0,1943,0,8480,2919,0.0,0.0,0.0,0.0,0.0,0.0,0.0,0.0,0.0,0.0,0.0,459,178,0.0,459,186,0.0,416,155,0.0,465,182,,,,3,,Raphael,Borges Rodrigues,Borges Rodrigues,Has joined Burton Albion on loan for the rest of the season,,0,0,0,0,0,0,0,0,0,0,0,0,0,,,,0.0,0.0,0.0,0.0,0.0,0,0,0
192,u,0.0,0.0,4.5,552,287,0,0,0,0,0.4,286,97,0,0,0.0,522,205,0,0,0.0,522,205,0.0,0.0,0,2718,0,31942,6983,0.0,0.0,0.0,0.0,0.0,0.0,0.0,0.0,0.0,0.0,0.0,499,192,0.0,498,200,0.0,457,169,0.0,505,196,,,,3,,Kai,Andrews,Andrews,Has joined Oxford United on loan for the rest of the season,,0,0,0,0,0,0,0,0,0,0,0,0,0,,,,0.0,0.0,0.0,0.0,0.0,0,0,0
193,i,0.0,0.0,5.4,189,45,0,0,-1,1,0.1,440,64,0,0,0.0,610,71,0,0,0.0,610,71,0.0,0.0,0,467,114,10433,1660,0.0,0.0,0.0,0.0,0.0,0.0,0.0,0.0,0.0,0.0,0.0,595,64,0.0,602,69,0.0,585,66,0.0,602,68,,,1.0,3,,Haji,Wright,Wright,Thigh injury - Unknown return date,,0,0,0,0,0,0,0,0,0,0,0,0,0,,,,0.0,0.0,0.0,0.0,0.0,0,0,0
194,a,,,5.0,278,54,0,0,0,0,0.8,210,33,4,1,1.3,253,29,0,20,1.3,225,21,0.3,0.8,0,40679,9696,36172,10785,1.3,1.3,0.0,0.02,0.02,3.24,0.0,0.02,0.02,2.43,8.0,279,27,3.4,254,32,4.0,244,38,1.6,305,35,,,4.0,3,,Brandon,Thomas-Asante,Thomas-Asante,,,120,0,0,0,4,0,0,0,0,0,0,1,11,,,,0.0,0.0,3.0,0.75,8.25,0,6,5
195,a,,,5.0,269,52,0,0,0,0,0.8,212,34,3,1,1.5,240,27,0,10,1.0,257,29,0.2,0.6,0,34821,4828,43301,11697,1.0,1.0,0.3,0.01,0.31,2.55,0.31,0.01,0.32,2.61,7.6,283,28,22.3,154,15,37.0,82,19,6.7,194,20,,,,3,,Ellis,Simms,Simms,,,88,0,0,0,3,0,0,0,0,0,0,1,3,,,,0.0,0.0,3.07,1.02,3.07,0,1,2
196,u,0.0,0.0,5.0,341,61,0,0,0,0,0.0,613,76,0,0,0.0,598,66,0,0,0.0,598,66,0.0,0.0,0,0,0,1007,121,0.0,0.0,0.0,0.0,0.0,0.0,0.0,0.0,0.0,0.0,0.0,583,59,0.0,590,64,0.0,570,61,0.0,590,63,,,,3,,Jahnoah,Markelo,Markelo,Has joined Shabab Al-Ahli Dubai permanently,,0,0,0,0,0,0,0,0,0,0,0,0,0,,,,0.0,0.0,0.0,0.0,0.0,0,0,0
197,u,0.0,0.0,4.5,519,70,0,0,0,0,0.0,548,74,0,0,0.0,497,52,0,0,0.0,497,52,0.0,0.0,0,0,0,1652,316,0.0,0.0,0.0,0.0,0.0,0.0,0.0,0.0,0.0,0.0,0.0,473,44,0.0,473,50,0.0,430,46,0.0,479,48,,,,3,,Norman,Bassette,Bassette,Has joined KVC Westerlo on loan for the rest of the season,,0,0,0,0,0,0,0,0,0,0,0,0,0,,,,0.0,0.0,0.0,0.0,0.0,0,0,0
492,a,,,5.5,138,36,0,0,0,0,0.7,230,37,5,2,1.7,237,26,0,16,1.7,213,20,0.3,0.9,0,19499,6003,35725,8276,1.7,1.7,1.24,0.03,1.27,2.18,0.62,0.02,0.64,1.09,13.6,248,23,35.3,109,10,68.0,31,11,11.7,95,14,,,5.0,3,,Taiwo,Awoniyi,Awoniyi,,,180,0,0,0,2,0,0,0,0,0,0,2,9,,,,0.0,0.0,1.0,1.0,4.5,0,3,6
575,a,,,4.9,420,256,-1,1,-1,1,0.2,352,126,5,1,1.7,231,102,0,23,1.7,203,93,0.3,1.0,0,2315,540,9480,2689,1.7,1.7,0.03,0.13,0.16,2.53,0.02,0.07,0.09,1.44,10.4,266,111,19.4,172,98,7.0,213,107,3.3,257,112,,,,3,,Caleb,Yirenkyi,Yirenkyi,,,158,0,0,1,3,0,0,0,1,0,0,2,16,,,,0.0,0.57,1.71,1.14,9.11,0,5,11
584,a,,,5.4,192,119,-1,1,-1,1,0.1,417,160,3,1,1.0,329,147,0,6,1.0,264,117,0.2,0.6,0,667,128,4781,1074,1.0,1.0,0.0,0.02,0.02,0.82,0.0,0.06,0.06,2.31,0.6,354,165,1.8,285,146,0.0,588,247,0.3,355,165,4.0,,,3,,Gustavo,Hamer,Hamer,,,32,0,0,0,1,0,0,0,0,0,0,0,3,,,,0.0,0.0,2.81,0.0,8.44,1,0,2
158,a,,,5.9,99,64,0,0,-1,1,0.0,547,226,0,0,0.0,639,278,0,0,0.0,639,278,0.0,0.0,0,763,232,2170,422,0.0,0.0,0.0,0.0,0.0,0.0,0.0,0.0,0.0,0.0,0.0,636,279,0.0,638,279,0.0,635,277,0.0,638,279,,,,3,,Jamie,Bynoe-Gittens,Gittens,,,0,0,0,0,0,0,0,0,0,0,0,0,0,,,,0.0,0.0,0.0,0.0,0.0,0,0,0
178,a,,,4.0,586,162,0,0,0,0,0.1,446,159,0,0,0.0,393,137,0,0,0.0,393,137,0.0,0.0,0,1737,568,2399,677,0.0,0.0,0.0,0.0,0.0,0.0,0.0,0.0,0.0,0.0,0.0,368,133,0.0,361,131,0.0,301,111,0.0,373,130,,,,3,,Jake,Bidwell,Bidwell,,,0,0,0,0,0,0,0,0,0,0,0,0,0,,,,0.0,0.0,0.0,0.0,0.0,0,0,0
187,i,0.0,,4.9,389,234,0,0,-1,1,0.0,592,248,0,0,0.0,546,221,0,0,0.0,546,221,0.0,0.0,0,577,74,973,270,0.0,0.0,0.0,0.0,0.0,0.0,0.0,0.0,0.0,0.0,0.0,525,209,0.0,525,217,0.0,487,188,0.0,532,214,,,,3,,Josh,Eccles,Eccles,Unspecified injury - Expected back 12 Oct,,0,0,0,0,0,0,0,0,0,0,0,0,0,,,,0.0,0.0,0.0,0.0,0.0,0,0,0
599,a,,,5.0,354,63,0,0,0,0,0.1,424,61,0,0,0.0,603,68,0,0,0.0,603,68,0.0,0.0,0,5103,1152,5134,1379,0.0,0.0,0.0,0.0,0.0,0.0,0.0,0.0,0.0,0.0,0.0,588,61,0.0,595,66,0.0,577,63,0.0,595,65,,,,3,,Sidiki,Cherif,Cherif,,,0,0,0,0,0,0,0,0,0,0,0,0,0,,,,0.0,0.0,0.0,0.0,0.0,0,0,0
655,a,,,5.5,141,84,0,0,0,0,0.0,655,292,0,0,0.0,627,270,0,0,0.0,627,270,0.0,0.0,0,48,48,6,6,2.0,2.0,0.0,0.0,0.0,0.0,0.0,0.0,0.0,0.0,0.0,618,267,0.0,624,269,0.0,614,262,0.0,624,269,,,,3,,Yann,Gboho,Gboho,,,0,0,0,0,0,0,0,0,0,0,0,0,0,,,,0.0,0.0,0.0,0.0,0.0,0,0,0
656,a,,,4.0,642,202,0,0,0,0,0.0,550,188,0,0,0.0,432,160,0,0,0.0,432,160,0.0,0.0,0,1061,1061,100,100,1.0,1.0,0.0,0.0,0.0,0.0,0.0,0.0,0.0,0.0,0.0,407,156,0.0,402,156,0.0,345,139,0.0,413,154,,,,3,,Stephen,Mfuni,Mfuni,,,0,0,0,0,0,0,0,0,0,0,0,0,0,,,,0.0,0.0,0.0,0.0,0.0,0,0,0
42,a,,,5.5,162,98,0,0,0,0,0.0,503,203,2,0,1.0,347,158,0,6,0.7,322,147,0.1,0.4,0,1874,835,2455,854,0.7,0.7,0.03,0.03,0.06,0.34,0.05,0.05,0.1,0.57,5.4,301,132,2.1,279,142,7.0,219,110,1.5,307,137,,,,3,,Evann,Guessand,Guessand,,,54,0,0,0,1,0,0,0,0,0,0,0,2,,,,0.0,0.0,1.67,0.0,3.33,1,1,0
153,a,,,4.5,460,100,0,0,0,0,0.1,405,149,4,3,2.0,192,75,0,12,1.3,218,80,0.3,0.9,0,7340,5304,3866,2010,1.3,1.3,0.0,0.04,0.04,3.34,0.0,0.03,0.03,2.84,32.6,180,80,13.3,202,67,2.0,266,99,4.8,231,87,,,,3,,Axel,Disasi,Disasi,,,106,0,0,0,3,0,0,0,0,0,0,1,14,,,,0.0,0.0,2.55,0.85,11.89,5,9,9
198,a,100.0,100.0,5.0,255,8,0,0,0,0,2.1,124,19,5,2,1.7,232,20,0,37,1.7,205,19,0.3,1.0,0,46689,25778,46194,14085,1.7,1.7,0.0,0.0,0.0,6.47,0.0,0.0,0.0,2.16,96.8,15,3,0.0,548,59,0.0,520,59,9.6,130,3,,,,3,,Dean,Henderson,Henderson,,,270,0,0,0,8,0,0,0,0,0,12,3,0,,,,4.0,0.0,2.67,1.0,0.0,0,6,31
199,a,,,4.5,437,29,0,0,0,0,0.1,415,47,0,0,0.0,456,52,0,0,0.0,456,52,0.0,0.0,0,1609,493,3495,825,0.0,0.0,0.0,0.0,0.0,0.0,0.0,0.0,0.0,0.0,0.0,431,52,0.0,428,35,0.0,377,32,0.0,437,52,,,,3,,Walter,Benítez,Benitez,,,0,0,0,0,0,0,0,0,0,0,0,0,0,,,,0.0,0.0,0.0,0.0,0.0,0,0,0
202,a,,,5.0,284,47,0,0,0,0,0.7,225,86,4,1,1.3,254,91,0,17,1.3,226,85,0.3,0.8,0,17037,7084,24829,7204,1.3,1.3,0.08,0.0,0.08,6.47,0.03,0.0,0.03,2.16,86.4,31,9,1.3,299,111,24.0,113,34,11.1,106,36,,,,3,,Chris,Richards,Richards,,,270,0,0,0,8,0,0,0,0,0,0,3,31,,,,0.0,0.0,2.67,1.0,10.33,5,26,7
203,a,,,4.9,419,78,0,0,-1,1,0.2,321,119,2,1,0.7,376,132,0,12,0.7,304,112,0.1,0.4,0,4602,2073,13293,3507,0.7,0.7,0.05,0.01,0.06,6.47,0.02,0.0,0.02,2.16,63.2,67,32,8.1,228,77,5.0,233,83,7.6,165,66,,,,3,,Jaydee,Canvot,Canvot,,,270,0,0,0,8,0,0,0,0,0,0,3,24,,,,0.0,0.0,2.67,1.0,8.0,7,17,6
204,a,,,4.5,477,112,0,0,0,0,6.6,62,25,16,15,5.3,45,19,2,32,5.3,40,17,1.2,3.6,0,215702,200686,166247,38325,5.3,5.3,0.77,0.18,0.95,5.9,0.27,0.06,0.33,2.1,101.2,13,1,46.1,70,16,56.0,47,5,20.3,25,2,,,,3,,Tyrick,Mitchell,Mitchell,,,253,2,0,0,8,0,0,0,0,0,0,3,16,,,,0.0,0.0,2.85,1.07,5.69,6,10,7
205,u,0.0,0.0,4.5,459,99,0,0,0,0,0.0,574,196,0,0,0.0,464,176,0,0,0.0,464,176,0.0,0.0,0,236,0,1660,604,0.0,0.0,0.0,0.0,0.0,0.0,0.0,0.0,0.0,0.0,0.0,440,173,0.0,437,173,0.0,387,161,0.0,446,171,,,,3,,Borna,Sosa,Sosa,Has joined FC Cologne on loan for the rest of the season,,0,0,0,0,0,0,0,0,0,0,0,0,0,,,,0.0,0.0,0.0,0.0,0.0,0,0,0
206,i,0.0,0.0,4.4,574,157,0,0,-1,1,0.0,556,190,1,0,1.0,277,106,0,7,0.3,340,123,0.1,0.2,0,562,49,5038,579,0.0,0.0,0.0,0.01,0.01,0.98,0.0,0.01,0.01,1.22,12.6,252,103,1.3,296,109,0.0,366,157,1.4,308,114,,,,3,,Chadi,Riad Dnanou,Chadi Riad,Knee injury - Unknown return date,,72,0,0,0,2,0,0,0,0,0,0,1,7,,,,0.0,0.0,2.5,1.25,8.75,1,6,3
207,a,,,4.4,569,153,0,0,-1,1,0.1,473,168,2,1,1.0,275,104,0,5,0.7,288,103,0.2,0.5,0,1524,555,3412,821,0.7,0.7,0.0,0.0,0.0,0.33,0.0,0.0,0.0,1.86,3.2,326,125,0.4,334,126,0.0,363,155,0.3,348,126,,,,3,,Oscar,Mingueza,Mingueza,,,16,0,0,0,1,0,0,0,0,0,0,0,2,,,,0.0,0.0,5.62,0.0,11.25,2,0,1
208,i,0.0,0.0,6.3,53,37,0,0,-2,2,0.8,211,65,0,0,0.0,647,286,0,0,0.0,647,286,0.0,0.0,0,2590,158,355801,30794,0.0,0.0,0.0,0.0,0.0,0.0,0.0,0.0,0.0,0.0,0.0,647,287,0.0,648,287,0.0,646,286,0.0,647,287,,,2.0,3,,Ismaïla,Sarr,Sarr,Groin injury - Unknown return date,,0,0,0,0,0,0,0,0,0,0,0,0,0,,,,0.0,0.0,0.0,0.0,0.0,0,0,0
104,a,,,4.9,386,232,-1,1,-1,1,0.1,407,153,4,2,2.0,199,84,0,13,1.3,222,99,0.3,0.8,0,3370,535,7222,1417,1.3,1.3,0.0,0.01,0.01,3.05,0.0,0.01,0.01,1.81,4.0,316,143,2.0,280,143,0.0,484,186,0.6,337,154,,,,3,,Frank,Onyeka,Onyeka,,,152,0,0,0,4,0,0,0,0,0,0,2,12,,,,0.0,0.0,2.37,1.18,7.11,2,3,7
210,a,100.0,100.0,5.5,165,100,0,0,0,0,0.9,205,64,8,2,2.7,152,63,0,51,2.7,137,58,0.5,1.5,0,24251,7465,30513,8993,2.7,2.7,0.0,0.32,0.32,6.47,0.0,0.11,0.11,2.16,47.8,123,44,58.4,45,38,2.0,286,138,10.9,110,57,2.0,,,3,,Adam,Wharton,Wharton,,,270,0,0,0,8,0,0,0,0,0,0,3,29,,,,0.0,0.0,2.67,1.0,9.67,7,11,11
211,a,,,5.5,163,99,0,0,0,0,0.5,256,85,11,5,3.7,98,44,0,56,3.7,90,42,0.7,2.0,0,32470,26705,12091,7051,3.7,3.7,0.36,0.39,0.75,5.29,0.17,0.18,0.35,2.51,20.8,219,89,83.1,23,20,21.0,122,63,12.5,83,51,1.0,1.0,,3,,Yéremy,Pino Santos,Yeremy,,,190,0,2,0,5,0,0,0,0,0,0,2,20,,,,0.0,0.0,2.37,0.95,9.47,5,3,12
212,a,,,4.5,435,259,0,0,0,0,8.5,49,18,1,1,1.0,280,119,0,3,0.3,343,156,0.1,0.2,0,80792,23022,316864,93073,0.3,0.3,0.0,0.0,0.0,0.57,0.0,0.0,0.0,3.21,2.4,336,153,0.3,337,165,0.0,375,146,0.3,349,160,4.0,,,3,,Will,Hughes,Hughes,,,16,0,0,0,0,0,0,0,0,0,0,0,3,,,,0.0,0.0,0.0,0.0,16.88,0,2,1
213,a,,,4.9,367,218,0,0,-1,1,0.1,447,175,0,0,0.0,536,212,0,0,0.0,536,212,0.0,0.0,0,971,271,4139,947,0.0,0.0,0.0,0.0,0.0,0.0,0.0,0.0,0.0,0.0,0.0,513,199,0.0,513,207,0.0,472,176,0.0,519,203,,,,3,,Jefferson,Lerma Solís,Lerma,,,0,0,0,0,0,0,0,0,0,0,0,0,0,,,,0.0,0.0,0.0,0.0,0.0,0,0,0
214,a,,,5.0,264,164,0,0,0,0,0.4,279,93,10,5,3.3,109,48,0,67,3.3,98,46,0.7,2.0,0,20132,13895,12558,4912,3.3,3.3,0.05,0.3,0.35,6.34,0.02,0.1,0.12,2.13,57.6,87,28,55.3,48,40,13.0,169,82,12.6,81,49,3.0,,,3,,Daichi,Kamada,Kamada,,,268,0,1,0,8,0,0,0,1,0,0,3,27,,,,0.0,0.0,2.69,1.01,9.07,9,4,14
215,u,0.0,0.0,5.0,308,182,0,0,0,0,0.0,621,265,0,0,0.0,582,242,0,0,0.0,582,242,0.0,0.0,0,132,0,755,241,0.0,0.0,0.0,0.0,0.0,0.0,0.0,0.0,0.0,0.0,0.0,566,234,0.0,572,240,0.0,550,223,0.0,573,237,,2.0,3.0,3,,Justin,Devenny,Devenny,Has joined Stoke City permanently,,0,0,0,0,0,0,0,0,0,0,0,0,0,,,,0.0,0.0,0.0,0.0,0.0,0,0,0
216,u,0.0,0.0,5.0,346,208,0,0,0,0,0.0,562,232,0,0,0.0,600,254,0,0,0.0,600,254,0.0,0.0,0,399,0,2629,886,0.0,0.0,0.0,0.0,0.0,0.0,0.0,0.0,0.0,0.0,0.0,585,247,0.0,592,253,0.0,573,239,0.0,592,250,,,,3,,Romain,Esse,Esse,Has joined Millwall on loan for the rest of the season,,0,0,0,0,0,0,0,0,0,0,0,0,0,,,,0.0,0.0,0.0,0.0,0.0,0,0,0
217,u,0.0,,4.9,407,245,0,0,-1,1,0.0,568,235,0,0,0.0,554,226,0,0,0.0,554,226,0.0,0.0,0,1007,57,2442,622,0.0,0.0,0.0,0.0,0.0,0.0,0.0,0.0,0.0,0.0,0.0,533,214,0.0,534,222,0.0,496,193,0.0,541,219,,,,3,,Matheus,França de Oliveira,M.França,Has joined Alverca on loan for the rest of the season,,0,0,0,0,0,0,0,0,0,0,0,0,0,,,,0.0,0.0,0.0,0.0,0.0,0,0,0
218,a,,,4.9,388,233,0,0,-1,1,0.1,488,194,0,0,0.0,545,220,0,0,0.0,545,220,0.0,0.0,0,1662,430,3193,814,0.0,0.0,0.0,0.0,0.0,0.0,0.0,0.0,0.0,0.0,0.0,524,208,0.0,524,216,0.0,486,187,0.0,531,213,,,,3,,Cheick,Doucouré,Doucouré,,,0,0,0,0,0,0,0,0,0,0,0,0,0,,,,0.0,0.0,0.0,0.0,0.0,0,0,0
219,u,0.0,,4.9,393,235,-1,1,-1,1,0.0,634,274,0,0,0.0,549,222,0,0,0.0,549,222,0.0,0.0,0,145,55,325,124,0.0,0.0,0.0,0.0,0.0,0.0,0.0,0.0,0.0,0.0,0.0,528,210,0.0,529,218,0.0,491,189,0.0,536,215,,,,3,,Jesurun,Rak-Sakyi,J.Rak-Sakyi,has joined  Kasimpasa on loan for the rest of the seaon.,,0,0,0,0,0,0,0,0,0,0,0,0,0,,,,0.0,0.0,0.0,0.0,0.0,0,0,0
220,u,0.0,0.0,4.5,535,139,0,0,0,0,0.0,650,215,0,0,0.0,508,193,0,0,0.0,508,193,0.0,0.0,0,0,0,117,13,0.0,0.0,0.0,0.0,0.0,0.0,0.0,0.0,0.0,0.0,0.0,485,190,0.0,484,190,0.0,442,183,0.0,491,188,,,,3,,Rio,Cardines,Cardines,Has joined Bristol City on loan for the rest of the season,,0,0,0,0,0,0,0,0,0,0,0,0,0,,,,0.0,0.0,0.0,0.0,0.0,0,0,0
221,a,,,4.5,557,289,0,0,0,0,0.1,450,177,0,0,0.0,527,207,0,0,0.0,527,207,0.0,0.0,0,2115,777,3091,912,0.0,0.0,0.0,0.0,0.0,0.0,0.0,0.0,0.0,0.0,0.0,504,194,0.0,503,202,0.0,462,171,0.0,510,198,,,,3,,Joél,Drakes-Thomas,Drakes-Thomas,,,0,0,0,0,0,0,0,0,0,0,0,0,0,,,,0.0,0.0,0.0,0.0,0.0,0,0,0
222,a,,,6.0,69,15,0,0,0,0,0.6,238,40,4,1,1.3,259,31,0,20,1.3,236,25,0.2,0.7,0,22789,13755,23872,7596,1.3,1.3,0.3,0.01,0.31,3.69,0.2,0.01,0.21,2.48,8.6,275,26,4.6,242,30,21.0,123,24,3.5,252,30,,,,3,,Jørgen,Strand Larsen,Strand Larsen,,,134,0,0,0,3,0,0,0,0,0,0,1,8,,,,0.0,0.0,2.01,0.67,5.37,1,3,4
223,i,0.0,0.0,6.4,44,12,0,0,-1,1,1.7,137,19,2,0,2.0,220,23,0,-3,0.7,330,41,0.1,0.3,0,25483,305,404831,61870,0.0,0.0,0.7,0.02,0.72,0.98,1.02,0.03,1.05,1.42,1.4,346,38,12.3,212,24,11.0,189,33,2.5,279,32,,,1.0,3,,Jean-Philippe,Mateta,Mateta,Hamstring injury - Expected back 11 Oct,,62,0,0,0,2,0,0,0,0,0,0,1,5,,,,0.0,0.0,2.9,1.45,7.26,2,1,2
224,a,,,5.5,136,35,0,0,0,0,0.7,220,36,7,4,2.3,178,19,0,36,2.3,161,14,0.4,1.3,0,39491,24354,21798,7734,2.3,2.3,1.1,0.58,1.68,4.45,0.59,0.31,0.9,2.4,34.2,169,12,45.8,72,3,50.0,59,14,13.0,78,11,,,,3,,Eddie,Nketiah,Nketiah,,,167,0,1,0,7,0,0,0,0,0,0,3,11,,,,0.0,0.0,3.77,1.62,5.93,4,2,5
225,u,0.0,0.0,5.0,358,65,0,0,0,0,0.0,656,78,0,0,0.0,606,70,0,0,0.0,606,70,0.0,0.0,0,0,0,0,0,0.0,0.0,0.0,0.0,0.0,0.0,0.0,0.0,0.0,0.0,0.0,591,63,0.0,598,68,0.0,580,65,0.0,598,67,,,,3,,Christantus,Uche,Uche,has returned to Getafe CF,,0,0,0,0,0,0,0,0,0,0,0,0,0,,,,0.0,0.0,0.0,0.0,0.0,0,0,0
241,a,,,5.4,208,131,-1,1,-1,1,0.1,382,139,3,0,1.5,246,111,0,13,1.0,267,120,0.2,0.6,0,1419,407,5868,1558,1.0,1.0,0.05,0.02,0.07,1.18,0.05,0.02,0.07,1.26,10.0,269,114,5.0,239,127,2.0,278,132,1.7,303,135,,,,3,,Dwight,McNeil,McNeil,,,84,0,0,0,3,0,0,0,0,0,0,1,7,,,,0.0,0.0,3.21,1.07,7.5,0,4,3
189,a,,,4.5,558,290,0,0,0,0,0.2,320,113,0,0,0.0,528,208,0,0,0.0,528,208,0.0,0.0,0,3877,1167,9421,2511,0.0,0.0,0.0,0.0,0.0,0.0,0.0,0.0,0.0,0.0,0.0,505,195,0.0,504,203,0.0,463,172,0.0,511,199,,,,3,,George,Shepherd,Shepherd,,,0,0,0,0,0,0,0,0,0,0,0,0,0,,,,0.0,0.0,0.0,0.0,0.0,0,0,0
623,a,,,4.0,585,54,0,0,0,0,0.5,258,35,0,0,0.0,392,28,0,0,0.0,392,28,0.0,0.0,0,49919,29839,10537,7710,0.0,0.0,0.0,0.0,0.0,0.0,0.0,0.0,0.0,0.0,0.0,367,28,0.0,360,9,0.0,300,6,0.0,372,28,,,,3,,Dan,Bentley,Bentley,,,0,0,0,0,0,0,0,0,0,0,0,0,0,,,,0.0,0.0,0.0,0.0,0.0,0,0,0
555,a,,,4.0,598,61,0,0,0,0,1.8,136,21,0,0,0.0,402,35,0,0,0.0,402,35,0.0,0.0,0,18051,4540,21322,6424,0.0,0.0,0.0,0.0,0.0,0.0,0.0,0.0,0.0,0.0,0.0,377,35,0.0,372,16,0.0,312,13,0.0,383,35,,,,3,,Remi,Matthews,Matthews,,,0,0,0,0,0,0,0,0,0,0,0,0,0,,,,0.0,0.0,0.0,0.0,0.0,0,0,0
577,a,,,4.5,464,103,0,0,0,0,0.3,297,110,2,0,1.0,283,110,0,0,0.7,291,105,0.2,0.4,0,2741,534,8817,2720,0.7,0.7,0.0,0.01,0.01,2.15,0.0,0.01,0.01,2.13,15.0,242,101,3.7,250,86,2.0,267,100,2.1,286,106,,,,3,,Takehiro,Tomiyasu,Tomiyasu,,,91,0,0,0,3,0,0,0,0,0,0,1,9,,,,0.0,0.0,2.97,0.99,8.9,1,8,4
588,a,,,5.0,343,60,0,0,0,0,0.3,296,109,6,3,2.0,209,80,0,27,2.0,186,70,0.4,1.2,0,19749,15239,6405,4029,2.0,2.0,0.74,0.17,0.91,5.42,0.33,0.08,0.41,2.45,72.0,51,20,30.3,125,37,15.0,153,52,11.8,93,26,,,,3,,Anan,Khalaili,Khalaili,,,199,0,0,0,5,0,0,0,1,0,0,2,33,,,,0.0,0.0,2.26,0.9,14.92,17,16,11
595,a,,,5.0,342,206,0,0,0,0,0.0,590,247,1,0,1.0,324,143,0,3,0.3,366,170,0.1,0.2,0,356,97,563,166,0.3,0.3,0.0,0.0,0.0,0.2,0.0,0.0,0.0,0.82,1.4,345,159,1.3,301,151,0.0,571,237,0.3,353,163,,,,3,,Zavier,Gozo,Gozo,,,22,0,0,0,1,0,0,0,0,0,0,0,1,,,,0.0,0.0,4.09,0.0,4.09,1,0,0
633,a,,,4.5,543,140,0,0,0,0,0.0,605,205,0,0,0.0,516,194,0,0,0.0,516,194,0.0,0.0,0,880,663,173,141,1.8,1.8,0.0,0.0,0.0,0.0,0.0,0.0,0.0,0.0,0.0,493,191,0.0,492,191,0.0,450,184,0.0,499,189,,,,3,,Honest,Ahanor,Ahanor,,,0,0,0,0,0,0,0,0,0,0,0,0,0,,,,0.0,0.0,0.0,0.0,0.0,0,0,0
643,a,,,4.5,447,90,0,0,0,0,0.5,254,95,7,7,7.0,18,8,0,20,7.0,17,8,1.6,1.6,0,31190,30427,4514,4430,1.8,1.8,0.15,0.0,0.15,0.57,0.84,0.0,0.84,3.21,33.2,176,78,0.7,317,119,17.0,133,41,5.1,223,85,,,,3,,Ben,Chilwell,Chilwell,,,16,1,0,0,0,0,0,0,0,0,0,0,0,,,,0.0,0.0,0.0,0.0,0.0,0,0,0
644,a,,,5.0,291,175,0,0,0,0,0.0,561,231,2,2,2.0,205,88,0,8,2.0,182,81,0.4,0.4,0,2157,1501,485,385,1.6,1.6,0.02,0.0,0.02,2.57,0.02,0.0,0.02,3.17,4.2,313,140,0.2,348,173,1.0,293,142,0.5,339,155,,,,3,,Quinten,Timber,Timber,,,73,0,0,0,2,0,0,0,0,0,0,1,6,,,,0.0,0.0,2.47,1.23,7.4,1,2,3
647,a,,,5.5,169,104,0,0,0,0,0.0,610,259,1,1,1.0,348,159,0,2,1.0,273,123,0.2,0.2,0,814,353,145,95,2.0,2.0,0.0,0.0,0.0,0.13,0.0,0.0,0.0,11.7,2.0,343,157,0.3,343,170,0.0,620,268,0.2,358,167,,,,3,,Darío,Osorio,Osorio,,,1,0,0,0,0,0,0,0,0,0,0,0,1,,,,0.0,0.0,0.0,0.0,90.0,1,0,0
21,i,0.0,0.0,4.9,366,217,0,0,-1,1,0.1,493,196,0,0,0.0,535,211,0,0,0.0,535,211,0.0,0.0,0,390,79,6130,1093,0.0,0.0,0.0,0.0,0.0,0.0,0.0,0.0,0.0,0.0,0.0,512,198,0.0,512,206,0.0,471,175,0.0,518,202,,,,3,,Christian,Nørgaard,Nørgaard,Groin injury - Unknown return date,,0,0,0,0,0,0,0,0,0,0,0,0,0,,,,0.0,0.0,0.0,0.0,0.0,0,0,0
209,a,,,5.9,93,59,0,0,-1,1,0.1,402,151,3,1,1.0,358,166,0,7,1.0,280,128,0.2,0.5,0,2450,932,7934,1877,1.0,1.0,0.05,0.04,0.09,2.24,0.05,0.04,0.09,2.04,11.8,257,106,23.2,151,89,9.0,202,101,4.4,240,104,,,,3,,Brennan,Johnson,Johnson,,,99,0,0,0,1,0,0,0,1,0,0,1,12,,,,0.0,0.0,0.91,0.91,10.91,2,5,5
226,a,,,5.5,124,2,0,0,0,0,8.6,48,7,11,1,3.7,96,6,0,62,3.7,88,6,0.7,2.0,0,178403,58386,169128,59014,3.7,3.7,0.0,0.02,0.02,4.81,0.0,0.01,0.01,1.6,72.6,48,8,0.0,616,68,0.0,605,68,7.3,176,9,,,,3,,Jordan,Pickford,Pickford,,,270,0,0,1,3,0,0,0,0,0,9,3,0,,,,3.0,0.33,1.0,1.0,0.0,0,4,35
227,a,,,5.0,277,10,0,0,0,0,0.0,524,58,0,0,0.0,569,70,0,0,0.0,569,70,0.0,0.0,0,925,353,1327,366,0.0,0.0,0.0,0.0,0.0,0.0,0.0,0.0,0.0,0.0,0.0,553,70,0.0,555,61,0.0,530,61,0.0,560,70,,,,3,,Mark,Travers,Travers,,,0,0,0,0,0,0,0,0,0,0,0,0,0,,,,0.0,0.0,0.0,0.0,0.0,0,0,0
228,a,,,4.5,439,31,0,0,0,0,0.0,506,56,0,0,0.0,458,54,0,0,0.0,458,54,0.0,0.0,0,795,249,1234,341,0.0,0.0,0.0,0.0,0.0,0.0,0.0,0.0,0.0,0.0,0.0,433,54,0.0,430,37,0.0,379,34,0.0,439,54,,,,3,,Tom,King,King,,,0,0,0,0,0,0,0,0,0,0,0,0,0,,,,0.0,0.0,0.0,0.0,0.0,0,0,0
229,a,,,6.0,60,5,0,0,0,0,11.5,37,13,21,3,7.0,21,10,2,63,7.0,20,10,1.2,3.5,0,393387,139013,200864,78241,7.0,7.0,0.17,0.02,0.19,4.81,0.06,0.01,0.07,1.6,94.4,21,5,13.1,203,68,29.0,99,24,13.6,74,18,,,,3,,James,Tarkowski,Tarkowski,,,270,1,0,1,3,0,0,0,0,0,0,3,31,,,,0.0,0.33,1.0,1.0,10.33,5,26,10
230,a,,,5.5,161,21,0,0,0,0,1.9,130,53,13,3,4.3,71,29,0,43,4.3,66,27,0.8,2.4,0,64405,29801,48106,17803,4.3,4.3,0.17,0.02,0.19,4.81,0.06,0.01,0.07,1.6,82.8,35,12,2.9,262,90,73.0,23,2,15.8,54,10,,,,3,,Jarrad,Branthwaite,Branthwaite,,,270,0,0,1,3,0,0,0,0,0,0,3,31,,,,0.0,0.33,1.0,1.0,10.33,4,27,9
231,a,,,4.9,364,66,0,0,-1,1,0.9,201,77,0,0,0.0,533,199,0,0,0.0,533,199,0.0,0.0,0,6657,1103,71776,13887,0.0,0.0,0.0,0.0,0.0,0.0,0.0,0.0,0.0,0.0,0.0,510,196,0.0,510,196,0.0,469,190,0.0,516,194,,,,3,,Michael,Keane,Keane,,,0,0,0,0,0,0,0,0,0,0,0,0,0,,,,0.0,0.0,0.0,0.0,0.0,0,0,0
232,a,,,4.9,404,76,0,0,-1,1,0.3,293,106,0,0,0.0,552,201,0,0,0.0,552,201,0.0,0.0,0,2896,564,19974,3805,0.0,0.0,0.0,0.0,0.0,0.0,0.0,0.0,0.0,0.0,0.0,531,199,0.0,532,199,0.0,494,194,0.0,539,198,,,,3,,Jake,O'Brien,O'Brien,,,0,0,0,0,0,0,0,0,0,0,0,0,0,,,,0.0,0.0,0.0,0.0,0.0,0,0,0
233,a,,,4.5,465,104,0,0,0,0,2.0,126,50,11,1,3.7,90,37,0,42,3.7,82,34,0.8,2.4,0,119013,57109,66290,30964,3.7,3.7,0.0,0.07,0.07,4.81,0.0,0.02,0.02,1.6,62.4,68,33,17.3,178,56,2.0,268,101,8.2,157,62,,,,3,,Vitalii,Mykolenko,Mykolenko,,,270,0,0,1,3,0,0,0,0,0,0,3,22,,,,0.0,0.33,1.0,1.0,7.33,4,18,15
234,u,0.0,0.0,4.5,476,111,0,0,0,0,0.0,573,195,0,0,0.0,471,180,0,0,0.0,471,180,0.0,0.0,0,371,0,1916,668,0.0,0.0,0.0,0.0,0.0,0.0,0.0,0.0,0.0,0.0,0.0,447,177,0.0,445,177,0.0,395,165,0.0,453,175,,,,3,,Nathan,Patterson,Patterson,Has joined Torino permanently,,0,0,0,0,0,0,0,0,0,0,0,0,0,,,,0.0,0.0,0.0,0.0,0.0,0,0,0
235,u,0.0,0.0,4.0,629,190,0,0,0,0,0.1,406,150,0,0,0.0,421,150,0,0,0.0,421,150,0.0,0.0,0,1728,0,8622,2753,0.0,0.0,0.0,0.0,0.0,0.0,0.0,0.0,0.0,0.0,0.0,396,146,0.0,391,146,0.0,333,128,0.0,402,144,,,,3,,Adam,Aznou,Aznou,Has joined Malaga on loan for the rest of the season,,0,0,0,0,0,0,0,0,0,0,0,0,0,,,,0.0,0.0,0.0,0.0,0.0,0,0,0
236,a,,,6.5,35,23,0,0,0,0,4.6,75,24,15,2,5.0,57,26,3,84,5.0,52,25,0.8,2.3,0,307964,114456,202888,83004,5.0,5.0,0.45,0.4,0.85,4.77,0.15,0.13,0.28,1.59,86.2,32,15,110.6,6,6,69.0,30,17,26.6,13,10,2.0,,,3,,Kiernan,Dewsbury-Hall,Dewsbury-Hall,,,270,1,0,1,3,0,0,0,0,0,0,3,29,,,,0.0,0.33,1.0,1.0,9.67,9,3,17
238,a,100.0,100.0,6.5,34,22,0,0,0,0,0.4,278,92,2,1,1.0,367,172,0,10,0.7,332,154,0.1,0.3,0,24606,13883,13348,5413,0.7,0.7,0.02,0.13,0.15,0.31,0.06,0.37,0.43,0.87,7.0,286,123,12.9,206,113,10.0,196,96,3.0,265,116,,,,3,,Jack,Grealish,Grealish,,,32,0,0,0,1,0,0,0,0,0,0,0,2,,,,0.0,0.0,2.81,0.0,5.62,2,0,0
239,a,100.0,100.0,6.0,68,47,0,0,0,0,0.1,398,148,4,2,1.3,258,116,0,34,1.3,235,106,0.2,0.7,0,6441,1920,8367,3394,1.3,1.3,0.0,0.11,0.11,1.32,0.0,0.07,0.07,0.8,17.8,230,93,44.0,76,54,2.0,288,139,6.5,200,91,1.0,1.0,2.0,3,,James,Garner,Garner,,,148,0,0,0,2,0,0,0,1,0,0,2,19,,,,0.0,0.0,1.22,1.22,11.55,5,2,12
242,a,,,5.5,174,108,0,0,0,0,0.6,245,81,15,10,5.0,54,24,3,60,5.0,49,23,0.9,2.7,0,44647,40614,18162,10880,5.0,5.0,0.27,0.16,0.43,2.94,0.1,0.06,0.16,1.13,57.2,90,31,70.0,35,30,66.0,36,21,19.3,31,24,,,,3,,Tyrique,George,George,,,234,1,0,1,3,0,0,0,0,0,0,3,13,,,,0.0,0.38,1.15,1.15,5.0,1,4,8
243,a,,,4.9,402,241,-1,1,-1,1,0.1,454,179,1,0,0.5,383,181,0,5,0.3,355,161,0.1,0.2,0,2086,518,4207,1130,0.3,0.3,0.05,0.02,0.07,0.04,0.9,0.36,1.26,0.72,5.0,306,135,0.8,312,155,25.0,110,56,2.7,273,118,,,,3,,Carlos,Alcaraz Durán,Alcaraz,,,5,0,0,0,0,0,0,0,1,0,0,0,3,,,,0.0,0.0,0.0,0.0,54.0,1,0,2
244,a,,,5.0,348,210,0,0,0,0,0.4,266,89,11,1,3.7,95,42,0,42,3.7,87,40,0.7,2.2,0,45321,11167,19330,7685,3.7,3.7,0.09,0.1,0.19,4.81,0.03,0.03,0.06,1.63,45.2,132,49,33.7,116,73,13.0,170,83,9.3,139,68,,,,3,,Harrison,Armstrong,Armstrong,,,266,0,1,1,3,0,0,0,1,0,0,3,30,,,,0.0,0.34,1.02,1.02,10.15,6,9,15
246,a,,,5.0,324,191,0,0,0,0,0.0,499,200,6,1,2.0,207,90,0,35,2.0,185,84,0.4,1.2,0,1599,501,2679,876,2.0,2.0,0.0,0.2,0.2,4.52,0.0,0.07,0.07,1.63,26.6,198,78,32.1,119,74,2.0,274,129,6.1,208,95,,,,3,,Merlin,Röhl,Röhl,,,249,0,0,1,2,0,0,0,1,0,0,3,24,,,,0.0,0.36,0.72,1.08,8.67,5,6,13
247,a,100.0,100.0,5.5,143,86,0,0,0,0,0.2,336,120,8,4,2.7,151,62,0,33,2.7,135,57,0.5,1.5,0,2655,1312,8612,1696,2.7,2.7,0.05,0.11,0.16,3.49,0.04,0.08,0.12,2.6,37.0,159,59,39.1,95,64,17.0,138,70,9.3,140,69,3.0,,,3,,Hayden,Hackney,Hackney,,,121,0,1,1,1,0,0,0,0,0,0,1,11,,,,0.0,0.74,0.74,0.74,8.18,3,3,5
248,u,0.0,0.0,5.4,220,50,0,0,-1,1,1.0,191,30,2,0,1.0,336,37,0,5,0.7,319,37,0.1,0.4,0,16222,0,179606,54664,0.0,0.0,0.09,0.0,0.09,1.92,0.26,0.0,0.26,5.57,3.0,332,36,0.3,341,42,5.0,234,37,0.8,332,37,,,,3,,Norberto Bercique,Gomes Betuncal,Beto,Has joined Fiorentina permanently,,31,0,0,0,0,0,0,0,0,0,0,0,1,,,,0.0,0.0,0.0,0.0,2.9,0,1,0
249,a,,,5.6,121,30,1,-1,1,-1,6.0,66,10,12,2,4.0,87,9,2,50,4.0,81,8,0.7,2.1,0,572557,226383,210879,97108,4.0,4.0,2.31,0.11,2.42,2.89,0.88,0.04,0.92,1.1,48.2,121,8,45.7,74,5,123.0,4,3,21.7,22,5,,,1.0,3,,Thierno,Barry,Barry,,,237,1,0,1,3,0,0,0,0,0,0,3,10,,,,0.0,0.38,1.14,1.14,3.8,1,2,7
649,a,,,4.5,442,86,0,0,0,0,0.2,319,118,7,7,7.0,17,7,0,13,7.0,16,7,1.6,1.6,0,15352,14793,3081,2953,1.8,1.8,0.03,0.0,0.03,0.29,0.21,0.0,0.21,2.01,33.4,174,77,0.8,311,118,7.0,208,71,4.1,241,92,,,,3,,Ainsley,Maitland-Niles,Maitland-Niles,,,13,1,0,0,1,0,0,0,0,0,0,0,0,,,,0.0,0.0,6.92,0.0,0.0,0,0,0
654,a,,,4.5,551,286,0,0,0,0,0.2,364,131,0,0,0.0,521,204,0,0,0.0,521,204,0.0,0.0,0,8832,8832,1791,1791,1.1,1.1,0.0,0.0,0.0,0.0,0.0,0.0,0.0,0.0,0.0,498,191,0.0,497,199,0.0,456,168,0.0,504,195,,,,3,,Braiden,Graham,Graham,,,0,0,0,0,0,0,0,0,0,0,0,0,0,,,,0.0,0.0,0.0,0.0,0.0,0,0,0
250,a,,,4.5,428,25,0,0,0,0,2.9,103,17,6,1,2.0,188,15,0,30,2.0,171,14,0.4,1.3,0,70278,16544,67046,28440,2.0,2.0,0.0,0.0,0.0,6.23,0.0,0.0,0.0,2.08,67.6,60,10,0.0,423,31,0.0,370,28,6.8,186,10,,,,3,,Bernd,Leno,Leno,,,270,0,0,0,7,0,0,0,0,0,8,3,0,,,,2.67,0.0,2.33,1.0,0.0,0,3,25
252,u,0.0,0.0,4.0,632,70,0,0,0,0,0.1,390,45,0,0,0.0,424,44,0,0,0.0,424,44,0.0,0.0,0,2589,0,4843,1634,0.0,0.0,0.0,0.0,0.0,0.0,0.0,0.0,0.0,0.0,0.0,399,44,0.0,394,25,0.0,336,22,0.0,405,44,,,,3,,Alfie,McNally,McNally,Has joined York City on loan for the rest of the season,,0,0,0,0,0,0,0,0,0,0,0,0,0,,,,0.0,0.0,0.0,0.0,0.0,0,0,0
253,a,100.0,100.0,5.0,256,39,0,0,0,0,0.1,384,144,2,1,1.0,313,123,0,12,0.7,308,114,0.1,0.4,0,9803,1647,5342,2574,0.7,0.7,0.0,0.1,0.1,3.99,0.0,0.05,0.05,2.0,42.2,140,63,35.8,106,30,8.0,204,69,8.6,151,59,,,,3,,Joachim,Andersen,Andersen,,,180,0,0,0,4,0,0,0,1,0,0,2,15,,,,0.0,0.0,2.0,1.0,7.5,2,13,9
251,a,,,4.0,587,55,0,0,0,0,1.2,176,26,0,0,0.0,394,29,0,0,0.0,394,29,0.0,0.0,0,17751,6809,17769,5790,0.0,0.0,0.0,0.0,0.0,0.0,0.0,0.0,0.0,0.0,0.0,369,29,0.0,362,10,0.0,302,7,0.0,374,29,,,,3,,Benjamin,Lecomte,Lecomte,,,0,0,0,0,0,0,0,0,0,0,0,0,0,,,,0.0,0.0,0.0,0.0,0.0,0,0,0
254,a,,,4.5,445,89,0,0,0,0,1.4,154,64,4,1,1.3,250,89,0,21,1.3,217,79,0.3,0.9,0,30244,4057,48075,21464,1.3,1.3,0.21,0.16,0.37,6.2,0.08,0.06,0.14,2.24,46.0,129,59,54.6,50,8,12.0,174,59,11.2,103,34,,,2.0,3,,Antonee,Robinson,Robinson,,,249,0,0,0,7,0,0,0,0,0,0,3,15,,,,0.0,0.0,2.53,1.08,5.42,8,7,12
255,a,,,4.5,480,115,0,0,0,0,0.0,542,187,3,0,3.0,122,49,0,7,1.0,251,94,0.2,0.7,0,1372,85,1453,505,1.0,1.0,0.0,0.03,0.03,2.24,0.0,0.03,0.03,2.24,32.8,179,79,21.3,162,52,0.0,398,168,5.4,218,82,,,,3,,Jorge,Cuenca Barreno,J.Cuenca,,,90,0,0,0,3,0,0,0,0,0,0,1,10,,,,0.0,0.0,3.0,1.0,10.0,1,9,3
256,a,,,4.4,564,148,-1,1,-1,1,0.2,335,125,0,0,0.0,447,173,0,0,0.0,447,173,0.0,0.0,0,964,196,7022,1945,0.0,0.0,0.0,0.0,0.0,0.0,0.0,0.0,0.0,0.0,0.0,422,169,0.0,417,169,0.0,362,154,0.0,428,167,,,,3,,Kenny,Tete,Tete,,,0,0,0,0,0,0,0,0,0,0,0,0,0,,,,0.0,0.0,0.0,0.0,0.0,0,0,0
257,a,,,4.5,471,108,0,0,0,0,0.7,223,85,3,1,1.0,284,111,0,16,1.0,250,93,0.2,0.7,0,17021,1959,22425,8408,1.0,1.0,0.02,0.07,0.09,6.23,0.01,0.02,0.03,2.08,47.0,125,58,12.8,207,70,2.0,269,102,6.2,205,79,,,,3,,Calvin,Bassey,Bassey,,,270,0,0,0,7,0,0,0,1,0,0,3,13,,,,0.0,0.0,2.33,1.0,4.33,3,10,12
258,a,,,4.5,444,88,0,0,0,0,0.8,209,82,13,1,4.3,65,26,0,38,4.3,59,23,1.0,2.9,0,61713,5403,27220,13766,4.3,4.3,0.67,0.37,1.04,4.47,0.24,0.13,0.37,1.63,58.6,83,42,52.6,56,10,53.0,55,8,16.4,49,8,,,,3,,Timothy,Castagne,Castagne,,,247,0,2,1,6,0,0,0,1,0,0,3,15,,,,0.0,0.36,2.19,1.09,5.47,4,11,11
261,a,,,5.4,187,116,-1,1,-1,1,0.7,218,69,6,2,2.0,211,93,0,52,2.0,188,86,0.4,1.1,0,15493,2044,39675,13408,2.0,2.0,0.05,0.7,0.75,6.23,0.02,0.24,0.26,2.14,32.0,183,69,70.5,34,29,13.0,171,84,11.6,97,54,1.0,1.0,3.0,3,,Alex,Iwobi,Iwobi,,,262,0,0,0,7,0,0,0,0,0,0,3,18,,,,0.0,0.0,2.4,1.03,6.18,3,4,11
262,a,,,5.4,195,122,-1,1,-1,1,0.3,306,105,2,1,1.0,330,148,0,8,0.7,315,144,0.1,0.4,0,3559,720,15402,4128,0.7,0.7,0.06,0.02,0.08,0.41,0.22,0.07,0.29,1.48,5.4,300,131,23.3,150,88,9.0,201,100,3.8,249,107,,,,3,,Emile,Smith Rowe,Smith Rowe,,,25,0,0,0,0,0,0,0,0,0,0,0,1,,,,0.0,0.0,0.0,0.0,3.6,0,0,1
263,a,,,5.4,230,146,0,0,-1,1,0.0,509,206,2,0,1.0,339,154,0,4,0.7,320,146,0.1,0.4,0,1184,212,3136,932,0.7,0.7,0.0,0.05,0.05,0.2,0.0,0.19,0.19,0.75,5.2,304,134,3.4,255,135,0.0,602,258,0.8,333,152,4.0,,,3,,Kevin,Santos Lopes de Macedo,Kevin,,,24,0,0,0,0,0,0,0,0,0,0,0,3,,,,0.0,0.0,0.0,0.0,11.25,2,0,1
264,a,,,5.5,160,97,0,0,0,0,0.3,299,102,7,2,2.3,180,77,0,35,2.3,163,71,0.4,1.3,0,11026,1871,14168,5176,2.3,2.3,0.32,0.92,1.24,4.44,0.14,0.39,0.53,1.89,28.0,195,75,85.0,22,19,65.0,38,23,17.8,35,26,2.0,,,3,,Oscar,Bobb,Bobb,,,211,0,0,1,6,0,0,0,0,0,0,3,15,,,,0.0,0.43,2.56,1.28,6.4,5,2,8
265,a,,,4.9,372,222,-1,1,-1,1,0.3,291,100,5,1,1.7,230,101,0,37,1.7,202,92,0.3,1.0,0,3941,601,12748,4231,1.7,1.7,0.03,0.33,0.36,4.9,0.01,0.16,0.17,2.41,22.8,208,84,53.9,51,42,9.0,197,97,8.6,150,71,,,,3,,Sander,Berge,Berge,,,183,0,0,0,5,0,0,0,0,0,0,2,8,,,,0.0,0.0,2.46,0.98,3.93,1,1,6
266,i,0.0,0.0,5.0,239,150,0,0,0,0,0.0,637,277,0,0,0.0,558,230,0,0,0.0,558,230,0.0,0.0,0,66,30,243,46,0.0,0.0,0.0,0.0,0.0,0.0,0.0,0.0,0.0,0.0,0.0,539,220,0.0,540,228,0.0,507,204,0.0,547,225,,,,3,,Tom,Cairney,Cairney,Knee injury - Expected back 10 Oct,,0,0,0,0,0,0,0,0,0,0,0,0,0,,,,0.0,0.0,0.0,0.0,0.0,0,0,0
268,a,,,5.5,178,111,0,0,0,0,1.2,174,55,19,10,6.3,30,12,3,80,6.3,28,11,1.1,3.5,0,128206,70389,45781,28145,6.3,6.3,0.95,0.34,1.29,6.23,0.32,0.11,0.43,2.08,96.8,16,9,46.1,71,53,96.0,14,8,23.9,17,13,,,,3,,Josh,King,King,,,270,2,0,0,7,0,0,0,0,0,0,3,19,,,,0.0,0.0,2.33,1.0,6.33,5,4,10
269,a,,,4.4,565,149,-1,1,-1,1,0.3,290,104,3,1,1.0,272,101,0,13,1.0,247,90,0.2,0.7,0,2103,257,11582,3725,1.0,1.0,0.13,0.44,0.57,1.8,0.23,0.79,1.02,3.24,17.2,233,97,26.3,139,44,31.0,94,21,7.5,168,67,3.0,,,3,,Ryan,Sessegnon,Sessegnon,,,50,0,0,0,1,0,0,0,0,0,0,0,3,,,,0.0,0.0,1.8,0.0,5.4,1,2,3
271,a,,,5.4,204,46,-1,1,-1,1,0.4,262,45,2,1,1.0,332,35,0,11,0.7,318,36,0.1,0.4,0,10296,3075,24749,6531,0.7,0.7,0.4,0.0,0.4,0.03,2.4,0.0,2.4,0.18,9.2,273,24,21.6,161,17,34.0,88,21,6.5,197,21,,,,3,,Rodrigo,Muniz Carvalho,Muniz,,,15,0,0,0,0,0,0,0,0,0,0,0,1,,,,0.0,0.0,0.0,0.0,6.0,0,1,0
272,a,,,4.5,553,77,0,0,0,0,6.1,65,9,0,0,0.0,523,58,0,0,0.0,523,58,0.0,0.0,0,115024,30750,182735,66513,0.0,0.0,0.0,0.0,0.0,0.0,0.0,0.0,0.0,0.0,0.0,500,51,0.0,499,56,0.0,458,53,0.0,506,55,,,,3,,Jonah,Kusi-Asare,Kusi-Asare,,,0,0,0,0,0,0,0,0,0,0,0,0,0,,,,0.0,0.0,0.0,0.0,0.0,0,0,0
569,a,,,6.0,78,18,0,0,0,0,4.0,84,11,10,2,3.3,117,14,0,45,3.3,106,11,0.6,1.7,0,314848,34019,185602,89210,3.3,3.3,1.44,0.22,1.66,6.23,0.48,0.07,0.55,2.08,48.6,119,7,21.1,164,18,103.0,10,6,17.3,38,6,,,1.0,3,,Gonzalo,García,Gonzalo,,,270,1,0,0,7,0,0,0,0,0,0,3,13,,,,0.0,0.0,2.33,1.0,4.33,2,5,6
570,a,,,5.5,176,110,0,0,0,0,0.2,353,127,11,8,3.7,99,45,1,43,3.7,91,43,0.7,2.0,0,3204,1282,6846,1706,3.7,3.7,0.98,0.03,1.01,4.97,0.43,0.01,0.44,2.16,39.6,149,55,22.3,155,91,62.0,42,27,12.4,84,52,,,,3,,César,Palacios,Palacios,,,207,1,0,0,6,0,0,0,1,0,0,3,13,,,,0.0,0.0,2.61,1.3,5.65,2,3,8
270,a,,,4.5,441,260,0,0,0,0,1.2,175,56,0,0,0.0,459,183,0,0,0.0,459,183,0.0,0.0,0,16866,3209,46760,13181,0.0,0.0,0.0,0.0,0.0,0.0,0.0,0.0,0.0,0.0,0.0,434,170,0.0,431,178,0.0,380,147,0.0,440,174,,,,3,,Harrison,Reed,Reed,,,0,0,0,0,0,0,0,0,0,0,0,0,0,,,,0.0,0.0,0.0,0.0,0.0,0,0,0
580,a,,,5.0,295,177,0,0,0,0,0.1,467,184,4,2,1.3,255,114,0,25,1.3,227,101,0.3,0.8,0,965,272,2822,770,1.3,1.3,0.09,0.12,0.21,3.77,0.07,0.09,0.16,2.76,16.4,237,96,39.3,93,63,14.0,159,78,7.0,182,85,,,,3,,Shea,Charles,Charles,,,123,0,0,0,4,0,0,0,0,0,0,1,16,,,,0.0,0.0,2.93,0.73,11.71,1,4,11
610,u,0.0,75.0,4.0,638,198,0,0,0,0,0.1,436,157,0,0,0.0,429,157,0,0,0.0,429,157,0.0,0.0,0,5787,515,3406,1093,0.0,0.0,0.0,0.0,0.0,0.0,0.0,0.0,0.0,0.0,0.0,404,153,0.0,399,153,0.0,341,135,0.0,410,151,,,,3,,Luc,De Fougerolles,De Fougerolles,has joined  Real Salt Lake on loan for the rest of the seaon.,,0,0,0,0,0,0,0,0,0,0,0,0,0,,,,0.0,0.0,0.0,0.0,0.0,0,0,0
635,a,,,5.0,340,205,0,0,0,0,0.0,627,270,1,1,1.0,323,142,0,3,1.0,263,116,0.2,0.2,0,524,236,96,69,1.6,1.6,0.13,0.22,0.35,0.0,1.06,1.8,2.86,0.0,3.6,321,145,1.3,300,150,9.0,200,99,1.4,311,139,,,,3,,Hugo,Larsson,Larsson,,,11,0,0,0,0,0,0,0,0,0,0,0,1,,,,0.0,0.0,0.0,0.0,8.18,1,0,0
636,a,,,5.0,320,189,0,0,0,0,0.0,640,280,0,0,0.0,589,246,0,0,0.0,589,246,0.0,0.0,0,237,117,64,50,1.6,1.6,0.0,0.0,0.0,0.0,0.0,0.0,0.0,0.0,0.0,574,239,0.0,581,245,0.0,559,228,0.0,581,242,,,,3,,Manuel Ángel,Morán Ibáñez,Ángel,,,0,0,0,0,0,0,0,0,0,0,0,0,0,,,,0.0,0.0,0.0,0.0,0.0,0,0,0
650,a,,,4.5,486,120,0,0,0,0,0.0,632,211,0,0,0.0,476,184,0,0,0.0,476,184,0.0,0.0,0,445,241,119,92,1.8,1.8,0.0,0.0,0.0,0.0,0.0,0.0,0.0,0.0,0.0,452,181,0.0,450,181,0.0,402,171,0.0,458,179,,,,3,,David,Affengruber,Affengruber,,,0,0,0,0,0,0,0,0,0,0,0,0,0,,,,0.0,0.0,0.0,0.0,0.0,0,0,0
240,a,100.0,100.0,5.0,309,183,0,0,0,0,0.0,583,243,1,0,1.0,318,138,0,2,0.3,364,168,0.1,0.2,0,623,293,724,189,0.3,0.3,0.0,0.0,0.0,0.0,0.0,0.0,0.0,0.0,0.0,567,235,0.0,573,241,0.0,551,224,0.0,574,238,,,,3,,Tim,Iroegbunam,Iroegbunam,,,4,0,0,0,0,0,0,0,0,0,0,0,0,,,,0.0,0.0,0.0,0.0,0.0,0,0,0
274,i,0.0,0.0,4.5,434,27,0,0,0,0,0.1,460,51,0,0,0.0,454,50,0,0,0.0,454,50,0.0,0.0,0,417,127,3961,756,0.0,0.0,0.0,0.0,0.0,0.0,0.0,0.0,0.0,0.0,0.0,429,50,0.0,426,33,0.0,374,30,0.0,435,50,,,,3,,Jack,Butland,Butland,Arm injury - Unknown return date,,0,0,0,0,0,0,0,0,0,0,0,0,0,,,,0.0,0.0,0.0,0.0,0.0,0,0,0
275,u,0.0,0.0,4.0,627,69,0,0,0,0,0.0,616,71,0,0,0.0,420,43,0,0,0.0,420,43,0.0,0.0,0,0,0,251,57,0.0,0.0,0.0,0.0,0.0,0.0,0.0,0.0,0.0,0.0,0.0,395,43,0.0,390,24,0.0,332,21,0.0,401,43,,,,3,,Harvey,Cartwright,Cartwright,Has joined Grimsby Town on loan for the rest of the season,,0,0,0,0,0,0,0,0,0,0,0,0,0,,,,0.0,0.0,0.0,0.0,0.0,0,0,0
276,u,0.0,0.0,4.0,616,66,0,0,0,0,0.0,555,63,0,0,0.0,413,40,0,0,0.0,413,40,0.0,0.0,0,0,0,830,175,0.0,0.0,0.0,0.0,0.0,0.0,0.0,0.0,0.0,0.0,0.0,388,40,0.0,383,21,0.0,325,18,0.0,394,40,,,,3,,Thimothée,Lo-Tutala,Lo-Tutala,Has joined Colchester United on loan for the rest of the season,,0,0,0,0,0,0,0,0,0,0,0,0,0,,,,0.0,0.0,0.0,0.0,0.0,0,0,0
277,a,,,4.1,578,160,1,-1,1,-1,6.3,63,26,23,6,7.7,11,3,1,70,7.7,10,3,1.9,5.6,0,577037,198394,128783,59910,7.7,7.7,0.0,0.0,0.0,5.05,0.0,0.0,0.0,1.68,82.6,36,13,0.6,319,121,2.0,264,97,8.6,149,58,,,,3,,John,Egan,Egan,,,270,0,0,3,0,0,0,0,0,0,0,3,41,,,,0.0,1.0,0.0,1.0,13.67,5,36,5
278,i,0.0,0.0,4.0,631,192,0,0,0,0,0.1,455,162,0,0,0.0,423,152,0,0,0.0,423,152,0.0,0.0,0,376,139,5152,1012,0.0,0.0,0.0,0.0,0.0,0.0,0.0,0.0,0.0,0.0,0.0,398,148,0.0,393,148,0.0,335,130,0.0,404,146,,,,3,,Charlie,Hughes,Hughes,Groin injury - Unknown return date,,0,0,0,0,0,0,0,0,0,0,0,0,0,,,,0.0,0.0,0.0,0.0,0.0,0,0,0
279,a,100.0,100.0,4.2,577,159,1,-1,2,-2,12.2,34,12,25,5,8.3,5,1,2,80,8.3,4,1,2.0,6.0,0,1010215,298889,149592,64750,8.3,8.3,0.52,0.0,0.52,4.08,0.19,0.0,0.19,1.51,70.8,55,24,1.7,286,102,35.0,85,18,10.7,112,39,,,,3,,Semi,Ajayi,Ajayi,,,243,1,0,3,0,0,0,0,1,0,0,3,20,,,,0.0,1.11,0.0,1.11,7.41,3,17,9
280,a,100.0,75.0,4.0,602,171,0,0,0,0,0.6,240,89,12,6,4.0,78,31,0,44,4.0,73,29,1.0,3.0,0,11307,7152,18587,3320,4.0,3.0,0.0,0.02,0.02,4.06,0.0,0.01,0.01,2.06,11.8,256,106,16.2,184,58,0.0,315,118,2.8,269,102,,,,3,,Lewie,Coyle,Coyle,,,177,0,0,2,0,0,0,0,1,0,0,3,6,,,,0.0,1.02,0.0,1.53,3.05,1,5,4
281,u,0.0,0.0,4.0,613,179,0,0,0,0,0.1,497,175,2,0,1.0,267,96,0,8,0.7,285,100,0.2,0.5,0,2118,0,3473,1387,0.0,0.0,0.05,0.0,0.05,0.87,0.07,0.0,0.07,1.2,6.4,291,116,0.4,333,125,1.0,291,109,0.8,329,121,,,,3,,Cody,Drameh,Drameh,Has joined Genoa permanently,,65,0,0,0,0,0,0,0,0,0,0,0,6,,,,0.0,0.0,0.0,0.0,8.31,1,5,4
283,u,0.0,0.0,4.0,617,181,0,0,0,0,0.0,607,206,0,0,0.0,414,146,0,0,0.0,414,146,0.0,0.0,0,114,0,546,108,0.0,0.0,0.0,0.0,0.0,0.0,0.0,0.0,0.0,0.0,0.0,389,142,0.0,384,142,0.0,326,124,0.0,395,140,,,,3,,Matty,Jacob,Jacob,Has joined Newport County on loan until January,,0,0,0,0,0,0,0,0,0,0,0,0,0,,,,0.0,0.0,0.0,0.0,0.0,0,0,0
285,a,100.0,,4.0,594,165,0,0,0,0,0.1,401,148,1,0,1.0,263,92,0,3,0.3,335,118,0.1,0.2,0,2111,457,3224,1035,0.3,0.3,0.0,0.0,0.0,0.96,0.0,0.0,0.0,3.32,4.2,312,120,0.0,369,134,0.0,309,114,0.4,341,125,,,,3,,Paddy,McNair,McNair,,,26,0,0,0,0,0,0,0,0,0,0,0,2,,,,0.0,0.0,0.0,0.0,6.92,0,2,1
286,a,,,5.0,336,201,0,0,0,0,1.0,189,60,14,5,4.7,61,28,0,46,4.7,56,27,0.9,2.8,0,62781,22329,24104,9634,4.7,4.7,0.2,0.06,0.26,4.87,0.07,0.02,0.09,1.73,56.6,92,33,26.7,138,82,28.0,101,55,11.1,107,56,2.0,2.0,,3,,Mohamed,Belloumi,Belloumi,,,253,0,1,3,0,0,0,0,0,0,0,3,32,,,,0.0,1.07,0.0,1.07,11.38,9,14,9
626,a,,,4.5,547,284,0,0,0,0,0.4,282,95,0,0,0.0,519,203,0,0,0.0,519,203,0.0,0.0,0,32794,10784,10715,5884,0.0,0.0,0.0,0.0,0.0,0.0,0.0,0.0,0.0,0.0,0.0,496,190,0.0,495,198,0.0,453,167,0.0,502,194,,,,3,,Macaulay,Zepa,Zepa,,,0,0,0,0,0,0,0,0,0,0,0,0,0,,,,0.0,0.0,0.0,0.0,0.0,0,0,0
273,a,,,4.0,596,60,0,0,0,0,1.4,152,22,0,0,0.0,401,34,0,0,0.0,401,34,0.0,0.0,0,19998,7565,26503,8169,0.0,0.0,0.0,0.0,0.0,0.0,0.0,0.0,0.0,0.0,0.0,376,34,0.0,370,15,0.0,310,12,0.0,381,34,,,,3,,Dillon,Phillips,Phillips,,,0,0,0,0,0,0,0,0,0,0,0,0,0,,,,0.0,0.0,0.0,0.0,0.0,0,0,0
287,u,0.0,0.0,5.0,280,171,0,0,0,0,0.0,505,204,6,0,3.0,130,52,0,26,2.0,181,80,0.4,1.2,0,3178,0,5950,2230,0.0,0.0,0.58,0.0,0.58,0.87,1.04,0.0,1.04,1.57,36.0,163,60,1.1,305,153,15.0,151,75,5.2,222,100,,,,3,,Liam,Millar,Millar,Has joined Birmingham on loan for the rest of the season,,50,1,0,0,0,0,0,0,1,0,0,0,4,,,,0.0,0.0,0.0,0.0,7.2,1,2,1
288,a,,,4.5,446,261,0,0,0,0,0.3,288,98,0,0,0.0,460,184,0,0,0.0,460,184,0.0,0.0,0,10007,2524,14367,4177,0.0,0.0,0.0,0.0,0.0,0.0,0.0,0.0,0.0,0.0,0.0,435,171,0.0,432,179,0.0,381,148,0.0,441,175,,,,3,,Kieran,Dowell,Dowell,,,0,0,0,0,0,0,0,0,0,0,0,0,0,,,,0.0,0.0,0.0,0.0,0.0,0,0,0
289,a,100.0,75.0,4.5,433,258,0,0,0,0,0.5,252,83,2,0,2.0,189,82,0,9,0.7,290,132,0.2,0.4,0,14734,1708,28652,7712,0.7,0.5,0.0,0.0,0.0,1.83,0.0,0.0,0.0,1.83,19.0,224,90,2.4,270,140,0.0,373,145,2.1,285,127,,,,3,,Matt,Crooks,Crooks,,,90,0,0,1,0,0,0,0,1,0,0,1,9,,,,0.0,1.0,0.0,1.0,9.0,4,4,1
290,a,,,4.5,474,264,0,0,0,0,5.4,69,22,11,3,3.7,91,39,0,36,3.7,83,37,0.8,2.4,0,385261,135322,161977,73361,3.7,3.7,0.04,0.46,0.5,5.05,0.01,0.15,0.16,1.68,38.8,152,56,34.4,113,71,10.0,191,93,8.4,154,73,1.0,,,3,,Regan,Slater,Slater,,,270,0,1,3,0,0,0,0,1,0,0,3,19,,,,0.0,1.0,0.0,1.0,6.33,6,5,8
291,i,0.0,0.0,4.5,492,266,0,0,0,0,0.0,624,268,0,0,0.0,478,187,0,0,0.0,478,187,0.0,0.0,0,261,94,335,103,0.0,0.0,0.0,0.0,0.0,0.0,0.0,0.0,0.0,0.0,0.0,454,174,0.0,453,182,0.0,405,151,0.0,460,178,,,,3,,Eliot,Matazo,Matazo,Knee injury - Unknown return date,,0,0,0,0,0,0,0,0,0,0,0,0,0,,,,0.0,0.0,0.0,0.0,0.0,0,0,0
292,a,,,4.9,373,223,0,0,-1,1,0.0,581,241,0,0,0.0,539,215,0,0,0.0,539,215,0.0,0.0,0,799,267,1131,290,0.0,0.0,0.0,0.0,0.0,0.0,0.0,0.0,0.0,0.0,0.0,518,203,0.0,516,210,0.0,477,180,0.0,524,207,,,,3,,Abdülkadir,Ömür,Ömür,,,0,0,0,0,0,0,0,0,0,0,0,0,0,,,,0.0,0.0,0.0,0.0,0.0,0,0,0
293,u,0.0,0.0,5.0,310,184,0,0,0,0,0.0,646,284,0,0,0.0,583,243,0,0,0.0,583,243,0.0,0.0,0,0,0,338,45,0.0,0.0,0.0,0.0,0.0,0.0,0.0,0.0,0.0,0.0,0.0,568,236,0.0,574,242,0.0,552,225,0.0,575,239,,,,3,,Abu,Kamara,Kamara,Has joined Portsmouth permanently,,0,0,0,0,0,0,0,0,0,0,0,0,0,,,,0.0,0.0,0.0,0.0,0.0,0,0,0
294,a,100.0,0.0,4.5,522,273,0,0,0,0,0.1,430,166,0,0,0.0,499,194,0,0,0.0,499,194,0.0,0.0,0,2271,1135,5049,992,0.0,0.0,0.0,0.0,0.0,0.0,0.0,0.0,0.0,0.0,0.0,475,181,0.0,475,189,0.0,432,158,0.0,481,185,,,,3,,Óscar,Zambrano,Zambrano,,,0,0,0,0,0,0,0,0,0,0,0,0,0,,,,0.0,0.0,0.0,0.0,0.0,0,0,0
295,a,,,5.5,127,33,0,0,0,0,1.9,131,18,8,2,2.7,149,16,0,30,2.7,133,12,0.5,1.5,0,142179,18906,99834,33893,2.7,2.7,0.54,0.07,0.61,5.05,0.18,0.02,0.2,1.68,20.6,220,16,45.7,73,4,75.0,21,8,14.1,65,8,,,1.0,3,,Oli,McBurnie,McBurnie,,,270,0,1,3,0,0,0,0,1,0,0,3,12,,,,0.0,1.0,0.0,1.0,4.0,2,4,6
296,u,0.0,,5.0,266,166,0,0,0,0,0.0,515,209,0,0,0.0,565,234,0,0,0.0,565,234,0.0,0.0,0,2704,522,3178,903,0.0,0.0,0.0,0.0,0.0,0.0,0.0,0.0,0.0,0.0,0.0,549,226,0.0,551,232,0.0,524,212,0.0,555,229,,,,3,,David,Akintola,Akintola,Has joined Omonoia FC permanently,,0,0,0,0,0,0,0,0,0,0,0,0,0,,,,0.0,0.0,0.0,0.0,0.0,0,0,0
297,i,0.0,0.0,4.5,493,267,0,0,0,0,0.0,571,237,0,0,0.0,479,188,0,0,0.0,479,188,0.0,0.0,0,302,97,1211,242,0.0,0.0,0.0,0.0,0.0,0.0,0.0,0.0,0.0,0.0,0.0,455,175,0.0,454,183,0.0,406,152,0.0,461,179,,,,3,,Darko,Gyabi,Gyabi,Thigh injury - Unknown return date,,0,0,0,0,0,0,0,0,0,0,0,0,0,,,,0.0,0.0,0.0,0.0,0.0,0,0,0
298,u,0.0,0.0,4.5,508,68,0,0,0,0,0.2,330,53,0,0,0.0,487,50,0,0,0.0,487,50,0.0,0.0,0,0,0,17786,3346,0.0,0.0,0.0,0.0,0.0,0.0,0.0,0.0,0.0,0.0,0.0,463,42,0.0,463,48,0.0,420,44,0.0,469,46,,,,3,,Enis,Destan,Destan,Has joined Konyaspor permanently,,0,0,0,0,0,0,0,0,0,0,0,0,0,,,,0.0,0.0,0.0,0.0,0.0,0,0,0
340,a,100.0,100.0,5.0,294,176,0,0,0,0,0.0,600,253,0,0,0.0,577,239,0,0,0.0,577,239,0.0,0.0,0,306,162,659,148,0.0,0.0,0.0,0.0,0.0,0.0,0.0,0.0,0.0,0.0,0.0,561,231,0.0,565,237,0.0,542,219,0.0,568,234,,,,3,,Joe,Gelhardt,Gelhardt,,,0,0,0,0,0,0,0,0,0,0,0,0,0,,,,0.0,0.0,0.0,0.0,0.0,0,0,0
556,a,,,4.0,597,167,0,0,0,0,1.9,129,52,1,0,1.0,265,94,0,3,0.3,337,120,0.1,0.2,0,20043,4231,54901,16347,0.3,0.3,0.0,0.0,0.0,0.07,0.0,0.0,0.0,1.26,0.4,355,130,0.0,371,135,0.0,311,115,0.0,382,133,,,,3,,Matt,Targett,Targett,,,5,0,0,0,0,0,0,0,0,0,0,0,0,,,,0.0,0.0,0.0,0.0,0.0,0,0,1
563,i,0.0,100.0,5.0,289,173,0,0,0,0,0.0,563,233,1,0,1.0,316,137,0,6,0.3,363,167,0.1,0.2,0,662,123,1066,421,0.0,0.3,0.0,0.0,0.0,1.09,0.0,0.0,0.0,2.18,11.0,265,110,13.4,200,110,0.0,538,217,2.4,281,123,,,,3,,Hidemasa,Morita,Morita,Calf injury - Expected back 11 Oct,,45,0,0,0,0,0,0,0,0,0,0,1,3,,,,0.0,0.0,0.0,2.0,6.0,0,2,1
572,a,,,4.6,423,22,0,0,1,-1,9.8,43,6,26,6,8.7,4,1,6,98,8.7,3,1,1.9,5.7,0,676506,206754,128926,55638,8.7,8.7,0.0,0.0,0.0,5.05,0.0,0.0,0.0,1.68,72.4,49,9,0.0,506,51,0.0,465,50,7.3,175,8,,,,3,,Konstantinos,Tzolakis,Tzolakis,,,270,0,0,3,0,0,0,0,0,0,9,3,0,,,,3.0,1.0,0.0,1.0,0.0,0,0,43
282,a,,,4.0,610,178,0,0,0,0,1.6,146,60,20,8,6.7,26,11,2,75,6.7,25,11,1.7,5.0,0,93667,53963,25565,13031,6.7,6.7,0.02,0.18,0.2,4.98,0.01,0.06,0.07,1.7,38.2,153,70,60.2,41,5,6.0,221,75,10.5,119,45,3.0,1.0,,3,,Ryan,Giles,Giles,,,264,0,0,3,0,0,0,0,0,0,0,3,12,,,,0.0,1.02,0.0,1.02,4.09,3,9,10
574,a,,,4.9,410,247,-1,1,-1,1,0.1,480,191,1,1,1.0,303,127,0,4,0.3,356,162,0.1,0.2,0,1025,397,3180,751,0.3,0.3,0.0,0.0,0.0,0.0,0.0,0.0,0.0,0.0,0.0,535,216,0.0,536,224,0.0,498,195,0.0,543,221,,,,3,,Jens,Hjertø-Dahl,Hjertø-Dahl,,,8,0,0,0,0,0,0,0,0,0,0,0,1,,,,0.0,0.0,0.0,0.0,11.25,0,0,1
576,a,,,5.0,347,209,0,0,0,0,0.1,444,174,6,3,2.0,210,92,0,14,2.0,187,85,0.4,1.2,0,2712,512,3129,846,2.0,2.0,0.05,0.05,0.1,4.06,0.02,0.02,0.04,1.92,8.4,277,117,20.9,165,94,11.0,185,90,3.6,251,109,,,,3,,Elliot,Stroud,Stroud,,,190,0,0,2,0,0,0,0,1,0,0,3,15,,,,0.0,0.95,0.0,1.42,7.11,3,3,9
585,a,,,4.0,650,209,0,0,0,0,0.6,239,88,3,1,1.0,271,100,0,9,1.0,246,89,0.2,0.8,0,7919,1714,12559,3858,1.0,1.0,0.0,0.0,0.0,1.28,0.0,0.0,0.0,1.52,17.6,231,96,0.3,336,128,0.0,353,146,1.8,298,110,,,,3,,Lucas,Herrington,Herrington,,,76,0,0,0,0,0,0,0,0,0,0,0,7,,,,0.0,0.0,0.0,0.0,8.29,1,6,1
586,a,100.0,100.0,4.1,579,161,1,-1,1,-1,8.1,52,21,24,8,8.0,7,2,1,66,8.0,6,2,2.0,5.9,0,622152,275774,146139,57916,8.0,8.0,0.32,0.0,0.32,3.76,0.15,0.0,0.15,1.77,95.6,19,4,1.2,302,112,54.0,52,7,15.1,57,12,,,,3,,Nobel,Mendy,Mendy,,,191,1,0,2,0,0,0,0,0,0,0,3,32,,,,0.0,0.94,0.0,1.41,15.08,5,27,6
589,a,,,5.0,300,179,0,0,0,0,0.0,552,227,3,2,1.5,242,107,0,13,1.0,259,113,0.2,0.6,0,500,152,896,236,1.0,1.0,0.0,0.02,0.02,2.13,0.0,0.01,0.01,1.52,26.2,200,79,22.5,152,90,0.0,545,221,4.9,229,102,,,,3,,Lucas,Gourna-Douath,Gourna-Douath,,,126,0,0,1,0,0,0,0,1,0,0,1,16,,,,0.0,0.71,0.0,0.71,11.43,4,5,7
617,a,,,5.0,312,186,0,0,0,0,0.0,602,255,2,1,1.0,319,139,0,8,1.0,261,114,0.2,0.4,0,999,303,357,166,1.0,1.0,0.05,0.0,0.05,0.18,0.3,0.0,0.3,1.08,3.4,323,146,0.3,340,168,17.0,136,69,2.1,289,128,,,,3,,Mohamed-Ali,Cho,Cho,,,15,0,0,0,0,0,0,0,0,0,0,0,0,,,,0.0,0.0,0.0,0.0,0.0,0,0,0
632,i,0.0,,5.0,353,62,0,0,0,0,0.0,507,70,0,0,0.0,602,67,0,0,0.0,602,67,0.0,0.0,0,4870,2648,1511,1301,0.0,1.4,0.0,0.0,0.0,0.0,0.0,0.0,0.0,0.0,0.0,587,60,0.0,594,65,0.0,576,62,0.0,594,64,,,,3,,Ilyas,Ansah,Ansah,Back injury - Unknown return date,,0,0,0,0,0,0,0,0,0,0,0,0,0,,,,0.0,0.0,0.0,0.0,0.0,0,0,0
637,a,,,5.0,355,64,0,0,0,0,0.0,501,69,0,0,0.0,604,69,0,0,0.0,604,69,0.0,0.0,0,4484,2877,931,729,1.4,1.4,0.0,0.0,0.0,0.0,0.0,0.0,0.0,0.0,0.0,589,62,0.0,596,67,0.0,578,64,0.0,596,66,,,,3,,Robinio,Vaz,Vaz,,,0,0,0,0,0,0,0,0,0,0,0,0,0,,,,0.0,0.0,0.0,0.0,0.0,0,0,0
638,a,,,4.0,628,189,0,0,0,0,0.3,294,107,1,1,1.0,268,97,0,3,1.0,244,87,0.2,0.2,0,19526,13072,3847,3074,1.0,1.0,0.0,0.0,0.0,0.12,0.0,0.0,0.0,0.42,2.2,338,126,0.3,335,127,2.0,263,96,0.5,338,124,,,,3,,Brooke,Norton-Cuffy,Norton-Cuffy,,,26,0,0,0,0,0,0,0,0,0,0,0,1,,,,0.0,0.0,0.0,0.0,3.46,0,1,2
642,a,,,5.5,142,85,0,0,0,0,0.0,588,245,1,1,1.0,345,157,0,5,1.0,270,122,0.2,0.2,0,1232,786,303,245,2.0,2.0,0.0,0.04,0.04,0.12,0.0,0.13,0.13,0.4,3.2,328,148,10.8,220,117,0.0,615,263,1.4,312,140,,,,3,,Sorba,Thomas,Thomas,,,27,0,0,0,0,0,0,0,0,0,0,0,1,,,,0.0,0.0,0.0,0.0,3.33,0,0,1
645,a,,,5.0,356,213,0,0,0,0,0.0,628,271,0,0,0.0,605,255,0,0,0.0,605,255,0.0,0.0,0,460,250,100,76,1.6,1.6,0.0,0.0,0.0,0.0,0.0,0.0,0.0,0.0,0.0,590,248,0.0,597,254,0.0,579,241,0.0,597,251,,,,3,,Christos,Mouzakitis,Mouzakitis,,,0,0,0,0,0,0,0,0,0,0,0,0,0,,,,0.0,0.0,0.0,0.0,0.0,0,0,0
259,a,,,4.0,607,175,0,0,0,0,14.4,27,8,7,3,2.3,166,64,0,24,2.3,146,56,0.6,1.8,0,100914,30887,314537,118463,2.3,2.3,0.0,0.02,0.02,6.12,0.0,0.01,0.01,2.04,75.2,41,15,11.9,213,74,2.0,262,95,8.9,145,57,,,,3,,Issa,Diop,Diop,,,270,0,0,0,8,0,0,0,0,0,0,3,28,,,,0.0,0.0,2.67,1.0,9.33,3,25,12
267,a,,,5.0,265,165,0,0,0,0,0.1,412,157,8,2,2.7,147,60,0,46,2.7,130,54,0.5,1.6,0,2615,628,4313,1162,2.7,2.7,0.02,0.06,0.08,5.26,0.01,0.02,0.03,1.88,51.2,113,41,40.9,88,60,4.0,243,116,9.6,131,65,1.0,,,3,,Saša,Lukić,Lukić,,,252,0,1,0,7,0,0,0,1,0,0,3,21,,,,0.0,0.0,2.5,1.07,7.5,5,10,6
300,a,,,4.4,561,47,-1,1,-1,1,0.4,271,36,0,0,0.0,445,46,0,0,0.0,445,46,0.0,0.0,0,771,212,11387,2351,0.0,0.0,0.0,0.0,0.0,0.0,0.0,0.0,0.0,0.0,0.0,420,46,0.0,415,27,0.0,360,24,0.0,426,46,,,,3,,Christian,Walton,Walton,,,0,0,0,0,0,0,0,0,0,0,0,0,0,,,,0.0,0.0,0.0,0.0,0.0,0,0,0
302,a,,,4.0,583,52,0,0,0,0,0.6,244,33,0,0,0.0,390,26,0,0,0.0,390,26,0.0,0.0,0,22440,12884,10140,4440,0.0,0.0,0.0,0.0,0.0,0.0,0.0,0.0,0.0,0.0,0.0,365,26,0.0,358,7,0.0,298,4,0.0,370,26,,,,3,,David,Button,Button,,,0,0,0,0,0,0,0,0,0,0,0,0,0,,,,0.0,0.0,0.0,0.0,0.0,0,0,0
304,a,,,4.0,606,174,0,0,0,0,3.0,102,39,7,3,2.3,165,63,0,7,2.3,145,55,0.6,1.8,0,51508,13697,84614,33437,2.3,2.3,0.07,0.18,0.25,6.12,0.02,0.06,0.08,2.04,71.8,53,22,29.7,129,38,15.0,146,46,11.6,96,28,,,,3,,Dara,O'Shea,O'Shea,,,270,0,0,0,8,0,0,0,0,0,0,3,30,,,,0.0,0.0,2.67,1.0,10.0,5,25,11
305,a,,,4.0,620,184,0,0,0,0,5.1,72,29,9,1,3.0,119,46,0,15,3.0,108,40,0.8,2.2,0,106933,36738,112544,51298,3.0,3.0,0.65,0.25,0.9,6.12,0.22,0.08,0.3,2.04,79.6,39,14,38.5,97,25,69.0,28,3,18.8,32,3,,2.0,,3,,Leif,Davis,Davis,,,270,1,0,0,8,0,0,0,0,0,0,3,17,,,,0.0,0.0,2.67,1.0,5.67,2,15,8
306,a,,,4.0,618,182,0,0,0,0,1.2,168,68,2,1,0.7,372,129,0,5,0.7,286,101,0.2,0.5,0,5912,1598,25017,7633,0.7,0.7,0.0,0.05,0.05,6.12,0.0,0.02,0.02,2.04,49.8,115,55,14.9,189,60,4.0,237,85,6.9,185,71,,,,3,,Jacob,Greaves,Greaves,,,270,0,0,0,8,1,0,0,1,0,0,3,24,,,,0.0,0.0,2.67,1.0,8.0,5,19,8
284,a,,,4.0,656,215,0,0,0,0,0.1,437,158,0,0,0.0,444,171,0,0,0.0,444,171,0.0,0.0,0,2969,787,3053,882,0.0,0.0,0.0,0.0,0.0,0.0,0.0,0.0,0.0,0.0,0.0,419,167,0.0,414,167,0.0,359,152,0.0,425,165,,,,3,,Cathal,McCarthy,McCarthy,,,0,0,0,0,0,0,0,0,0,0,0,0,0,,,,0.0,0.0,0.0,0.0,0.0,0,0,0
303,a,,,4.0,601,170,0,0,0,0,0.5,251,93,0,0,0.0,403,140,0,0,0.0,403,140,0.0,0.0,0,1461,497,13777,3406,0.0,0.0,0.0,0.0,0.0,0.0,0.0,0.0,0.0,0.0,0.0,378,136,0.0,373,136,0.0,314,117,0.0,384,134,,,,3,,Cédric,Kipré,Kipré,,,0,0,0,0,0,0,0,0,0,0,0,0,0,,,,0.0,0.0,0.0,0.0,0.0,0,0,0
307,u,0.0,0.0,4.0,609,177,0,0,0,0,0.1,458,163,0,0,0.0,408,144,0,0,0.0,408,144,0.0,0.0,0,1137,0,4486,2096,0.0,0.0,0.0,0.0,0.0,0.0,0.0,0.0,0.0,0.0,0.0,383,140,0.0,378,140,0.0,320,122,0.0,389,138,,,,3,,Ben,Johnson,Johnson,Has joined Stoke City on loan for the rest of the season,,0,0,0,0,0,0,0,0,0,0,0,0,0,,,,0.0,0.0,0.0,0.0,0.0,0,0,0
309,a,,,5.0,321,190,0,0,0,0,0.1,397,147,6,0,3.0,132,53,0,32,2.0,184,83,0.4,1.2,0,2633,330,4971,1593,2.0,2.0,0.03,0.05,0.08,3.48,0.02,0.03,0.05,2.24,24.6,203,81,19.4,173,99,6.0,227,112,5.0,226,101,3.0,1.0,,3,,Marcelino,Núñez,Núñez,,,140,0,0,0,4,0,0,0,0,0,0,2,21,,,,0.0,0.0,2.57,1.29,13.5,3,8,10
310,a,100.0,0.0,4.9,383,229,-1,1,-1,1,0.0,641,281,0,0,0.0,543,219,0,0,0.0,543,219,0.0,0.0,0,49,29,217,38,0.0,0.0,0.0,0.0,0.0,0.0,0.0,0.0,0.0,0.0,0.0,522,207,0.0,521,214,0.0,482,184,0.0,528,211,,,,3,,Azor,Matusiwa,Matusiwa,,,0,0,0,0,0,0,0,0,0,0,0,0,0,,,,0.0,0.0,0.0,0.0,0.0,0,0,0
311,u,0.0,0.0,5.0,248,153,0,0,0,0,0.0,644,282,0,0,0.0,560,231,0,0,0.0,560,231,0.0,0.0,0,0,0,315,36,0.0,0.0,0.0,0.0,0.0,0.0,0.0,0.0,0.0,0.0,0.0,543,222,0.0,544,229,0.0,514,206,0.0,550,226,,,,3,,Wes,Burns,Burns,Has joined Leicester City permanently,,0,0,0,0,0,0,0,0,0,0,0,0,0,,,,0.0,0.0,0.0,0.0,0.0,0,0,0
312,i,0.0,0.0,4.5,469,263,0,0,0,0,0.0,536,220,0,0,0.0,468,186,0,0,0.0,468,186,0.0,0.0,0,448,147,1979,401,0.0,0.0,0.0,0.0,0.0,0.0,0.0,0.0,0.0,0.0,0.0,444,173,0.0,441,181,0.0,391,150,0.0,450,177,,,,3,,Jack,Taylor,Taylor,Knee injury - Unknown return date,,0,0,0,0,0,0,0,0,0,0,0,0,0,,,,0.0,0.0,0.0,0.0,0.0,0,0,0
313,a,,,5.4,210,133,-1,1,-1,1,0.2,332,118,8,1,4.0,82,37,1,30,2.7,132,55,0.5,1.5,0,4760,391,11257,3088,2.7,2.7,0.15,0.02,0.17,0.09,0.31,0.04,0.35,0.19,37.0,158,58,12.3,211,114,22.0,118,61,7.1,181,84,4.0,3.0,1.0,3,,Jack,Clarke,Clarke,,,43,1,0,0,0,0,0,0,0,0,0,0,4,,,,0.0,0.0,0.0,0.0,8.37,1,1,2
314,u,0.0,0.0,4.9,380,226,0,0,-1,1,0.0,611,260,0,0,0.0,541,217,0,0,0.0,541,217,0.0,0.0,0,104,0,944,283,0.0,0.0,0.0,0.0,0.0,0.0,0.0,0.0,0.0,0.0,0.0,520,205,0.0,519,212,0.0,480,182,0.0,526,209,,,,3,,Chiedozie,Ogbene,Ogbene,Has joined Lincoln City on loan until January,,0,0,0,0,0,0,0,0,0,0,0,0,0,,,,0.0,0.0,0.0,0.0,0.0,0,0,0
315,a,,,5.5,168,103,0,0,0,0,0.2,338,121,8,2,2.7,154,65,0,61,2.7,139,60,0.5,1.5,0,4272,1576,7769,2026,2.7,2.7,0.03,0.78,0.81,5.91,0.01,0.31,0.32,2.36,55.4,100,36,103.6,11,11,14.0,162,79,17.3,37,28,2.0,,,3,,Abdul,Fatawu,Fatawu,,,225,0,1,0,8,0,0,0,1,0,0,3,17,,,,0.0,0.0,3.2,1.2,6.8,7,4,6
316,a,100.0,100.0,5.5,171,40,0,0,0,0,1.7,142,21,12,2,4.0,86,8,3,56,4.0,80,7,0.7,2.2,0,119742,22195,89000,20946,4.0,4.0,1.04,0.06,1.1,2.02,0.53,0.03,0.56,1.04,49.8,116,6,37.4,102,9,50.0,60,15,13.7,73,10,,,2.0,3,,Emersonn,Correia da Silva,Emersonn,,,175,1,0,0,4,0,0,0,0,0,0,3,7,,,,0.0,0.0,2.06,1.54,3.6,2,3,2
317,u,0.0,0.0,5.0,274,53,0,0,0,0,0.1,427,62,0,0,0.0,568,60,0,0,0.0,568,60,0.0,0.0,0,0,0,14879,1819,0.0,0.0,0.0,0.0,0.0,0.0,0.0,0.0,0.0,0.0,0.0,552,53,0.0,554,58,0.0,527,55,0.0,558,57,,,,3,,George,Hirst,Hirst,Has joined Stoke City permanently,,0,0,0,0,0,0,0,0,0,0,0,0,0,,,,0.0,0.0,0.0,0.0,0.0,0,0,0
318,a,100.0,0.0,5.4,218,137,0,0,-1,1,0.1,457,181,0,0,0.0,617,263,0,0,0.0,617,263,0.0,0.0,0,170,23,8585,1207,0.0,0.0,0.0,0.0,0.0,0.0,0.0,0.0,0.0,0.0,0.0,604,257,0.0,610,262,0.0,595,252,0.0,610,259,5.0,,3.0,3,,Jaden,Philogene,Philogene,,,0,0,0,0,0,0,0,0,0,0,0,0,0,,,,0.0,0.0,0.0,0.0,0.0,0,0,0
319,u,0.0,0.0,5.0,254,158,0,0,0,0,0.0,636,276,0,0,0.0,563,233,0,0,0.0,563,233,0.0,0.0,0,0,0,677,77,0.0,0.0,0.0,0.0,0.0,0.0,0.0,0.0,0.0,0.0,0.0,546,224,0.0,547,231,0.0,519,210,0.0,553,228,,,,3,,Sam,Szmodics,Szmodics,Has joined Derby County on loan for the rest of the season,,0,0,0,0,0,0,0,0,0,0,0,0,0,,,,0.0,0.0,0.0,0.0,0.0,0,0,0
320,a,,,5.0,247,51,0,0,0,0,1.2,172,26,6,0,3.0,128,15,0,33,2.0,178,16,0.4,1.2,0,98994,31715,40003,16533,2.0,2.0,0.97,0.0,0.97,4.04,1.27,0.0,1.27,5.27,34.6,168,11,1.7,289,36,19.0,125,25,5.5,217,23,,,,3,,Chuba,Akpom,Akpom,,,69,1,0,0,4,0,0,0,0,0,0,0,3,,,,0.0,0.0,5.22,0.0,3.91,1,0,2
321,a,,,4.5,525,71,0,0,0,0,3.5,92,13,1,0,1.0,290,33,0,3,0.3,345,42,0.1,0.2,0,238463,70053,126168,48573,0.3,0.3,0.0,0.0,0.0,0.03,0.0,0.0,0.0,0.27,0.0,478,45,0.1,349,44,0.0,435,47,0.0,484,49,,,,3,,Sindre,Walle Egeli,Walle Egeli,,,10,0,0,0,0,0,0,0,0,0,0,0,0,,,,0.0,0.0,0.0,0.0,0.0,0,0,0
322,u,0.0,0.0,5.0,293,56,0,0,0,0,0.1,474,66,0,0,0.0,576,62,0,0,0.0,576,62,0.0,0.0,0,755,0,8333,1454,0.0,0.0,0.0,0.0,0.0,0.0,0.0,0.0,0.0,0.0,0.0,560,55,0.0,564,60,0.0,541,57,0.0,567,59,,,,3,,Ali,Al-Hamadi,Al-Hamadi,Has joined Sheffield Wednesday on loan for the rest of the season,,0,0,0,0,0,0,0,0,0,0,0,0,0,,,,0.0,0.0,0.0,0.0,0.0,0,0,0
323,a,,,4.5,490,265,0,0,0,0,1.2,171,54,3,1,1.0,286,120,0,12,1.0,252,110,0.2,0.7,0,23564,6323,39435,11904,1.0,1.0,0.05,0.0,0.05,0.21,0.11,0.0,0.11,0.45,4.6,308,137,1.8,284,145,7.0,209,104,1.4,309,138,,,,3,,Kasey,McAteer,McAteer,,,42,0,0,0,0,0,0,0,0,0,0,0,5,,,,0.0,0.0,0.0,0.0,10.71,1,0,4
299,u,0.0,0.0,4.5,516,69,0,0,0,0,0.0,519,71,0,0,0.0,494,51,0,0,0.0,494,51,0.0,0.0,0,0,0,2434,446,0.0,0.0,0.0,0.0,0.0,0.0,0.0,0.0,0.0,0.0,0.0,470,43,0.0,470,49,0.0,427,45,0.0,476,47,,,,3,,Mason,Burstow,Burstow,Has joined Sheffield Wednesday on loan for the rest of the season,,0,0,0,0,0,0,0,0,0,0,0,0,0,,,,0.0,0.0,0.0,0.0,0.0,0,0,0
324,a,,,4.9,381,227,0,0,-1,1,0.0,523,213,0,0,0.0,542,218,0,0,0.0,542,218,0.0,0.0,0,241,85,1902,459,0.0,0.0,0.0,0.0,0.0,0.0,0.0,0.0,0.0,0.0,0.0,521,206,0.0,520,213,0.0,481,183,0.0,527,210,,,,3,,Anis,Mehmeti,Mehmeti,,,0,0,0,0,0,0,0,0,0,0,0,0,0,,,,0.0,0.0,0.0,0.0,0.0,0,0,0
554,u,0.0,0.0,4.5,517,45,0,0,0,0,0.0,565,65,0,0,0.0,495,63,0,0,0.0,495,63,0.0,0.0,0,54,0,1602,267,0.0,0.0,0.0,0.0,0.0,0.0,0.0,0.0,0.0,0.0,0.0,471,63,0.0,471,49,0.0,428,48,0.0,477,63,,,,3,,Kayne,van Oevelen,Van Oevelen,Has joined Valencia on loan for the rest of the season,,0,0,0,0,0,0,0,0,0,0,0,0,0,,,,0.0,0.0,0.0,0.0,0.0,0,0,0
562,a,,,5.4,209,132,-1,1,-1,1,0.3,304,104,6,2,2.0,212,94,0,26,2.0,190,88,0.4,1.1,0,2377,734,13688,3807,2.0,2.0,0.71,0.01,0.72,5.16,0.3,0.0,0.3,2.15,28.8,191,73,2.9,261,137,43.0,69,41,7.4,174,80,,,,3,,Daizen,Maeda,Maeda,,,216,0,0,0,7,0,0,0,0,0,0,3,19,,,,0.0,0.0,2.92,1.25,7.92,7,8,4
564,a,,,4.5,472,36,0,0,0,0,0.6,236,32,6,2,2.0,194,16,0,34,2.0,174,15,0.4,1.3,0,10208,4480,15340,4607,2.0,2.0,0.0,0.01,0.01,6.12,0.0,0.0,0.0,2.04,88.6,29,5,0.0,443,42,0.0,393,39,8.8,147,5,,,,3,,Kjell,Scherpen,Scherpen,,,270,0,0,0,8,0,0,0,0,0,13,3,0,,,,4.33,0.0,2.67,1.0,0.0,0,5,30
571,a,100.0,100.0,4.9,378,225,0,0,-1,1,0.1,438,169,0,0,0.0,540,216,0,0,0.0,540,216,0.0,0.0,0,730,293,5555,997,0.0,0.0,0.0,0.0,0.0,0.0,0.0,0.0,0.0,0.0,0.0,519,204,0.0,518,211,0.0,479,181,0.0,525,208,,,,3,,Florentino Ibrain,Morris Luís,Florentino,,,0,0,0,0,0,0,0,0,0,0,0,0,0,,,,0.0,0.0,0.0,0.0,0.0,0,0,0
591,a,100.0,100.0,5.5,158,95,0,0,0,0,0.9,203,63,11,1,3.7,97,43,0,65,3.7,89,41,0.7,2.0,0,76194,22628,28121,12856,3.7,3.7,0.87,0.64,1.51,6.09,0.31,0.23,0.54,2.19,53.6,104,38,48.9,64,48,62.0,41,26,16.5,47,34,,,,3,,Julio,Enciso,Enciso,,,250,0,2,0,8,0,0,0,1,0,0,3,21,,,,0.0,0.0,2.88,1.08,7.56,2,4,15
592,a,,,4.0,644,204,0,0,0,0,0.9,199,76,3,1,1.0,270,99,0,7,1.0,245,88,0.2,0.8,0,9672,2502,17626,4599,1.0,1.0,0.0,0.02,0.02,0.89,0.0,0.05,0.05,2.05,9.4,272,112,24.6,146,47,0.0,347,141,3.4,253,96,,,,3,,Abdoul,Ouattara,Ouattara,,,39,0,0,0,1,0,0,0,0,0,0,0,2,,,,0.0,0.0,2.31,0.0,4.62,0,2,3
602,u,0.0,0.0,4.5,515,272,0,0,0,0,0.0,546,225,0,0,0.0,493,193,0,0,0.0,493,193,0.0,0.0,0,2861,0,2432,895,0.0,0.0,0.0,0.0,0.0,0.0,0.0,0.0,0.0,0.0,0.0,469,180,0.0,469,188,0.0,426,157,0.0,475,184,,,,3,,Cameron,Humphreys,Humphreys,Has joined Huddersfield Town on loan for the rest of the season,,0,0,0,0,0,0,0,0,0,0,0,0,0,,,,0.0,0.0,0.0,0.0,0.0,0,0,0
619,a,,,5.0,268,167,0,0,0,0,0.0,539,221,5,4,2.5,162,69,0,35,2.5,144,64,0.5,1.0,0,3482,2067,1158,806,2.5,2.5,0.0,0.03,0.03,2.61,0.0,0.03,0.03,2.24,27.4,196,76,34.5,112,70,2.0,272,128,6.4,203,92,,,,3,,Exequiel,Palacios,Palacios,,,105,0,0,0,4,0,0,0,0,0,0,1,25,,,,0.0,0.0,3.43,0.86,21.43,5,5,15
640,a,,,5.5,145,37,0,0,0,0,0.0,521,72,1,1,1.0,346,40,0,4,1.0,271,31,0.2,0.2,0,3823,2062,798,565,1.8,1.8,0.02,0.01,0.03,0.06,0.08,0.04,0.12,0.22,3.2,329,34,0.5,331,41,7.0,218,35,1.1,318,36,,,,3,,Zian,Flemming,Flemming,,,24,0,0,0,0,0,0,0,0,0,0,0,0,,,,0.0,0.0,0.0,0.0,0.0,0,0,0
260,a,,,6.3,50,34,-1,1,-2,2,2.9,105,33,4,0,1.3,261,118,0,15,1.3,238,108,0.2,0.6,0,25046,2790,318272,104899,1.3,1.3,0.01,0.06,0.07,2.98,0.01,0.04,0.05,2.11,16.0,239,98,47.7,66,50,12.0,181,89,7.7,164,75,2.0,2.0,,3,,Harry,Wilson,Wilson,,,127,0,0,1,0,0,0,0,1,0,0,1,9,,,,0.0,0.71,0.0,0.71,6.38,3,2,4
326,u,0.0,0.0,4.5,455,33,0,0,0,0,0.4,283,38,0,0,0.0,462,56,0,0,0.0,462,56,0.0,0.0,0,532,0,20903,6087,0.0,0.0,0.0,0.0,0.0,0.0,0.0,0.0,0.0,0.0,0.0,438,56,0.0,435,39,0.0,384,36,0.0,444,56,,,,3,,Lucas Estella,Perri,Perri,Has joined Torino on loan for the rest of the season,,0,0,0,0,0,0,0,0,0,0,0,0,0,,,,0.0,0.0,0.0,0.0,0.0,0,0,0
327,a,,,5.0,287,48,0,0,0,0,0.8,206,79,12,1,4.0,81,34,2,29,4.0,76,31,0.8,2.4,0,63923,3796,38258,12547,4.0,4.0,0.11,0.0,0.11,3.16,0.06,0.0,0.06,1.73,38.2,154,71,0.6,323,123,15.0,152,51,5.4,219,83,,,,3,,Jaka,Bijol,Bijol,,,164,0,0,1,2,0,0,0,0,0,0,2,21,,,,0.0,0.55,1.1,1.1,11.52,3,18,7
329,i,0.0,0.0,4.4,566,150,-1,1,-1,1,1.3,163,66,7,0,3.5,103,38,0,25,2.3,148,58,0.5,1.6,0,26818,148,231632,91431,0.0,0.0,0.03,0.06,0.09,1.01,0.02,0.04,0.06,0.74,23.0,207,88,14.7,190,61,7.0,207,70,4.5,238,91,,,,3,,Joe,Rodon,Rodon,Hamstring injury - Expected back 21 Nov,,123,0,0,1,0,0,0,0,0,0,0,2,11,,,,0.0,0.73,0.0,1.46,8.05,1,10,2
330,a,,,4.5,466,105,0,0,0,0,1.9,128,51,22,14,7.3,13,4,3,63,7.3,12,4,1.6,4.9,0,109977,98963,27901,19256,7.3,7.3,0.9,0.03,0.93,1.64,0.37,0.01,0.38,0.68,61.0,72,35,14.1,193,63,37.0,81,16,11.2,104,35,,,,3,,Jayden,Bogle,Bogle,,,217,1,0,2,1,0,0,0,1,0,0,3,12,,,,0.0,0.83,0.41,1.24,4.98,3,9,8
331,a,100.0,100.0,4.5,475,110,0,0,0,0,0.1,491,174,2,2,2.0,195,77,0,9,0.7,292,106,0.2,0.4,0,1634,924,1828,445,0.7,0.7,0.0,0.0,0.0,2.19,0.0,0.0,0.0,2.19,12.6,253,104,1.2,303,113,2.0,270,103,1.6,304,113,,,,3,,Gabriel,Gudmundsson,Gudmundsson,,,90,0,0,0,1,0,0,0,0,0,0,1,5,,,,0.0,0.0,1.0,1.0,5.0,3,2,9
332,a,,,4.5,461,101,0,0,0,0,1.5,151,63,16,4,5.3,44,18,2,49,5.3,39,16,1.2,3.6,0,100532,21366,48475,17656,5.3,5.3,0.17,0.02,0.19,4.52,0.06,0.01,0.07,1.51,66.0,62,29,15.6,187,59,32.0,91,20,11.3,99,30,,,,3,,James,Justin,Justin,,,270,0,0,1,2,0,0,0,0,0,0,3,30,,,,0.0,0.33,0.67,1.0,10.0,11,19,11
301,a,,,4.0,590,57,0,0,0,0,4.2,81,13,0,0,0.0,397,31,0,0,0.0,397,31,0.0,0.0,0,57634,20268,75519,27304,0.0,0.0,0.0,0.0,0.0,0.0,0.0,0.0,0.0,0.0,0.0,372,31,0.0,365,12,0.0,305,9,0.0,377,31,,,,3,,Alex,Palmer,Palmer,,,0,0,0,0,0,0,0,0,0,0,0,0,0,,,,0.0,0.0,0.0,0.0,0.0,0,0,0
308,a,,,4.0,600,169,0,0,0,0,0.5,253,94,1,0,1.0,266,95,0,-1,0.3,338,121,0.1,0.2,0,1226,345,12046,3082,0.3,0.3,0.0,0.0,0.0,0.86,0.0,0.0,0.0,4.55,5.0,305,119,0.5,327,124,0.0,313,116,0.6,336,123,,,,3,,Darnell,Furlong,Furlong,,,17,0,0,0,1,0,0,0,0,0,0,0,3,,,,0.0,0.0,5.29,0.0,15.88,1,2,0
333,u,0.0,0.0,4.5,484,118,0,0,0,0,0.0,643,214,0,0,0.0,475,183,0,0,0.0,475,183,0.0,0.0,0,0,0,266,33,0.0,0.0,0.0,0.0,0.0,0.0,0.0,0.0,0.0,0.0,0.0,451,180,0.0,449,180,0.0,401,170,0.0,457,178,,,,3,,Sebastiaan,Bornauw,Bornauw,Has joined Hamburg SV on loan for the rest of the season,,0,0,0,0,0,0,0,0,0,0,0,0,0,,,,0.0,0.0,0.0,0.0,0.0,0,0,0
334,a,,,5.0,330,59,0,0,0,0,3.7,88,34,14,4,4.7,60,24,0,52,4.7,55,22,0.9,2.8,0,166274,104231,109724,55289,4.7,4.7,0.09,0.02,0.11,4.52,0.03,0.01,0.04,1.51,96.4,18,3,2.2,275,97,21.0,121,36,11.9,90,23,,,,3,,Tarik,Muharemović,Muharemović,,,270,0,0,1,2,0,0,0,0,0,0,3,39,,,,0.0,0.33,0.67,1.0,13.0,3,36,6
335,a,,,6.0,74,50,0,0,0,0,2.8,106,34,19,2,6.3,31,13,3,57,6.3,29,12,1.0,3.2,0,168472,24952,104176,40940,6.3,6.3,0.49,0.16,0.65,4.52,0.16,0.05,0.21,1.51,87.8,30,14,35.8,107,68,39.0,76,45,16.3,52,37,1.0,1.0,,3,,Anton,Stach,Stach,,,270,1,0,1,2,0,0,0,0,0,0,3,38,,,,0.0,0.33,0.67,1.0,12.67,9,18,11
336,a,,,5.9,94,60,0,0,-1,1,0.3,302,103,6,3,2.0,219,97,0,30,2.0,194,89,0.3,1.0,0,5581,1707,25314,5255,2.0,2.0,0.08,0.18,0.26,1.11,0.05,0.11,0.16,0.65,17.8,229,92,22.1,159,92,16.0,144,74,5.6,215,98,,,,3,,Noah,Okafor,Okafor,,,153,0,0,1,1,0,0,0,0,0,0,2,7,,,,0.0,0.59,0.59,1.18,4.12,3,2,2
337,a,,,5.4,206,129,-1,1,-1,1,0.6,237,79,5,1,1.7,236,105,0,27,1.7,210,96,0.3,0.9,0,5577,958,33882,9355,1.7,1.7,0.01,0.02,0.03,3.08,0.01,0.01,0.02,1.8,10.2,268,113,2.7,263,138,7.0,217,109,2.0,295,131,,4.0,,3,,Brenden,Aaronson,Aaronson,,,154,0,0,1,2,0,0,0,0,0,0,2,10,,,,0.0,0.58,1.17,1.17,5.84,2,1,7
338,a,,,5.4,193,120,-1,1,-1,1,1.0,186,58,9,2,3.0,135,55,0,43,3.0,120,50,0.6,1.7,0,10333,2180,42933,14223,3.0,3.0,0.01,0.14,0.15,4.52,0.0,0.05,0.05,1.51,61.8,70,23,41.2,86,59,1.0,294,143,10.4,122,59,,,,3,,Ethan,Ampadu,Ampadu,,,270,0,0,1,2,0,0,0,0,0,0,3,34,,,,0.0,0.33,0.67,1.0,11.33,8,17,9
339,a,,,4.9,369,220,-1,1,-1,1,0.1,425,164,1,0,1.0,293,122,0,3,0.3,347,157,0.1,0.2,0,1827,613,5796,1561,0.3,0.3,0.0,0.0,0.0,0.07,0.0,0.0,0.0,0.79,0.0,515,201,0.2,347,172,0.0,474,178,0.0,521,205,3.0,3.0,,3,,Sean,Longstaff,Longstaff,,,8,0,0,0,0,0,0,0,0,0,0,0,0,,,,0.0,0.0,0.0,0.0,0.0,0,0,0
341,u,0.0,0.0,5.0,315,187,0,0,0,0,0.0,606,257,0,0,0.0,586,245,0,0,0.0,586,245,0.0,0.0,0,244,0,1544,400,0.0,0.0,0.0,0.0,0.0,0.0,0.0,0.0,0.0,0.0,0.0,571,238,0.0,577,244,0.0,555,227,0.0,578,241,,,,3,,Wilfried,Gnonto,Gnonto,Has joined ACF Fiorentina on loan for the rest of the season,,0,0,0,0,0,0,0,0,0,0,0,0,0,,,,0.0,0.0,0.0,0.0,0.0,0,0,0
342,u,0.0,0.0,5.0,271,168,0,0,0,0,0.0,653,290,0,0,0.0,566,235,0,0,0.0,566,235,0.0,0.0,0,0,0,64,11,0.0,0.0,0.0,0.0,0.0,0.0,0.0,0.0,0.0,0.0,0.0,550,227,0.0,552,233,0.0,525,213,0.0,556,230,,,,3,,Jack,Harrison,Harrison,Has joined New England Revolution permanently,,0,0,0,0,0,0,0,0,0,0,0,0,0,,,,0.0,0.0,0.0,0.0,0.0,0,0,0
343,a,,,5.0,258,160,0,0,0,0,0.1,420,161,1,0,1.0,314,136,0,2,0.3,361,166,0.1,0.2,0,3138,676,5709,1682,0.3,0.3,0.24,0.01,0.25,0.93,0.98,0.04,1.02,3.8,0.0,547,225,1.1,304,152,12.0,176,87,1.1,317,143,,,,3,,Daniel,James,James,,,22,0,0,0,0,0,0,0,0,0,0,0,2,,,,0.0,0.0,0.0,0.0,8.18,0,0,2
344,d,25.0,25.0,5.0,306,181,0,0,0,0,0.0,638,278,0,0,0.0,580,241,0,0,0.0,580,241,0.0,0.0,0,54,12,249,49,0.0,0.0,0.0,0.0,0.0,0.0,0.0,0.0,0.0,0.0,0.0,564,233,0.0,570,239,0.0,548,222,0.0,571,236,,,,3,,Ilia,Gruev,Gruev,Knee injury - 25% chance of playing,,0,0,0,0,0,0,0,0,0,0,0,0,0,,,,0.0,0.0,0.0,0.0,0.0,0,0,0
345,a,,,4.9,384,230,0,0,-1,1,0.2,322,114,6,5,3.0,126,51,0,24,2.0,176,76,0.4,1.2,0,9382,5017,11403,2669,2.0,2.0,0.53,0.02,0.55,2.0,0.41,0.02,0.43,1.54,40.8,145,53,14.0,194,108,13.0,168,81,6.8,188,87,4.0,,,3,,Tanaka,Ao,Tanaka,,,117,0,1,0,1,0,0,0,0,0,0,1,19,,,,0.0,0.0,0.77,0.77,14.62,5,8,6
346,a,,,6.0,63,14,0,0,0,0,22.4,13,4,10,1,3.3,116,13,2,29,3.3,105,10,0.6,1.7,0,367219,84319,918969,386805,3.3,3.3,1.61,0.08,1.69,3.2,0.58,0.03,0.61,1.14,42.8,139,9,16.1,185,22,67.0,34,12,12.1,86,12,,,1.0,3,,Dominic,Calvert-Lewin,Calvert-Lewin,,,252,1,0,1,2,0,0,0,2,0,0,3,9,,,,0.0,0.36,0.71,1.07,3.21,0,4,5
347,a,,,5.4,188,44,-1,1,-1,1,0.5,257,43,5,1,2.5,163,18,0,20,1.7,208,18,0.3,0.9,0,12919,5575,24453,6370,1.7,1.7,0.27,0.14,0.41,2.25,0.64,0.33,0.97,5.33,18.2,225,19,22.1,158,16,15.0,155,27,5.4,221,24,,,2.0,3,,Lukas,Nmecha,Nmecha,,,38,0,1,0,0,0,0,0,0,0,0,0,1,,,,0.0,0.0,0.0,0.0,2.37,0,0,1
348,u,0.0,0.0,5.0,281,55,0,0,0,0,0.1,464,65,0,0,0.0,571,61,0,0,0.0,571,61,0.0,0.0,0,0,0,9648,1352,0.0,0.0,0.0,0.0,0.0,0.0,0.0,0.0,0.0,0.0,0.0,555,54,0.0,557,59,0.0,532,56,0.0,562,58,,,3.0,3,,Joël,Piroe,Piroe,Has joined West Ham United on loan for the rest of the season,,0,0,0,0,0,0,0,0,0,0,0,0,0,,,,0.0,0.0,0.0,0.0,0.0,0,0,0
349,i,0.0,0.0,4.5,526,72,0,0,0,0,0.1,492,68,0,0,0.0,502,53,0,0,0.0,502,53,0.0,0.0,0,1956,684,3021,888,0.0,0.0,0.0,0.0,0.0,0.0,0.0,0.0,0.0,0.0,0.0,479,46,0.0,478,51,0.0,436,48,0.0,485,50,,,,3,,Mateo,Joseph Fernández-Regatillo,Mateo Joseph,Knee injury - Unknown return date,,0,0,0,0,0,0,0,0,0,0,0,0,0,,,,0.0,0.0,0.0,0.0,0.0,0,0,0
385,a,,,5.0,285,11,0,0,0,0,5.4,70,10,15,3,5.0,52,3,2,66,5.0,48,2,1.0,3.0,0,200334,55043,105160,41236,5.0,5.0,0.0,0.0,0.0,4.52,0.0,0.0,0.0,1.51,91.8,25,4,0.0,560,62,0.0,535,62,9.2,142,4,,,,3,,James,Trafford,Trafford,,,270,0,0,1,2,0,0,0,0,0,11,3,0,,,,3.67,0.33,0.67,1.0,0.0,0,2,31
598,a,,,4.5,448,91,0,0,0,0,0.0,504,177,5,4,2.5,159,61,0,21,1.7,198,74,0.4,1.1,0,3357,2274,1871,1064,1.7,1.7,0.0,0.57,0.57,3.51,0.0,0.35,0.35,2.16,43.6,136,61,22.2,156,50,12.0,175,60,7.8,163,65,,,,3,,Nico,Elvedi,Elvedi,,,146,0,0,0,2,0,0,0,0,0,0,1,16,,,,0.0,0.0,1.23,0.62,9.86,1,15,4
603,a,,,4.0,654,213,0,0,0,0,0.1,421,152,0,0,0.0,442,169,0,0,0.0,442,169,0.0,0.0,0,5236,1212,2378,923,0.0,0.0,0.0,0.0,0.0,0.0,0.0,0.0,0.0,0.0,0.0,417,165,0.0,412,165,0.0,357,150,0.0,423,163,,,,3,,Jayden,Lienou,Lienou,,,0,0,0,0,0,0,0,0,0,0,0,0,0,,,,0.0,0.0,0.0,0.0,0.0,0,0,0
604,a,,,4.5,537,279,0,0,0,0,0.1,371,134,0,0,0.0,510,199,0,0,0.0,510,199,0.0,0.0,0,12072,3121,4851,1947,0.0,0.0,0.0,0.0,0.0,0.0,0.0,0.0,0.0,0.0,0.0,487,186,0.0,486,194,0.0,444,163,0.0,493,190,,,,3,,Alfie,Cresswell,Cresswell,,,0,0,0,0,0,0,0,0,0,0,0,0,0,,,,0.0,0.0,0.0,0.0,0.0,0,0,0
629,a,,,4.0,592,58,0,0,0,0,0.6,246,34,0,0,0.0,399,32,0,0,0.0,399,32,0.0,0.0,0,33573,20299,5609,4302,1.0,1.0,0.0,0.0,0.0,0.0,0.0,0.0,0.0,0.0,0.0,374,32,0.0,367,13,0.0,307,10,0.0,379,32,,,,3,,Michael,Zetterer,Zetterer,,,0,0,0,0,0,0,0,0,0,0,0,0,0,,,,0.0,0.0,0.0,0.0,0.0,0,0,0
641,a,,,4.5,483,117,0,0,0,0,0.0,633,212,0,0,0.0,474,182,0,0,0.0,474,182,0.0,0.0,0,451,274,116,88,1.8,1.8,0.0,0.0,0.0,0.0,0.0,0.0,0.0,0.0,0.0,450,179,0.0,448,179,0.0,400,169,0.0,456,177,,,,3,,Melvin,Bard,Bard,,,0,0,0,0,0,0,0,0,0,0,0,0,0,,,,0.0,0.0,0.0,0.0,0.0,0,0,0
648,a,,,5.0,344,207,0,0,0,0,0.0,589,246,0,0,0.0,599,253,0,0,0.0,599,253,0.0,0.0,0,1704,689,513,317,1.6,1.6,0.0,0.0,0.0,0.0,0.0,0.0,0.0,0.0,0.0,584,246,0.0,591,252,0.0,572,238,0.0,591,249,,,,3,,Jean-Mattéo,Bahoya,Bahoya,,,0,0,0,0,0,0,0,0,0,0,0,0,0,,,,0.0,0.0,0.0,0.0,0.0,0,0,0
350,a,,,5.5,125,3,0,0,0,0,4.0,83,14,10,8,3.3,112,8,1,37,3.3,101,8,0.6,1.8,0,104387,36559,104291,25078,3.3,3.3,0.0,0.0,0.0,4.63,0.0,0.0,0.0,1.54,55.8,97,14,0.0,617,69,0.0,606,69,5.6,214,14,,,,3,,Alisson,Becker,A.Becker,,,270,0,0,1,4,0,0,0,1,0,9,3,0,,,,3.0,0.33,1.33,1.0,0.0,0,6,24
351,a,,,4.9,392,21,0,0,-1,1,0.1,380,44,0,0,0.0,548,68,0,0,0.0,548,68,0.0,0.0,0,2145,485,6564,1686,0.0,0.0,0.0,0.0,0.0,0.0,0.0,0.0,0.0,0.0,0.0,527,68,0.0,528,56,0.0,490,55,0.0,535,68,,,,3,,Giorgi,Mamardashvili,Mamardashvili,,,0,0,0,0,0,0,0,0,0,0,0,0,0,,,,0.0,0.0,0.0,0.0,0.0,0,0,0
352,a,,,4.0,593,59,0,0,0,0,1.1,180,27,0,0,0.0,400,33,0,0,0.0,400,33,0.0,0.0,0,14578,3088,19566,6096,0.0,0.0,0.0,0.0,0.0,0.0,0.0,0.0,0.0,0.0,0.0,375,33,0.0,368,14,0.0,308,11,0.0,380,33,,,,3,,Freddie,Woodman,Woodman,,,0,0,0,0,0,0,0,0,0,0,0,0,0,,,,0.0,0.0,0.0,0.0,0.0,0,0,0
353,u,0.0,0.0,4.0,649,71,0,0,0,0,0.0,572,67,0,0,0.0,438,45,0,0,0.0,438,45,0.0,0.0,0,0,0,900,168,0.0,0.0,0.0,0.0,0.0,0.0,0.0,0.0,0.0,0.0,0.0,413,45,0.0,408,26,0.0,352,23,0.0,419,45,,,,3,,Armin,Pecsi,Pecsi,Has joined TSV Hartberg on loan for the rest of the season,,0,0,0,0,0,0,0,0,0,0,0,0,0,,,,0.0,0.0,0.0,0.0,0.0,0,0,0
354,i,0.0,0.0,4.0,612,64,0,0,0,0,0.0,575,68,0,0,0.0,410,38,0,0,0.0,410,38,0.0,0.0,0,1206,494,841,326,0.0,0.0,0.0,0.0,0.0,0.0,0.0,0.0,0.0,0.0,0.0,385,38,0.0,380,19,0.0,322,16,0.0,391,38,,,,3,,Vitezslav,Jaros,Jaros,Knee injury - Unknown return date,,0,0,0,0,0,0,0,0,0,0,0,0,0,,,,0.0,0.0,0.0,0.0,0.0,0,0,0
355,a,,,4.0,622,67,0,0,0,0,0.2,363,40,0,0,0.0,415,41,0,0,0.0,415,41,0.0,0.0,0,3416,1055,2815,963,0.0,0.0,0.0,0.0,0.0,0.0,0.0,0.0,0.0,0.0,0.0,390,41,0.0,385,22,0.0,327,19,0.0,396,41,,,,3,,Harvey,Davies,Davies,,,0,0,0,0,0,0,0,0,0,0,0,0,0,,,,0.0,0.0,0.0,0.0,0.0,0,0,0
356,a,,,6.5,33,2,0,0,0,0,17.2,22,6,9,6,3.0,141,57,0,45,3.0,125,50,0.5,1.4,0,211047,68783,461325,108770,3.0,3.0,0.25,0.06,0.31,4.63,0.08,0.02,0.1,1.54,73.4,45,18,7.7,229,78,26.0,108,31,10.7,115,42,,,,3,,Virgil,van Dijk,Virgil,,,270,0,0,1,4,0,0,0,1,0,0,3,25,,,,0.0,0.33,1.33,1.0,8.33,5,20,15
357,a,,,5.4,197,25,-1,1,-1,1,2.3,117,47,1,0,0.5,384,135,0,12,0.3,368,133,0.1,0.2,0,53684,4070,177360,73391,0.3,0.3,0.01,0.11,0.12,3.81,0.01,0.06,0.07,2.14,26.4,199,85,51.6,59,13,14.0,161,54,9.2,143,55,,,,3,,Jeremie,Frimpong,Frimpong,,,160,0,0,0,4,0,0,0,1,0,0,2,8,,,,0.0,0.0,2.25,1.12,4.5,3,5,6
358,a,,,5.4,227,30,-1,1,-1,1,2.7,108,41,6,5,2.0,214,81,0,35,2.0,191,71,0.4,1.1,0,39650,10006,128467,29029,2.0,2.0,0.02,0.06,0.08,4.56,0.01,0.02,0.03,1.64,55.8,96,44,37.9,100,28,12.0,178,61,10.6,118,44,,,,3,,Milos,Kerkez,Kerkez,,,250,0,0,1,4,0,0,0,2,0,0,3,20,,,,0.0,0.36,1.44,1.08,7.2,6,14,8
359,i,0.0,0.0,5.0,253,38,0,0,0,0,0.0,591,201,0,0,0.0,562,202,0,0,0.0,562,202,0.0,0.0,0,219,70,927,193,0.0,0.0,0.0,0.0,0.0,0.0,0.0,0.0,0.0,0.0,0.0,545,201,0.0,546,201,0.0,518,197,0.0,552,200,,,,3,,Joe,Gomez,Gomez,Muscular injury - Unknown return date,,0,0,0,0,0,0,0,0,0,0,0,0,0,,,,0.0,0.0,0.0,0.0,0.0,0,0,0
360,i,0.0,0.0,5.0,314,57,0,0,0,0,0.0,603,204,0,0,0.0,585,208,0,0,0.0,585,208,0.0,0.0,0,257,64,586,149,0.0,0.0,0.0,0.0,0.0,0.0,0.0,0.0,0.0,0.0,0.0,570,207,0.0,576,207,0.0,554,205,0.0,577,207,,,,3,,Conor,Bradley,Bradley,Knee injury - Unknown return date,,0,0,0,0,0,0,0,0,0,0,0,0,0,,,,0.0,0.0,0.0,0.0,0.0,0,0,0
361,a,,,4.0,633,193,0,0,0,0,0.1,395,147,0,0,0.0,425,153,0,0,0.0,425,153,0.0,0.0,0,2768,740,3894,1329,0.0,0.0,0.0,0.0,0.0,0.0,0.0,0.0,0.0,0.0,0.0,400,149,0.0,395,149,0.0,337,131,0.0,406,147,,,,3,,Wellity,Lucky,Lucky,,,0,0,0,0,0,0,0,0,0,0,0,0,0,,,,0.0,0.0,0.0,0.0,0.0,0,0,0
625,a,,,4.0,588,56,0,0,0,0,0.2,346,39,0,0,0.0,395,30,0,0,0.0,395,30,0.0,0.0,0,14789,5364,3333,1949,0.0,0.0,0.0,0.0,0.0,0.0,0.0,0.0,0.0,0.0,0.0,370,30,0.0,363,11,0.0,303,8,0.0,375,30,,,,3,,Alex,Cairns,Cairns,,,0,0,0,0,0,0,0,0,0,0,0,0,0,,,,0.0,0.0,0.0,0.0,0.0,0,0,0
362,a,100.0,100.0,5.0,345,61,0,0,0,0,2.7,107,40,9,5,3.0,134,52,0,50,3.0,119,46,0.6,1.8,0,119616,40081,86593,27920,3.0,3.0,0.0,0.1,0.1,4.02,0.0,0.04,0.04,1.54,66.0,63,30,39.5,92,24,4.0,245,91,10.9,109,37,,,,3,,Jeremy,Jacquet,Jacquet,,,235,0,0,1,4,0,0,0,1,0,0,3,23,,,,0.0,0.38,1.53,1.15,8.81,7,16,10
363,i,0.0,0.0,4.0,655,214,0,0,0,0,0.0,527,183,0,0,0.0,443,170,0,0,0.0,443,170,0.0,0.0,0,658,144,1540,404,0.0,0.0,0.0,0.0,0.0,0.0,0.0,0.0,0.0,0.0,0.0,418,166,0.0,413,166,0.0,358,151,0.0,424,164,,,,3,,Giovanni,Leoni,Leoni,Knee injury - Unknown return date,,0,0,0,0,0,0,0,0,0,0,0,0,0,,,,0.0,0.0,0.0,0.0,0.0,0,0,0
364,a,,,4.9,375,68,-1,1,-1,1,0.1,465,165,1,0,1.0,295,118,0,4,0.3,349,128,0.1,0.2,0,1125,299,3253,1184,0.3,0.3,0.04,0.01,0.05,0.07,0.19,0.05,0.24,0.33,3.6,320,123,1.3,297,110,9.0,198,68,1.4,310,115,,,,3,,Kostas,Tsimikas,Tsimikas,,,19,0,0,0,0,0,0,0,0,0,0,0,0,,,,0.0,0.0,0.0,0.0,0.0,0,0,0
365,u,0.0,0.0,4.0,626,188,0,0,0,0,0.1,414,151,0,0,0.0,419,149,0,0,0.0,419,149,0.0,0.0,0,638,0,10802,1835,0.0,0.0,0.0,0.0,0.0,0.0,0.0,0.0,0.0,0.0,0.0,394,145,0.0,389,145,0.0,331,127,0.0,400,143,,,,3,,Calvin,Ramsay,Ramsay,Has joined St Mirren on loan for the rest of the season,,0,0,0,0,0,0,0,0,0,0,0,0,0,,,,0.0,0.0,0.0,0.0,0.0,0,0,0
366,a,,,7.4,20,13,-1,1,-1,1,8.0,53,19,9,3,3.0,143,58,0,53,3.0,126,52,0.4,1.2,0,114231,20278,512721,199080,3.0,3.0,0.67,0.29,0.96,3.46,0.25,0.11,0.36,1.29,44.2,135,51,76.2,29,25,73.0,24,13,19.4,30,23,3.0,2.0,4.0,3,,Florian,Wirtz,Wirtz,,,242,0,1,1,4,0,0,0,1,0,0,3,19,,,,0.0,0.37,1.49,1.12,7.07,4,0,15
367,d,75.0,,7.2,24,15,1,-1,2,-2,13.1,32,13,28,11,9.3,2,2,5,97,9.3,1,1,1.3,3.9,0,1081181,640484,389760,230828,7.0,9.3,0.36,1.2,1.56,4.56,0.13,0.43,0.56,1.64,116.8,5,4,104.5,10,10,56.0,51,33,27.7,9,7,2.0,,3.0,3,,Cody,Gakpo,Gakpo,Thigh injury - 75% chance of playing,,250,1,3,1,4,0,0,0,0,0,0,3,25,,,,0.0,0.36,1.44,1.08,9.0,6,7,12
368,a,,,7.0,27,18,0,0,0,0,38.5,6,2,15,3,5.0,58,27,1,73,5.0,53,26,0.7,2.1,0,726099,200075,905569,451736,5.0,5.0,1.17,0.52,1.69,4.63,0.39,0.17,0.56,1.54,91.2,27,13,117.7,4,4,46.0,64,38,25.5,14,11,1.0,1.0,1.0,3,,Dominik,Szoboszlai,Szoboszlai,,,270,1,0,1,4,0,0,0,0,0,0,3,29,,,,0.0,0.33,1.33,1.0,9.67,4,8,17
369,a,,,5.8,117,76,-1,1,-2,2,0.6,241,80,3,0,1.5,248,112,0,14,1.0,277,127,0.2,0.5,0,11239,2219,71036,20750,1.0,1.0,0.04,0.05,0.09,0.58,0.04,0.06,0.1,0.64,4.4,310,138,7.3,231,121,7.0,220,111,1.8,300,134,,,,3,,Rio,Ngumoha,Ngumoha,,,81,0,0,0,2,0,0,0,0,0,0,1,3,,,,0.0,0.0,2.22,1.11,3.33,1,0,2
370,i,0.0,0.0,5.4,198,124,0,0,-1,1,0.1,490,195,0,0,0.0,614,261,0,0,0.0,614,261,0.0,0.0,0,649,14,9023,1227,0.0,0.0,0.0,0.0,0.0,0.0,0.0,0.0,0.0,0.0,0.0,599,254,0.0,606,260,0.0,590,249,0.0,606,257,,,,3,,Federico,Chiesa,Chiesa,Back injury - Unknown return date,,0,0,0,0,0,0,0,0,0,0,0,0,0,,,,0.0,0.0,0.0,0.0,0.0,0,0,0
371,a,,,5.9,96,62,-1,1,-1,1,1.4,161,49,7,1,2.3,183,80,0,35,2.3,166,74,0.4,1.2,0,30394,4615,94006,33853,2.3,2.3,0.06,0.06,0.12,1.34,0.04,0.04,0.08,0.99,31.0,187,71,29.8,128,78,4.0,249,119,6.5,199,90,,,,3,,Ryan,Gravenberch,Gravenberch,,,122,0,1,0,2,0,0,0,0,0,0,1,14,,,,0.0,0.0,1.48,0.74,10.33,2,3,9
372,a,,,5.4,203,128,-1,1,-1,1,1.4,158,48,5,2,1.7,235,104,0,33,1.7,209,95,0.3,0.9,0,27622,10433,67961,18395,1.7,1.7,0.08,0.42,0.5,3.9,0.04,0.2,0.24,1.89,35.0,167,64,21.9,160,93,18.0,128,65,7.4,173,79,,,5.0,3,,Alexis,Mac Allister,Mac Allister,,,186,0,0,1,2,0,0,0,1,0,0,2,24,,,,0.0,0.48,0.97,0.97,11.61,8,5,11
373,u,0.0,0.0,5.5,137,82,0,0,0,0,0.0,558,230,0,0,0.0,625,268,0,0,0.0,625,268,0.0,0.0,0,34,0,2386,328,0.0,0.0,0.0,0.0,0.0,0.0,0.0,0.0,0.0,0.0,0.0,616,265,0.0,622,267,0.0,612,260,0.0,622,267,,,,3,,Curtis,Jones,C.Jones,Has joined Internazionale permanently,,0,0,0,0,0,0,0,0,0,0,0,0,0,,,,0.0,0.0,0.0,0.0,0.0,0,0,0
375,a,,,4.9,415,252,-1,1,-1,1,0.0,512,208,2,1,1.0,306,130,0,6,0.7,303,137,0.1,0.4,0,1031,389,2122,627,0.7,0.7,0.0,0.0,0.0,0.22,0.0,0.0,0.0,1.04,6.6,290,125,2.3,273,141,0.0,502,199,0.9,324,147,,,,3,,Trey,Nyoni,Nyoni,,,19,0,0,0,0,0,0,0,0,0,0,0,5,,,,0.0,0.0,0.0,0.0,23.68,2,1,2
376,u,0.0,0.0,5.0,333,198,0,0,0,0,0.0,651,288,0,0,0.0,594,249,0,0,0.0,594,249,0.0,0.0,0,19,0,95,23,0.0,0.0,0.0,0.0,0.0,0.0,0.0,0.0,0.0,0.0,0.0,579,242,0.0,586,248,0.0,565,232,0.0,586,245,,,,3,,Stefan,Bajčetić Maquieira,Bajcetic,Has joined Celta Vigo permanently,,0,0,0,0,0,0,0,0,0,0,0,0,0,,,,0.0,0.0,0.0,0.0,0.0,0,0,0
377,a,,,6.5,43,29,0,0,0,0,1.2,167,52,13,3,4.3,75,34,0,48,4.3,70,33,0.7,2.0,0,106037,16340,55256,26142,4.3,4.3,0.42,0.25,0.67,3.95,0.21,0.12,0.33,1.98,47.0,126,46,30.0,126,76,49.0,62,37,12.6,82,50,,,,3,,Victor,Munoz,Munoz,,,180,1,1,1,2,0,0,0,1,0,0,2,11,,,,0.0,0.5,1.0,1.0,5.5,2,4,5
379,a,,,9.1,5,2,1,-1,1,-1,23.0,12,3,23,13,7.7,12,2,5,97,7.7,11,2,0.8,2.5,0,860118,605495,395539,87557,7.7,7.7,2.29,0.06,2.35,4.46,0.85,0.02,0.87,1.65,112.4,7,2,31.3,121,12,148.0,2,2,29.1,6,2,,,2.0,3,,Alexander,Isak,Isak,,,243,3,0,1,4,0,0,0,0,0,0,3,5,,,,0.0,0.37,1.48,1.11,1.85,1,2,2
380,i,0.0,0.0,7.4,21,7,-1,1,-1,1,0.1,408,59,0,0,0.0,653,77,0,0,0.0,653,77,0.0,0.0,0,1851,446,9164,1925,0.0,0.0,0.0,0.0,0.0,0.0,0.0,0.0,0.0,0.0,0.0,654,77,0.0,654,77,0.0,654,77,0.0,654,77,,,,3,,Hugo,Ekitiké,Ekitiké,Achilles injury - Unknown return date,,0,0,0,0,0,0,0,0,0,0,0,0,0,,,,0.0,0.0,0.0,0.0,0.0,0,0,0
378,a,,,4.5,503,269,0,0,0,0,0.2,326,117,0,0,0.0,482,190,0,0,0.0,482,190,0.0,0.0,0,3101,814,8522,2299,0.0,0.0,0.0,0.0,0.0,0.0,0.0,0.0,0.0,0.0,0.0,458,177,0.0,458,185,0.0,415,154,0.0,464,181,,,,3,,James,McConnell,McConnell,,,0,0,0,0,0,0,0,0,0,0,0,0,0,,,,0.0,0.0,0.0,0.0,0.0,0,0,0
381,a,,,5.0,327,194,0,0,0,0,0.0,554,229,2,1,1.0,320,140,0,7,0.7,309,140,0.1,0.4,0,444,127,875,287,0.7,0.7,0.03,0.0,0.03,0.58,0.21,0.0,0.21,4.02,1.2,349,161,0.5,329,162,7.0,215,108,0.9,325,148,,,,3,,Lewis,Koumas,Koumas,,,13,0,0,0,0,0,0,0,0,0,0,0,1,,,,0.0,0.0,0.0,0.0,6.92,0,0,1
382,a,100.0,100.0,4.5,506,67,0,0,0,0,0.1,392,57,0,0,0.0,485,49,0,0,0.0,485,49,0.0,0.0,0,9529,6305,3638,2130,0.0,0.0,0.0,0.0,0.0,0.0,0.0,0.0,0.0,0.0,0.0,461,41,0.0,461,47,0.0,418,43,0.0,467,45,,,,3,,Jayden,Danns,Danns,,,0,0,0,0,0,0,0,0,0,0,0,0,0,,,,0.0,0.0,0.0,0.0,0.0,0,0,0
383,u,0.0,0.0,5.4,211,134,0,0,-1,1,0.0,511,207,0,0,0.0,615,262,0,0,0.0,615,262,0.0,0.0,0,907,0,5226,1554,0.0,0.0,0.0,0.0,0.0,0.0,0.0,0.0,0.0,0.0,0.0,600,255,0.0,607,261,0.0,592,251,0.0,607,258,,,,3,,Harvey,Elliott,Elliott,Has joined Valencia on loan for the rest of the season,,0,0,0,0,0,0,0,0,0,0,0,0,0,,,,0.0,0.0,0.0,0.0,0.0,0,0,0
579,a,,,5.4,212,28,0,0,-1,1,2.6,113,46,9,8,3.0,137,53,0,29,3.0,122,47,0.6,1.7,0,81180,45898,129639,15325,3.0,3.0,0.0,0.05,0.05,1.36,0.0,0.04,0.04,1.0,39.0,151,69,5.9,235,80,2.0,279,107,4.6,236,90,,,,3,,Ronald,Araujo,Araujo,,,123,0,0,1,0,0,0,0,1,0,0,1,15,,,,0.0,0.73,0.0,0.73,10.98,2,13,4
627,a,,,8.0,8,5,0,0,0,0,2.0,125,40,1,1,1.0,371,175,0,5,1.0,284,131,0.1,0.1,0,231627,95839,58632,39016,2.8,2.8,0.0,0.07,0.07,0.17,0.0,0.24,0.24,0.59,3.0,333,150,10.5,222,118,2.0,290,141,1.6,306,136,,,,3,,Bradley,Barcola,Barcola,,,26,0,0,0,0,0,0,0,0,0,0,0,0,,,,0.0,0.0,0.0,0.0,0.0,0,0,0
155,a,,,6.9,30,19,0,0,-1,1,3.2,98,32,4,3,2.0,224,99,0,23,1.3,241,109,0.2,0.6,0,79796,33874,266494,44393,1.3,1.3,0.13,0.14,0.27,1.28,0.12,0.13,0.25,1.15,13.6,249,102,30.9,124,75,18.0,131,67,6.2,206,94,,,,3,,Enzo,Fernández,Enzo,,,100,0,0,1,0,0,0,0,0,0,0,1,6,,,,0.0,0.9,0.0,0.9,5.4,1,1,4
237,a,,,5.9,95,61,-1,1,-1,1,9.1,46,17,16,3,5.3,48,23,1,64,5.3,43,21,0.9,2.7,0,242598,38229,812935,279763,5.3,5.3,0.28,0.43,0.71,5.47,0.09,0.15,0.24,1.85,60.4,76,24,72.2,32,27,68.0,32,18,20.1,26,19,,,,3,,Iliman,Ndiaye,Ndiaye,,,266,0,1,2,1,0,0,0,0,0,0,3,30,,,,0.0,0.68,0.34,1.02,10.15,7,6,17
384,a,,,5.5,135,4,0,0,0,0,7.6,57,8,10,7,3.3,114,9,0,46,3.3,103,9,0.6,1.8,0,133485,28337,231064,66047,3.3,3.3,0.0,0.0,0.0,2.68,0.0,0.0,0.0,0.89,60.4,75,11,0.0,621,70,0.0,611,70,6.1,210,12,,,,3,,Gianluigi,Donnarumma,Donnarumma,,,270,0,0,1,2,1,0,0,0,0,7,3,0,,,,2.33,0.33,0.67,1.0,0.0,0,2,14
386,a,,,4.5,438,30,0,0,0,0,0.0,549,62,0,0,0.0,457,53,0,0,0.0,457,53,0.0,0.0,0,416,109,826,217,0.0,0.0,0.0,0.0,0.0,0.0,0.0,0.0,0.0,0.0,0.0,432,53,0.0,429,36,0.0,378,33,0.0,438,53,,,,3,,Marcus,Bettinelli,Bettinelli,,,0,0,0,0,0,0,0,0,0,0,0,0,0,,,,0.0,0.0,0.0,0.0,0.0,0,0,0
387,a,100.0,,6.4,46,4,-1,1,-1,1,13.5,28,9,4,0,2.0,221,83,0,16,1.3,239,86,0.2,0.6,0,172525,6498,889804,491444,1.3,1.3,0.09,0.43,0.52,1.21,0.05,0.26,0.31,0.73,12.4,255,105,38.2,98,26,16.0,145,45,6.6,195,75,,,,3,,Nico,O'Reilly,O'Reilly,,,150,0,0,0,2,0,0,0,0,0,0,2,3,,,,0.0,0.0,1.2,1.2,1.8,2,1,7
388,a,,,6.0,66,6,0,0,0,0,18.4,17,5,20,8,6.7,28,13,4,74,6.7,27,13,1.1,3.3,0,387562,81930,320770,96952,6.7,6.7,0.89,0.38,1.27,2.68,0.3,0.13,0.43,0.89,96.6,17,2,42.9,81,19,30.0,97,23,16.9,41,6,,,,3,,Marc,Guéhi,Guéhi,,,270,1,0,1,2,0,0,0,0,0,0,3,18,,,,0.0,0.33,0.67,1.0,6.0,3,15,14
389,a,100.0,100.0,5.9,100,10,0,0,-1,1,0.9,193,73,1,0,1.0,359,128,0,4,0.3,381,136,0.1,0.2,0,5652,2142,65216,9304,0.3,0.3,0.0,0.04,0.04,0.1,0.0,0.11,0.11,0.27,3.8,319,122,1.5,293,106,4.0,250,93,0.9,328,120,,,4.0,3,,Matheus,Nunes,Matheus N.,,,33,0,0,0,0,0,0,0,0,0,0,0,1,,,,0.0,0.0,0.0,0.0,2.73,0,1,2
390,a,,,5.5,128,13,0,0,0,0,1.8,134,55,10,6,3.3,113,44,0,55,3.3,102,38,0.6,1.8,0,40004,9729,51419,14908,3.3,3.3,0.09,0.74,0.83,2.68,0.03,0.25,0.28,0.89,72.0,52,21,46.8,68,15,37.0,83,17,15.5,55,11,,,,3,,Rúben,dos Santos Gato Alves Dias,Rúben,,,270,0,0,1,2,0,0,0,0,0,0,3,15,,,,0.0,0.33,0.67,1.0,5.0,1,14,14
391,a,,,5.6,120,12,0,0,1,-1,19.9,16,4,22,8,7.3,14,5,3,77,7.3,13,5,1.3,3.9,0,1055174,278404,289806,133505,7.3,7.3,0.2,0.11,0.31,2.68,0.07,0.04,0.11,0.95,94.0,23,6,51.0,60,14,26.0,107,30,17.1,39,5,,,,3,,Joško,Gvardiol,Gvardiol,,,254,1,1,1,2,0,0,0,0,0,0,3,17,,,,0.0,0.35,0.71,1.06,6.02,7,10,12
392,a,,,5.3,236,34,-1,1,-2,2,0.5,260,96,0,0,0.0,608,211,0,0,0.0,608,211,0.0,0.0,0,5804,1168,51633,9783,0.0,0.0,0.0,0.0,0.0,0.0,0.0,0.0,0.0,0.0,0.0,593,210,0.0,600,210,0.0,582,208,0.0,600,210,,,,3,,Rayan,Aït-Nouri,Aït-Nouri,,,0,0,0,0,0,0,0,0,0,0,0,0,0,,,,0.0,0.0,0.0,0.0,0.0,0,0,0
393,a,,,5.5,179,24,0,0,0,0,1.6,147,61,9,5,3.0,138,54,0,53,3.0,123,48,0.5,1.6,0,21366,5488,50900,12080,3.0,3.0,0.0,0.06,0.06,2.68,0.0,0.02,0.02,0.9,51.6,111,52,12.6,209,72,4.0,247,92,6.8,191,73,,,,3,,Abdukodir,Khusanov,Khusanov,,,268,0,0,1,2,0,0,0,1,0,0,3,17,,,,0.0,0.34,0.67,1.01,5.71,8,9,13
394,u,0.0,0.0,5.0,316,58,0,0,0,0,0.0,631,210,0,0,0.0,587,209,0,0,0.0,587,209,0.0,0.0,0,0,0,554,55,0.0,0.0,0.0,0.0,0.0,0.0,0.0,0.0,0.0,0.0,0.0,572,208,0.0,578,208,0.0,556,206,0.0,579,208,,,,3,,Max,Alleyne,Alleyne,Has joined Burnley on loan for the rest of the season,,0,0,0,0,0,0,0,0,0,0,0,0,0,,,,0.0,0.0,0.0,0.0,0.0,0,0,0
395,a,,,4.4,571,155,-1,1,-1,1,0.2,333,124,1,0,1.0,276,105,0,-1,0.3,339,122,0.1,0.2,0,6663,891,11879,3623,0.3,0.3,0.17,0.02,0.19,0.55,0.27,0.03,0.3,0.88,3.8,318,121,3.8,248,85,39.0,72,12,4.7,234,89,,,,3,,Rico,Lewis,Lewis,,,56,0,0,0,1,0,0,0,0,0,0,1,2,,,,0.0,0.0,1.61,1.61,3.21,0,2,0
374,a,100.0,100.0,4.9,368,219,-1,1,-1,1,0.1,476,188,0,0,0.0,537,213,0,0,0.0,537,213,0.0,0.0,0,1771,488,3444,1013,0.0,0.0,0.0,0.0,0.0,0.0,0.0,0.0,0.0,0.0,0.0,514,200,0.0,514,208,0.0,473,177,0.0,520,204,,,,3,,Endo,Wataru,Endo,,,0,0,0,0,0,0,0,0,0,0,0,0,0,,,,0.0,0.0,0.0,0.0,0.0,0,0,0
396,a,,,4.5,548,142,0,0,0,0,0.0,540,186,1,0,1.0,291,116,0,3,0.3,346,126,0.1,0.2,0,307,73,759,257,0.3,0.3,0.0,0.0,0.0,0.0,0.0,0.0,0.0,0.0,1.2,348,128,0.9,308,116,0.0,454,186,0.2,356,128,,,,3,,Vitor,de Oliveira Nunes dos Reis,Vitor Reis,,,1,0,0,0,0,0,0,0,0,0,0,0,0,,,,0.0,0.0,0.0,0.0,0.0,0,0,0
397,a,,,8.4,6,4,-1,1,-1,1,16.6,23,8,13,6,4.3,77,36,0,75,4.3,72,35,0.5,1.5,0,149663,31935,888413,284082,4.3,4.3,0.17,0.93,1.1,2.68,0.06,0.31,0.37,0.89,57.6,89,30,97.8,14,14,82.0,17,9,23.8,19,15,,,2.0,3,,Antoine,Semenyo,Semenyo,,,270,0,2,1,2,0,0,0,0,0,0,3,12,,,,0.0,0.33,0.67,1.0,4.0,3,0,9
398,a,,,7.0,26,17,0,0,0,0,4.1,82,28,11,1,3.7,102,47,1,56,3.7,94,45,0.5,1.6,0,298927,16044,292728,171328,3.7,3.7,1.61,0.86,2.47,1.81,0.74,0.4,1.14,0.84,57.6,88,29,110.2,7,7,39.0,77,46,20.7,24,18,2.0,2.0,,3,,Phil,Foden,Foden,,,195,0,2,0,2,0,0,0,1,0,0,2,14,,,,0.0,0.0,0.92,0.92,6.46,4,2,8
399,a,,,7.8,14,9,1,-1,3,-3,29.4,8,4,25,3,8.3,6,4,4,111,8.3,5,3,1.1,3.2,0,2344335,275127,480483,357139,8.3,8.3,0.56,1.35,1.91,1.62,0.29,0.7,0.99,0.84,121.4,3,2,148.8,2,2,77.0,20,12,34.8,2,2,1.0,1.0,,3,,Rayan,Cherki,Cherki,,,173,2,2,1,1,0,0,0,1,0,0,2,6,,,,0.0,0.52,0.52,1.04,3.12,0,0,6
400,i,0.0,0.0,7.4,19,12,0,0,-1,1,0.7,217,68,0,0,0.0,652,290,0,0,0.0,652,290,0.0,0.0,0,1184,237,117425,13039,0.0,0.0,0.0,0.0,0.0,0.0,0.0,0.0,0.0,0.0,0.0,653,291,0.0,653,291,0.0,653,291,0.0,653,291,,,3.0,3,,Jérémy,Doku,Doku,Calf injury - Expected back 20 Sep,,0,0,0,0,0,0,0,0,0,0,0,0,0,,,,0.0,0.0,0.0,0.0,0.0,0,0,0
402,u,0.0,0.0,6.5,36,24,0,0,0,0,0.0,597,251,0,0,0.0,649,288,0,0,0.0,649,288,0.0,0.0,0,0,0,1144,79,0.0,0.0,0.0,0.0,0.0,0.0,0.0,0.0,0.0,0.0,0.0,649,289,0.0,650,289,0.0,649,289,0.0,649,289,,,,3,,Rodrigo 'Rodri',Hernandez Cascante,Rodrigo,Has joined Barcelona permanently,,0,0,0,0,0,0,0,0,0,0,0,0,0,,,,0.0,0.0,0.0,0.0,0.0,0,0,0
404,u,0.0,0.0,6.0,70,48,0,0,0,0,0.0,518,210,0,0,0.0,644,283,0,0,0.0,644,283,0.0,0.0,0,0,0,7814,494,0.0,0.0,0.0,0.0,0.0,0.0,0.0,0.0,0.0,0.0,0.0,641,284,0.0,644,284,0.0,642,283,0.0,643,284,,,,3,,Tijjani,Reijnders,Reijnders,Has joined Al Qadsiah permanently,,0,0,0,0,0,0,0,0,0,0,0,0,0,,,,0.0,0.0,0.0,0.0,0.0,0,0,0
406,a,,,5.4,185,114,-1,1,-1,1,0.1,449,176,2,0,1.0,328,146,0,12,0.7,314,143,0.1,0.4,0,1866,390,4693,1257,0.7,0.7,0.0,0.02,0.02,0.1,0.0,0.04,0.04,0.21,4.2,314,141,5.2,238,126,0.0,584,244,0.9,326,149,,,,3,,Mateo,Kovačić,Kovačić,,,42,0,0,0,0,0,0,0,0,0,0,0,2,,,,0.0,0.0,0.0,0.0,4.29,0,0,2
407,u,0.0,0.0,4.9,412,249,0,0,-1,1,0.0,601,254,0,0,0.0,556,228,0,0,0.0,556,228,0.0,0.0,0,250,0,1133,330,0.0,0.0,0.0,0.0,0.0,0.0,0.0,0.0,0.0,0.0,0.0,537,218,0.0,537,225,0.0,500,197,0.0,545,223,,,,3,,Claudio,Echeverri,Echeverri,Has joined Benfica on loan for the rest of the season,,0,0,0,0,0,0,0,0,0,0,0,0,0,,,,0.0,0.0,0.0,0.0,0.0,0,0,0
408,u,0.0,0.0,5.0,249,154,0,0,0,0,0.0,630,273,0,0,0.0,561,232,0,0,0.0,561,232,0.0,0.0,0,0,0,516,55,0.0,0.0,0.0,0.0,0.0,0.0,0.0,0.0,0.0,0.0,0.0,544,223,0.0,545,230,0.0,515,207,0.0,551,227,,,,3,,Kalvin,Phillips,Phillips,Has joined Sheffield United on loan for the rest of the season,,0,0,0,0,0,0,0,0,0,0,0,0,0,,,,0.0,0.0,0.0,0.0,0.0,0,0,0
409,u,0.0,0.0,4.5,536,278,0,0,0,0,0.1,411,156,0,0,0.0,509,198,0,0,0.0,509,198,0.0,0.0,0,1621,0,9545,3084,0.0,0.0,0.0,0.0,0.0,0.0,0.0,0.0,0.0,0.0,0.0,486,185,0.0,485,193,0.0,443,162,0.0,492,189,,,,3,,Divine,Mukasa,Mukasa,has joined West Ham on loan for the rest of the seaon.,,0,0,0,0,0,0,0,0,0,0,0,0,0,,,,0.0,0.0,0.0,0.0,0.0,0,0,0
410,u,0.0,0.0,4.9,418,255,0,0,-1,1,0.0,604,256,0,0,0.0,557,229,0,0,0.0,557,229,0.0,0.0,0,219,0,1073,338,0.0,0.0,0.0,0.0,0.0,0.0,0.0,0.0,0.0,0.0,0.0,538,219,0.0,539,227,0.0,505,202,0.0,546,224,,,,3,,Jeremy,Monga,Monga,Has joined Swansea City on loan for the rest of the season,,0,0,0,0,0,0,0,0,0,0,0,0,0,,,,0.0,0.0,0.0,0.0,0.0,0,0,0
411,a,,,15.5,1,1,0,0,0,0,71.2,2,2,24,9,8.0,10,1,6,106,8.0,9,1,0.5,1.5,0,619174,148996,252706,108344,8.0,8.0,2.46,0.5,2.96,2.68,0.82,0.17,0.99,0.89,121.6,2,1,18.9,175,21,164.0,1,1,30.4,4,1,,,1.0,3,,Erling,Haaland,Haaland,,,270,3,0,1,2,0,0,0,0,0,0,3,15,,,,0.0,0.33,0.67,1.0,5.0,0,8,7
481,a,100.0,100.0,6.3,52,36,-1,1,-2,2,4.3,78,26,8,3,2.7,158,68,0,62,2.7,143,63,0.4,1.3,0,66283,14927,363798,77574,2.7,2.7,0.09,0.64,0.73,2.58,0.03,0.25,0.28,1.0,58.8,82,26,69.1,36,31,18.0,130,66,14.6,61,40,3.0,,,3,,Elliot,Anderson,Anderson,,,233,0,0,1,2,0,0,0,1,0,0,3,31,,,,0.0,0.39,0.77,1.16,11.97,8,9,14
616,a,,,5.5,182,113,0,0,0,0,0.2,355,129,2,1,1.0,351,162,0,8,1.0,275,125,0.2,0.4,0,16646,4292,7211,3604,1.0,1.0,0.0,0.12,0.12,0.37,0.0,0.49,0.49,1.51,13.0,251,104,4.8,241,129,0.0,625,272,1.8,299,133,,,,3,,Ayyoub,Bouaddi,Bouaddi,,,22,0,0,0,0,0,0,0,0,0,0,0,6,,,,0.0,0.0,0.0,0.0,24.55,0,3,3
622,a,,,4.0,641,201,0,0,0,0,0.2,344,130,1,0,1.0,269,98,0,3,0.5,334,117,0.1,0.2,0,13554,4270,4716,2511,0.5,0.5,0.0,0.0,0.0,0.0,0.0,0.0,0.0,0.0,0.6,353,129,0.8,310,117,0.0,344,138,0.1,362,129,,,,3,,Kaden,Braithwaite,Braithwaite,,,1,0,0,0,0,0,0,0,0,0,0,0,0,,,,0.0,0.0,0.0,0.0,0.0,0,0,1
653,a,,,4.5,539,280,0,0,0,0,0.0,500,201,0,0,0.0,512,200,0,0,0.0,512,200,0.0,0.0,0,2776,2776,734,734,1.1,1.1,0.0,0.0,0.0,0.0,0.0,0.0,0.0,0.0,0.0,489,187,0.0,488,195,0.0,446,164,0.0,495,191,,,,3,,Floyd,Samba,Samba,,,0,0,0,0,0,0,0,0,0,0,0,0,0,,,,0.0,0.0,0.0,0.0,0.0,0,0,0
621,a,,,4.5,549,285,0,0,0,0,0.1,399,149,2,1,1.0,292,121,0,8,1.0,254,111,0.2,0.4,0,9957,3279,3959,2033,1.0,1.0,0.1,0.0,0.1,0.02,0.82,0.0,0.82,0.16,5.2,303,133,0.5,328,161,3.0,253,121,0.8,331,151,,,,3,,Ryan,McAidoo,McAidoo,,,11,0,0,0,0,0,0,0,0,0,0,0,4,,,,0.0,0.0,0.0,0.0,32.73,2,0,2
628,a,,,6.0,81,53,0,0,0,0,0.0,622,266,0,0,0.0,645,284,0,0,0.0,645,284,0.0,0.0,0,583,283,261,174,2.2,2.2,0.0,0.0,0.0,0.0,0.0,0.0,0.0,0.0,0.0,645,285,0.0,646,285,0.0,644,284,0.0,645,285,,,,3,,Allan,Andrade Elias,Allan,,,0,0,0,0,0,0,0,0,0,0,0,0,0,,,,0.0,0.0,0.0,0.0,0.0,0,0,0
43,a,100.0,100.0,5.9,87,56,0,0,-1,1,1.7,139,43,8,2,2.7,157,67,0,56,2.7,142,62,0.5,1.4,0,32362,6965,120193,32981,2.7,2.7,0.56,0.28,0.84,4.01,0.2,0.1,0.3,1.47,56.8,91,32,76.5,27,24,33.0,89,49,16.7,43,31,,,3.0,3,,Youri,Tielemans,Tielemans,,,246,0,0,0,6,0,0,0,0,0,0,3,25,,,,0.0,0.0,2.2,1.1,9.15,2,6,17
131,i,0.0,0.0,5.0,332,197,0,0,0,0,0.1,388,143,0,0,0.0,593,248,0,0,0.0,593,248,0.0,0.0,0,4757,737,11623,2228,0.0,0.0,0.0,0.0,0.0,0.0,0.0,0.0,0.0,0.0,0.0,578,241,0.0,585,247,0.0,564,231,0.0,585,244,,,,3,,Carlos,Baleba,Baleba,Ankle injury - Expected back 19 Sep,,0,0,0,0,0,0,0,0,0,0,0,0,0,,,,0.0,0.0,0.0,0.0,0.0,0,0,0
162,a,,,4.9,405,243,0,0,-1,1,0.7,221,70,4,1,1.3,252,113,0,23,1.3,223,100,0.3,0.8,0,18083,3281,53838,14386,1.3,1.3,0.0,0.24,0.24,2.03,0.0,0.26,0.26,2.23,24.8,201,80,5.5,236,125,8.0,203,102,3.9,244,105,,,,3,,Andrey,Nascimento dos Santos,Andrey Santos,,,82,0,0,0,4,0,0,0,0,0,0,1,18,,,,0.0,0.0,4.39,1.1,19.76,4,7,7
325,a,100.0,100.0,4.5,426,23,0,0,0,0,0.0,510,57,0,0,0.0,451,48,0,0,0.0,451,48,0.0,0.0,0,818,236,1035,316,0.0,0.0,0.0,0.0,0.0,0.0,0.0,0.0,0.0,0.0,0.0,426,48,0.0,421,29,0.0,368,26,0.0,432,48,,,,3,,Karl,Darlow,Darlow,,,0,0,0,0,0,0,0,0,0,0,0,0,0,,,,0.0,0.0,0.0,0.0,0.0,0,0,0
413,u,0.0,0.0,4.5,487,38,0,0,0,0,0.0,593,69,0,0,0.0,477,60,0,0,0.0,477,60,0.0,0.0,0,0,0,1008,128,0.0,0.0,0.0,0.0,0.0,0.0,0.0,0.0,0.0,0.0,0.0,453,60,0.0,451,44,0.0,403,41,0.0,459,60,,,,3,,Altay,Bayındır,Bayindir,Has joined Celta Vigo on loan for the rest of the season,,0,0,0,0,0,0,0,0,0,0,0,0,0,,,,0.0,0.0,0.0,0.0,0.0,0,0,0
416,i,0.0,0.0,5.0,263,40,0,0,0,0,0.0,560,192,0,0,0.0,564,203,0,0,0.0,564,203,0.0,0.0,0,298,85,1213,252,0.0,0.0,0.0,0.0,0.0,0.0,0.0,0.0,0.0,0.0,0.0,548,202,0.0,550,202,0.0,523,198,0.0,554,201,,,,3,,Matthijs,de Ligt,De Ligt,Back injury - Unknown return date,,0,0,0,0,0,0,0,0,0,0,0,0,0,,,,0.0,0.0,0.0,0.0,0.0,0,0,0
417,a,,,4.9,377,69,-1,1,-1,1,1.9,132,54,4,1,1.3,251,90,0,26,1.3,221,83,0.3,0.8,0,20623,3422,101836,29519,1.3,1.3,0.16,0.13,0.29,1.98,0.09,0.07,0.16,1.07,28.8,190,84,76.2,28,4,39.0,73,13,14.5,62,15,,,,3,,Diogo,Dalot Teixeira,Dalot,,,166,0,0,0,2,0,0,0,1,0,0,2,11,,,,0.0,0.0,1.08,1.08,5.96,4,7,5
418,a,,,4.9,362,65,-1,1,-1,1,11.1,40,15,7,2,2.3,172,69,0,29,2.3,154,63,0.5,1.4,0,118092,15359,696228,299204,2.3,2.3,0.07,0.42,0.49,4.08,0.02,0.14,0.16,1.36,59.4,79,39,31.4,120,35,27.0,104,27,11.8,92,25,,,,3,,Harry,Maguire,Maguire,,,270,0,1,0,6,0,0,0,1,0,0,3,21,,,,0.0,0.0,2.0,1.0,7.0,1,20,11
419,a,100.0,100.0,5.0,273,44,0,0,0,0,1.2,166,67,4,3,2.0,204,79,0,9,1.3,224,84,0.3,0.8,0,21028,6079,48980,11287,1.3,1.3,0.03,0.06,0.09,3.07,0.02,0.03,0.05,1.54,33.8,173,76,2.1,278,99,3.0,256,94,3.9,245,93,,,,3,,Lisandro,Martínez,Martinez,,,180,0,0,0,4,0,0,0,0,0,0,2,10,,,,0.0,0.0,2.0,1.0,5.0,0,10,8
420,a,,,4.9,409,77,0,0,-1,1,0.5,250,92,2,1,1.0,302,121,0,-1,0.7,301,111,0.1,0.4,0,4081,810,27982,6042,0.7,0.7,0.0,0.02,0.02,1.09,0.0,0.08,0.08,4.46,7.8,281,113,2.4,272,96,2.0,271,104,1.3,313,116,,,,3,,Leny,Yoro,Yoro,,,22,0,0,0,2,0,0,0,0,0,0,0,5,,,,0.0,0.0,8.18,0.0,20.45,2,3,1
421,a,,,4.4,576,158,-1,1,-1,1,0.3,295,108,1,0,1.0,278,107,0,5,0.3,341,124,0.1,0.2,0,5086,698,18122,4970,0.3,0.3,0.12,0.04,0.16,1.01,0.12,0.04,0.16,1.01,6.8,287,114,2.6,264,91,11.0,184,64,2.0,293,108,,,,3,,Ayden,Heaven,Heaven,,,90,0,0,0,2,0,0,0,0,0,0,1,2,,,,0.0,0.0,2.0,1.0,2.0,1,1,4
422,a,,,4.4,567,151,-1,1,-1,1,0.6,243,90,3,1,1.0,273,102,0,6,1.0,248,91,0.2,0.7,0,10722,1624,28590,9475,1.0,1.0,0.22,0.06,0.28,2.08,0.2,0.06,0.26,1.93,21.0,216,92,31.2,122,36,11.0,183,63,6.4,201,77,,,,3,,Noussair,Mazraoui,Mazraoui,,,97,0,0,0,4,0,0,0,0,0,0,1,6,,,,0.0,0.0,3.71,0.93,5.57,2,4,3
423,d,75.0,,4.4,560,145,-1,1,-1,1,12.4,33,11,7,4,2.3,167,65,0,47,2.3,147,57,0.5,1.6,0,93949,20563,767432,316453,1.7,2.3,0.02,0.51,0.53,3.01,0.01,0.18,0.19,1.08,86.0,33,10,85.6,20,3,13.0,164,55,18.4,34,4,3.0,,,3,,Luke,Shaw,Shaw,Unspecified injury - 75% chance of playing,,252,0,1,0,4,0,0,0,1,0,0,3,20,,,,0.0,0.0,1.43,1.07,7.14,6,14,6
425,u,0.0,0.0,4.0,637,197,0,0,0,0,0.0,587,200,0,0,0.0,428,156,0,0,0.0,428,156,0.0,0.0,0,0,0,1149,140,0.0,0.0,0.0,0.0,0.0,0.0,0.0,0.0,0.0,0.0,0.0,403,152,0.0,398,152,0.0,340,134,0.0,409,150,,,,3,,Tyler,Fredricson,Fredricson,Has joined Lausanne-Sport permanently,,0,0,0,0,0,0,0,0,0,0,0,0,0,,,,0.0,0.0,0.0,0.0,0.0,0,0,0
426,a,,,12.0,2,1,0,0,0,0,43.4,4,1,27,2,9.0,3,3,3,116,9.0,2,2,0.8,2.2,0,527231,106881,1130752,567090,9.0,9.0,2.25,0.8,3.05,4.08,0.75,0.27,1.02,1.36,156.0,1,1,151.5,1,1,97.0,13,7,40.5,1,1,1.0,1.0,1.0,3,,Bruno,Borges Fernandes,B.Fernandes,,,270,3,1,0,6,0,0,0,0,0,0,3,16,,,,0.0,0.0,2.0,1.0,5.33,2,2,12
587,a,,,5.0,243,7,0,0,0,0,0.0,566,66,0,0,0.0,559,69,0,0,0.0,559,69,0.0,0.0,0,355,114,792,228,0.0,0.0,0.0,0.0,0.0,0.0,0.0,0.0,0.0,0.0,0.0,540,69,0.0,542,58,0.0,510,58,0.0,548,69,,,,3,,Gerónimo,Rulli,Rulli,,,0,0,0,0,0,0,0,0,0,0,0,0,0,,,,0.0,0.0,0.0,0.0,0.0,0,0,0
412,a,,,5.0,296,13,0,0,0,0,11.5,36,5,5,2,1.7,233,21,0,31,1.7,206,20,0.3,1.0,0,77060,10146,476996,197804,1.7,1.7,0.0,0.0,0.0,4.08,0.0,0.0,0.0,1.36,79.0,40,6,0.0,566,64,0.0,543,64,7.9,161,6,,,,3,,Senne,Lammens,Lammens,,,270,0,0,0,6,0,0,0,0,0,9,3,0,,,,3.0,0.0,2.0,1.0,0.0,0,4,28
414,i,0.0,0.0,4.0,580,49,0,0,0,0,0.1,445,49,0,0,0.0,387,23,0,0,0.0,387,23,0.0,0.0,0,1444,595,2696,715,0.0,0.0,0.0,0.0,0.0,0.0,0.0,0.0,0.0,0.0,0.0,362,23,0.0,355,4,0.0,295,1,0.0,367,23,,,,3,,Tom,Heaton,Heaton,Hamstring injury - Unknown return date,,0,0,0,0,0,0,0,0,0,0,0,0,0,,,,0.0,0.0,0.0,0.0,0.0,0,0,0
415,a,,,5.8,115,74,-1,1,-2,2,0.6,235,78,2,1,0.7,380,179,0,-4,0.7,324,149,0.1,0.3,0,9713,1766,81625,16279,0.7,0.7,0.65,0.05,0.7,2.28,0.78,0.06,0.84,2.74,11.2,263,109,14.2,192,107,57.0,46,30,7.3,177,81,,,,3,,Patrick,Dorgu,Dorgu,,,75,0,0,0,5,0,0,0,1,0,0,1,6,,,,0.0,0.0,6.0,1.2,7.2,2,3,1
424,a,,,4.0,647,207,0,0,0,0,0.2,340,127,0,0,0.0,436,164,0,0,0.0,436,164,0.0,0.0,0,4266,1436,6055,1718,0.0,0.0,0.0,0.0,0.0,0.0,0.0,0.0,0.0,0.0,0.0,411,160,0.0,406,160,0.0,350,144,0.0,417,158,,,,3,,Harry,Amass,Amass,,,0,0,0,0,0,0,0,0,0,0,0,0,0,,,,0.0,0.0,0.0,0.0,0.0,0,0,0
427,a,,,7.9,11,8,-1,1,-1,1,24.0,11,6,21,8,7.0,24,10,3,78,7.0,23,9,0.9,2.7,0,306455,131602,1469630,404530,7.0,7.0,2.31,0.47,2.78,4.08,0.77,0.16,0.93,1.36,95.0,20,10,85.1,21,18,102.0,11,5,28.3,8,6,2.0,2.0,2.0,3,,Bryan,Mbeumo,Mbeumo,,,270,2,1,0,6,0,0,0,1,0,0,3,17,,,,0.0,0.0,2.0,1.0,5.67,3,4,10
428,a,,,7.9,10,7,-1,1,-1,1,6.6,61,20,14,3,4.7,63,30,1,55,4.7,58,29,0.6,1.8,0,60206,9768,376801,126077,4.7,4.7,0.47,0.41,0.88,2.72,0.19,0.16,0.35,1.08,28.2,194,74,62.0,39,34,73.0,25,14,16.4,50,36,,,,3,,Matheus,Santos Carneiro da Cunha,Cunha,,,227,0,2,1,3,0,0,0,0,0,0,3,8,,,,0.0,0.4,1.19,1.19,3.17,2,0,6
429,a,,,7.0,25,16,0,0,0,0,1.6,143,44,6,3,2.0,225,100,0,37,2.0,196,91,0.3,0.9,0,58564,20689,84070,24137,2.0,2.0,0.26,0.21,0.47,1.8,0.12,0.1,0.22,0.84,31.4,186,70,95.4,16,15,70.0,27,16,19.6,28,21,,3.0,,3,,Marcus,Rashford,Rashford,,,193,0,0,1,1,0,0,0,0,0,0,2,11,,,,0.0,0.47,0.47,0.93,5.13,3,0,8
430,a,100.0,75.0,5.4,191,118,0,0,-1,1,0.0,553,228,0,0,0.0,612,259,0,0,0.0,612,259,0.0,0.0,0,341,246,1484,199,0.0,0.0,0.0,0.0,0.0,0.0,0.0,0.0,0.0,0.0,0.0,597,252,0.0,604,258,0.0,587,246,0.0,604,255,,4.0,,3,,Mason,Mount,Mount,,,0,0,0,0,0,0,0,0,0,0,0,0,0,,,,0.0,0.0,0.0,0.0,0.0,0,0,0
431,i,0.0,0.0,5.8,112,71,0,0,-2,2,0.4,277,91,0,0,0.0,635,276,0,0,0.0,635,276,0.0,0.0,0,1959,140,113490,11228,0.0,0.0,0.0,0.0,0.0,0.0,0.0,0.0,0.0,0.0,0.0,628,275,0.0,633,276,0.0,627,273,0.0,632,275,4.0,,,3,,Amad,Diallo,Amad,Unspecified injury - Unknown return date,,0,0,0,0,0,0,0,0,0,0,0,0,0,,,,0.0,0.0,0.0,0.0,0.0,0,0,0
432,a,,,5.5,167,102,0,0,0,0,1.3,162,50,14,9,4.7,62,29,2,64,4.7,57,28,0.9,2.5,0,48805,25863,37235,10411,4.7,4.7,0.21,0.35,0.56,2.05,0.1,0.17,0.27,1.0,52.2,110,40,34.2,114,72,11.0,187,92,9.7,128,63,,,,3,,Kobbie,Mainoo,Mainoo,,,185,0,1,0,2,0,0,0,0,0,0,2,31,,,,0.0,0.0,0.97,0.97,15.08,5,5,21
433,i,0.0,0.0,5.0,279,170,0,0,0,0,0.0,635,275,0,0,0.0,570,236,0,0,0.0,570,236,0.0,0.0,0,80,24,201,44,0.0,0.0,0.0,0.0,0.0,0.0,0.0,0.0,0.0,0.0,0.0,554,228,0.0,556,234,0.0,531,215,0.0,561,231,,,,3,,Manuel,Ugarte Ribeiro,Ugarte,Knee injury - Unknown return date,,0,0,0,0,0,0,0,0,0,0,0,0,0,,,,0.0,0.0,0.0,0.0,0.0,0,0,0
434,a,,,4.9,408,246,-1,1,-1,1,0.0,599,252,0,0,0.0,555,227,0,0,0.0,555,227,0.0,0.0,0,216,91,509,154,0.0,0.0,0.0,0.0,0.0,0.0,0.0,0.0,0.0,0.0,0.0,534,215,0.0,535,223,0.0,497,194,0.0,542,220,,,,3,,Jack,Fletcher,J.Fletcher,,,0,0,0,0,0,0,0,0,0,0,0,0,0,,,,0.0,0.0,0.0,0.0,0.0,0,0,0
435,a,,,4.9,413,250,-1,1,-1,1,0.1,495,198,1,0,1.0,305,129,0,3,0.3,357,163,0.1,0.2,0,796,171,2320,692,0.3,0.3,0.0,0.0,0.0,0.0,0.0,0.0,0.0,0.0,0.2,358,167,0.6,322,159,0.0,501,198,0.1,363,169,,,,3,,Shea,Lacey,Lacey,,,10,0,0,0,0,0,0,0,0,0,0,0,1,,,,0.0,0.0,0.0,0.0,9.0,0,0,1
437,a,,,4.5,532,276,0,0,0,0,0.2,347,125,0,0,0.0,507,197,0,0,0.0,507,197,0.0,0.0,0,3959,1236,6850,1783,0.0,0.0,0.0,0.0,0.0,0.0,0.0,0.0,0.0,0.0,0.0,484,184,0.0,483,192,0.0,441,161,0.0,490,188,,,,3,,Bendito,Mantato,Bendito Mantato,,,0,0,0,0,0,0,0,0,0,0,0,0,0,,,,0.0,0.0,0.0,0.0,0.0,0,0,0
436,u,0.0,0.0,5.0,311,185,0,0,0,0,0.0,596,250,0,0,0.0,584,244,0,0,0.0,584,244,0.0,0.0,0,150,0,857,242,0.0,0.0,0.0,0.0,0.0,0.0,0.0,0.0,0.0,0.0,0.0,569,237,0.0,575,243,0.0,553,226,0.0,576,240,,,,3,,Toby,Collyer,Collyer,Has joined West Brom permanently,,0,0,0,0,0,0,0,0,0,0,0,0,0,,,,0.0,0.0,0.0,0.0,0.0,0,0,0
438,a,,,4.5,514,271,0,0,0,0,0.3,298,101,0,0,0.0,492,192,0,0,0.0,492,192,0.0,0.0,0,4446,1234,11092,2788,0.0,0.0,0.0,0.0,0.0,0.0,0.0,0.0,0.0,0.0,0.0,468,179,0.0,468,187,0.0,425,156,0.0,474,183,,,,3,,Tyler,Fletcher,Fletcher,,,0,0,0,0,0,0,0,0,0,0,0,0,0,,,,0.0,0.0,0.0,0.0,0.0,0,0,0
439,a,100.0,100.0,7.0,29,10,0,0,0,0,1.7,141,20,7,5,2.3,185,20,0,35,2.3,168,15,0.3,1.0,0,68588,22453,83827,20201,2.3,2.3,0.33,0.01,0.34,1.43,0.56,0.02,0.58,2.43,33.4,175,13,11.2,216,27,32.0,93,22,7.6,167,19,,,,3,,Benjamin,Sesko,Šeško,,,53,1,0,0,3,0,0,0,0,0,0,0,3,,,,0.0,0.0,5.09,0.0,5.09,0,0,3
440,a,,,5.4,213,47,0,0,-1,1,0.4,265,46,0,0,0.0,616,72,0,0,0.0,616,72,0.0,0.0,0,10956,3296,33480,7443,0.0,0.0,0.0,0.0,0.0,0.0,0.0,0.0,0.0,0.0,0.0,601,65,0.0,608,70,0.0,593,67,0.0,608,69,,,,3,,Joshua,Zirkzee,Zirkzee,,,0,0,0,0,0,0,0,0,0,0,0,0,0,,,,0.0,0.0,0.0,0.0,0.0,0,0,0
441,a,,,4.5,540,75,0,0,0,0,1.2,169,25,0,0,0.0,513,56,0,0,0.0,513,56,0.0,0.0,0,39037,13603,39962,12555,0.0,0.0,0.0,0.0,0.0,0.0,0.0,0.0,0.0,0.0,0.0,490,49,0.0,489,54,0.0,447,51,0.0,496,53,,,,3,,Chido,Obi,Obi,,,0,0,0,0,0,0,0,0,0,0,0,0,0,,,,0.0,0.0,0.0,0.0,0.0,0,0,0
405,a,,,5.5,156,93,0,0,0,0,0.3,316,111,4,2,2.0,216,96,0,20,1.3,231,105,0.2,0.7,0,15912,3389,7848,3133,1.3,1.3,0.0,0.21,0.21,2.07,0.0,0.13,0.13,1.28,13.4,250,103,41.9,83,58,2.0,285,137,5.8,212,97,,,,3,,Nico,González Iglesias,N.Gonzalez,,,146,0,0,1,2,0,0,0,1,0,0,2,11,,,,0.0,0.62,1.23,1.23,6.78,0,3,8
442,a,,,4.9,363,17,-1,1,-1,1,1.0,184,28,0,0,0.0,532,65,0,0,0.0,532,65,0.0,0.0,0,10338,2680,42085,10572,0.0,0.0,0.0,0.0,0.0,0.0,0.0,0.0,0.0,0.0,0.0,509,65,0.0,509,52,0.0,468,51,0.0,515,65,,,,3,,Nick,Pope,Pope,,,0,0,0,0,0,0,0,0,0,0,0,0,0,,,,0.0,0.0,0.0,0.0,0.0,0,0,0
443,a,,,4.5,429,26,0,0,0,0,0.0,531,60,0,0,0.0,452,49,0,0,0.0,452,49,0.0,0.0,0,531,130,866,253,0.0,0.0,0.0,0.0,0.0,0.0,0.0,0.0,0.0,0.0,0.0,427,49,0.0,424,32,0.0,371,29,0.0,433,49,,,,3,,Mark,Gillespie,Gillespie,,,0,0,0,0,0,0,0,0,0,0,0,0,0,,,,0.0,0.0,0.0,0.0,0.0,0,0,0
444,d,50.0,,4.5,523,46,0,0,0,0,0.0,559,64,0,0,0.0,500,64,0,0,0.0,500,64,0.0,0.0,0,400,94,1091,282,0.0,0.0,0.0,0.0,0.0,0.0,0.0,0.0,0.0,0.0,0.0,476,64,0.0,476,50,0.0,433,49,0.0,482,64,,,,3,,Ewen,Jaouen,Jaouen,Ankle injury - 50% chance of playing,,0,0,0,0,0,0,0,0,0,0,0,0,0,,,,0.0,0.0,0.0,0.0,0.0,0,0,0
445,a,,,5.0,297,51,0,0,0,0,2.1,122,49,8,-1,2.7,148,60,0,25,2.7,131,53,0.5,1.6,0,129561,37526,81605,38744,2.7,2.7,0.0,0.07,0.07,5.47,0.0,0.02,0.02,1.82,52.2,109,51,14.0,195,64,2.0,273,105,6.8,189,72,,,,3,,Malick,Thiaw,Thiaw,,,270,0,0,1,4,1,0,0,0,0,0,3,21,,,,0.0,0.33,1.33,1.0,7.0,0,21,6
446,a,100.0,100.0,5.0,245,36,0,0,0,0,0.2,328,121,1,0,1.0,311,122,0,-1,0.3,360,131,0.1,0.2,0,5107,1157,10022,3244,0.3,0.3,0.0,0.0,0.0,0.79,0.0,0.0,0.0,71.1,0.0,542,200,0.0,543,200,0.0,512,195,0.0,549,199,,2.0,,3,,Fabian,Schär,Schär,,,1,0,0,0,1,0,0,0,0,0,0,0,0,,,,0.0,0.0,90.0,0.0,0.0,0,0,0
447,a,,,5.0,270,42,0,0,0,0,0.7,228,87,9,1,3.0,129,51,0,29,3.0,115,44,0.6,1.8,0,31979,7642,17629,7506,3.0,3.0,0.01,0.17,0.18,5.47,0.0,0.06,0.06,1.82,69.6,57,26,3.0,260,89,6.0,226,80,7.9,159,63,,,,3,,Sven,Botman,Botman,,,270,0,0,1,4,0,0,0,1,0,0,3,24,,,,0.0,0.33,1.33,1.0,8.0,2,22,9
448,i,0.0,0.0,4.9,361,64,0,0,-1,1,0.9,198,75,0,0,0.0,531,198,0,0,0.0,531,198,0.0,0.0,0,7022,226,140333,18054,0.0,0.0,0.0,0.0,0.0,0.0,0.0,0.0,0.0,0.0,0.0,508,195,0.0,508,195,0.0,467,189,0.0,514,193,,,,3,,Dan,Burn,Burn,Ankle injury - Expected back 14 Sep,,0,0,0,0,0,0,0,0,0,0,0,0,0,,,,0.0,0.0,0.0,0.0,0.0,0,0,0
449,a,,,5.2,238,35,1,-1,2,-2,13.4,29,10,18,4,6.0,35,16,3,80,6.0,32,15,1.2,3.5,0,1096247,466910,191831,92329,6.0,6.0,0.04,0.67,0.71,5.45,0.01,0.22,0.23,1.82,89.0,28,8,55.9,47,7,7.0,216,74,15.1,58,13,1.0,1.0,,3,,Lewis,Hall,Hall,,,269,0,1,1,4,0,0,0,0,0,0,3,30,,,,0.0,0.33,1.34,1.0,10.04,8,22,27
451,u,0.0,0.0,4.0,636,196,0,0,0,0,0.1,475,169,0,0,0.0,427,155,0,0,0.0,427,155,0.0,0.0,0,0,0,5959,857,0.0,0.0,0.0,0.0,0.0,0.0,0.0,0.0,0.0,0.0,0.0,402,151,0.0,397,151,0.0,339,133,0.0,408,149,,,,3,,Alex,Murphy,A.Murphy,Has joined FC Kaiserslautern on loan for the rest of the season,,0,0,0,0,0,0,0,0,0,0,0,0,0,,,,0.0,0.0,0.0,0.0,0.0,0,0,0
453,a,,,6.0,65,45,0,0,0,0,2.4,116,36,17,12,5.7,43,21,2,58,5.7,38,19,1.0,2.8,0,207614,167432,79894,46823,5.7,5.7,0.22,0.06,0.28,5.47,0.07,0.02,0.09,1.82,45.4,131,48,27.3,135,80,39.0,75,44,11.2,105,55,3.0,,,3,,Harvey,Barnes,Barnes,,,270,1,1,1,4,0,0,0,0,0,0,3,18,,,,0.0,0.33,1.33,1.0,6.0,3,7,8
454,a,,,6.2,58,41,1,-1,2,-2,11.2,38,15,18,1,6.0,41,19,2,71,6.0,36,17,1.0,2.9,0,1187346,281233,268453,162111,6.0,6.0,0.42,0.34,0.76,4.01,0.16,0.13,0.29,1.56,82.6,37,16,50.6,61,45,61.0,43,28,19.4,29,22,2.0,,,3,,Anthony,Elanga,Elanga,,,232,2,0,1,3,0,0,0,1,0,0,3,9,,,,0.0,0.39,1.16,1.16,3.49,4,2,3
456,a,,,4.9,382,228,-1,1,-1,1,0.4,285,96,7,6,2.3,173,72,0,26,2.3,155,66,0.5,1.4,0,13210,9969,15429,4197,2.3,2.3,0.17,0.16,0.33,1.92,0.22,0.21,0.43,2.5,40.4,148,54,6.3,232,122,21.0,120,62,6.7,193,89,,,,3,,Jacob,Ramsey,J.Ramsey,,,69,1,0,0,1,0,0,0,1,0,0,0,11,,,,0.0,0.0,1.3,0.0,14.35,2,3,6
457,a,,,5.9,85,55,0,0,-1,1,0.1,389,144,2,1,0.7,381,180,0,7,0.7,326,150,0.1,0.3,0,2738,906,8002,1848,0.7,0.7,0.0,0.2,0.2,1.46,0.0,0.51,0.51,3.75,2.4,337,154,3.5,253,134,4.0,248,118,0.9,327,150,4.0,,,3,,Jacob,Murphy,J.Murphy,,,35,0,0,0,1,0,0,0,1,0,0,0,6,,,,0.0,0.0,2.57,0.0,15.43,1,1,4
458,i,0.0,0.0,5.4,190,117,0,0,-1,1,0.0,569,236,0,0,0.0,611,258,0,0,0.0,611,258,0.0,0.0,0,164,30,1952,252,0.0,0.0,0.0,0.0,0.0,0.0,0.0,0.0,0.0,0.0,0.0,596,251,0.0,603,257,0.0,586,245,0.0,603,254,,,,3,,Joelinton Cássio,Apolinário de Lira,Joelinton,Unspecified injury - Unknown return date,,0,0,0,0,0,0,0,0,0,0,0,0,0,,,,0.0,0.0,0.0,0.0,0.0,0,0,0
459,a,100.0,100.0,5.5,172,106,0,0,0,0,0.1,452,178,8,2,2.7,155,66,0,40,2.7,140,61,0.5,1.5,0,4524,922,3423,1307,2.7,2.7,0.05,0.07,0.12,4.39,0.02,0.03,0.05,1.74,30.0,188,72,37.2,103,66,5.0,235,115,7.2,180,83,5.0,,,3,,Lewis,Miley,L.Miley,,,227,0,0,1,3,0,0,0,1,0,0,3,26,,,,0.0,0.4,1.19,1.19,10.31,1,10,15
460,a,,,5.0,257,159,0,0,0,0,0.5,259,86,11,2,3.7,93,41,0,34,3.7,85,39,0.7,2.2,0,44868,13878,17950,8276,3.7,3.7,0.52,0.2,0.72,3.57,0.28,0.11,0.39,1.94,44.4,134,50,20.4,168,95,28.0,100,54,8.5,152,72,,,,3,,Joe,Willock,Willock,,,166,1,0,1,3,0,0,0,0,0,0,2,8,,,,0.0,0.54,1.63,1.08,4.34,3,2,3
461,a,,,5.8,116,75,-1,1,-2,2,0.1,386,142,1,0,1.0,353,164,0,3,0.3,378,178,0.1,0.2,0,1502,332,13663,2975,0.3,0.3,0.0,0.0,0.0,0.0,0.0,0.0,0.0,0.0,0.0,629,276,0.0,634,277,0.0,628,274,0.0,633,276,,,,3,,Bazoumana,Touré,Touré,,,1,0,0,0,0,0,0,0,0,0,0,0,0,,,,0.0,0.0,0.0,0.0,0.0,0,0,0
462,a,,,4.9,417,254,-1,1,-1,1,0.1,456,180,3,1,1.0,308,132,0,10,1.0,256,112,0.2,0.6,0,1685,339,4613,1266,1.0,1.0,0.0,0.0,0.0,1.9,0.0,0.0,0.0,1.97,7.4,284,121,1.7,288,147,0.0,504,201,1.0,320,145,,,,3,,Sean,Steur,Steur,,,87,0,0,0,1,0,0,0,0,0,0,1,7,,,,0.0,0.0,1.03,1.03,7.24,0,4,3
463,u,0.0,0.0,5.9,101,26,0,0,-1,1,0.6,232,38,4,0,4.0,88,10,0,18,1.3,232,22,0.2,0.7,0,14520,0,123849,36289,0.0,0.0,0.02,0.01,0.03,0.38,0.09,0.05,0.14,1.8,18.2,226,20,10.5,221,28,11.0,188,32,4.0,243,29,,,,3,,Nick,Woltemade,Woltemade,Has joined Juventus on loan for the rest of the season,,19,0,1,0,0,0,0,0,0,0,0,0,0,,,,0.0,0.0,0.0,0.0,0.0,0,0,0
464,a,,,6.2,57,13,1,-1,2,-2,17.7,20,5,13,1,4.3,74,7,2,51,4.3,69,6,0.7,2.1,0,1766391,488295,323071,209575,4.3,4.3,1.35,0.05,1.4,4.3,0.47,0.02,0.49,1.48,55.6,98,5,33.9,115,11,74.0,22,9,16.3,53,7,,,2.0,3,,Yoane,Wissa,Wissa,,,261,1,1,1,3,0,0,0,2,0,0,3,17,,,,0.0,0.34,1.03,1.03,5.86,5,2,10
465,i,0.0,0.0,5.9,105,28,0,0,-1,1,0.4,272,48,4,0,4.0,89,11,0,18,1.3,234,24,0.2,0.7,0,21119,218,76066,11310,0.0,0.0,0.06,0.14,0.2,1.48,0.1,0.23,0.33,2.42,28.2,193,15,13.7,197,23,8.0,205,34,5.0,227,26,,4.0,1.0,3,,William,Osula,Osula,Foot injury - Unknown return date,,55,0,1,0,1,0,0,0,0,0,0,1,5,,,,0.0,0.0,1.64,1.64,8.18,1,2,2
466,u,0.0,0.0,4.5,542,76,0,0,0,0,0.6,234,39,0,0,0.0,515,57,0,0,0.0,515,57,0.0,0.0,0,23805,0,37635,16111,0.0,0.0,0.0,0.0,0.0,0.0,0.0,0.0,0.0,0.0,0.0,492,50,0.0,491,55,0.0,449,52,0.0,498,54,,,,3,,Sean,Neave,Neave,Has joined Wolves on loan for the rest of the season,,0,0,0,0,0,0,0,0,0,0,0,0,0,,,,0.0,0.0,0.0,0.0,0.0,0,0,0
559,a,,,4.9,416,253,-1,1,-1,1,0.1,416,159,1,0,1.0,307,131,0,5,0.3,358,164,0.1,0.2,0,2028,504,5707,1418,0.3,0.3,0.0,0.0,0.0,1.04,0.0,0.0,0.0,6.69,4.0,317,144,0.0,538,226,0.0,503,200,0.4,342,157,,,,3,,Aladji,Bamba,Bamba,,,14,0,0,0,1,0,0,0,0,0,0,0,2,,,,0.0,0.0,6.43,0.0,12.86,1,1,0
567,a,,,5.0,301,14,0,0,0,0,1.4,160,24,10,2,3.3,110,7,0,56,3.3,99,7,0.7,2.0,0,110870,47072,46604,23239,3.3,3.3,0.0,0.0,0.0,5.47,0.0,0.0,0.0,1.82,109.2,8,1,0.0,568,65,0.0,546,65,10.9,108,2,,,,3,,Lukás,Hornícek,Horníček,,,270,0,0,1,4,0,0,0,1,0,13,3,0,,,,4.33,0.33,1.33,1.0,0.0,0,5,15
593,d,75.0,,4.5,491,122,0,0,0,0,3.1,100,38,13,1,4.3,67,28,2,39,4.3,61,25,1.0,2.9,0,431343,102339,148202,96843,3.2,4.3,0.14,0.08,0.22,5.47,0.05,0.03,0.08,1.82,59.6,77,38,38.0,99,27,15.0,149,49,11.3,100,31,,3.0,,3,,Amar,Dedic,Dedić,Hamstring injury - 75% chance of playing,,270,0,1,1,4,0,0,0,0,0,0,3,18,,,,0.0,0.33,1.33,1.0,6.0,5,13,11
634,a,,,6.0,80,20,0,0,0,0,0.1,428,63,1,1,1.0,362,45,0,4,1.0,282,34,0.2,0.2,0,10888,5504,2253,1667,2.1,2.1,0.0,0.0,0.0,0.04,0.0,0.0,0.0,0.13,0.0,644,75,0.8,314,38,6.0,232,36,0.7,334,38,,,,3,,Matias,Fernandez-Pardo,Fernandez-Pardo,,,27,0,0,0,0,0,0,0,0,0,0,0,1,,,,0.0,0.0,0.0,0.0,3.33,0,0,1
167,a,,,5.5,154,39,0,0,0,0,0.9,204,32,3,2,1.5,247,28,0,15,1.0,272,32,0.2,0.5,0,61951,17265,30288,10746,1.0,1.0,0.13,0.06,0.19,1.22,0.12,0.06,0.18,1.13,6.4,294,29,30.9,123,13,12.0,180,31,4.9,230,27,,,3.0,3,,Liam,Delap,Delap,,,97,0,0,1,1,0,0,0,0,0,0,1,5,,,,0.0,0.93,0.93,0.93,4.64,0,2,3
201,a,,,5.4,205,27,0,0,-1,1,5.7,67,28,1,1,0.5,385,136,0,1,0.3,369,134,0.1,0.2,0,48467,9562,385716,78572,0.3,0.3,0.26,0.01,0.27,1.1,0.28,0.01,0.29,1.16,3.6,322,124,2.6,267,93,25.0,111,33,3.1,263,99,,,,3,,Daniel,Muñoz Mejía,Muñoz,,,85,0,0,0,2,0,0,0,0,0,0,1,5,,,,0.0,0.0,2.12,1.06,5.29,2,3,1
467,a,,,5.0,240,5,0,0,0,0,1.4,155,23,9,6,3.0,127,12,0,38,3.0,114,12,0.6,1.8,0,23599,11845,40579,10610,3.0,3.0,0.0,0.01,0.01,3.28,0.0,0.0,0.0,1.09,33.2,177,19,0.0,541,57,0.0,508,56,3.3,258,19,,,,3,,Matz,Sels,Sels,,,270,0,0,1,3,0,0,0,0,0,4,3,0,,,,1.33,0.33,1.0,1.0,0.0,0,4,26
468,a,,,4.5,462,34,0,0,0,0,0.1,482,55,0,0,0.0,465,57,0,0,0.0,465,57,0.0,0.0,0,586,149,1476,359,0.0,0.0,0.0,0.0,0.0,0.0,0.0,0.0,0.0,0.0,0.0,441,57,0.0,438,40,0.0,388,37,0.0,447,57,,,,3,,John Victor,Maciel Furtado,John,,,0,0,0,0,0,0,0,0,0,0,0,0,0,,,,0.0,0.0,0.0,0.0,0.0,0,0,0
469,a,,,5.0,267,41,0,0,0,0,8.1,50,19,15,7,5.0,51,22,1,57,5.0,47,20,1.0,3.0,0,143358,75690,240004,69172,5.0,5.0,0.12,0.24,0.36,3.28,0.04,0.08,0.12,1.09,61.0,73,36,42.0,82,20,16.0,141,43,11.9,89,22,2.0,3.0,,3,,Neco,Williams,N.Williams,,,270,0,1,1,3,0,0,0,0,0,0,3,24,,,,0.0,0.33,1.0,1.0,8.0,12,12,19
470,u,0.0,0.0,5.0,305,55,0,0,0,0,0.0,557,191,0,0,0.0,579,207,0,0,0.0,579,207,0.0,0.0,0,424,0,3056,1023,0.0,0.0,0.0,0.0,0.0,0.0,0.0,0.0,0.0,0.0,0.0,563,206,0.0,569,206,0.0,547,204,0.0,570,206,,,,3,,Felipe,Rodrigues da Silva,Morato,Has joined West Ham on loan for the rest of the season,,0,0,0,0,0,0,0,0,0,0,0,0,0,,,,0.0,0.0,0.0,0.0,0.0,0,0,0
450,a,100.0,0.0,4.9,390,71,0,0,-1,1,0.1,483,171,1,1,1.0,297,119,0,3,0.3,351,129,0.1,0.2,0,3087,2881,2952,864,0.3,0.0,0.0,0.0,0.0,0.02,0.0,0.0,0.0,1.8,0.2,357,131,0.0,526,197,0.0,488,192,0.0,533,196,,,,3,,Tino,Livramento,Livramento,,,1,0,0,0,0,0,0,0,0,0,0,0,0,,,,0.0,0.0,0.0,0.0,0.0,0,0,0
471,a,,,5.5,140,17,0,0,0,0,1.6,145,59,12,7,4.0,83,35,0,34,4.0,78,33,0.7,2.2,0,15733,7515,42930,8041,4.0,4.0,0.11,0.03,0.14,3.28,0.04,0.01,0.05,1.09,53.2,106,49,1.4,295,108,16.0,142,44,7.0,183,70,,,,3,,Nikola,Milenković,Milenković,,,270,0,0,1,3,0,0,0,1,0,0,3,31,,,,0.0,0.33,1.0,1.0,10.33,5,26,12
472,a,100.0,100.0,5.5,177,23,0,0,0,0,1.6,144,58,13,8,4.3,72,30,0,42,4.3,67,28,0.8,2.4,0,30802,12562,40119,8130,4.3,4.3,0.35,0.28,0.63,3.28,0.12,0.09,0.21,1.1,61.2,71,34,27.4,133,41,18.0,129,39,10.7,114,41,,2.0,,3,,Murillo,Costa dos Santos,Murillo,,,269,0,0,1,3,0,0,0,0,0,0,3,30,,,,0.0,0.33,1.0,1.0,10.04,6,24,10
473,a,,,4.5,443,87,0,0,0,0,2.6,112,45,6,1,2.0,190,73,0,34,2.0,172,68,0.4,1.3,0,45293,6915,116165,42318,2.0,2.0,0.04,0.52,0.56,2.9,0.02,0.22,0.24,1.21,40.8,144,66,51.6,58,12,15.0,148,48,10.8,111,38,,,,3,,Ola,Aina,Aina,,,216,0,0,1,2,0,0,0,2,0,0,3,14,,,,0.0,0.42,0.83,1.25,5.83,7,7,12
474,a,,,4.5,531,137,0,0,0,0,0.2,327,120,10,8,3.3,107,42,0,35,3.3,96,36,0.7,2.2,0,7525,6342,6944,3391,3.3,3.3,0.03,0.01,0.04,3.28,0.01,0.0,0.01,1.09,55.4,99,45,2.4,271,95,1.0,292,110,5.9,211,81,,,,3,,Jair,Paula da Cunha Filho,Jair Cunha,,,270,0,0,1,3,0,0,0,1,0,0,3,28,,,,0.0,0.33,1.0,1.0,9.33,5,23,5
475,i,0.0,0.0,4.5,507,128,0,0,0,0,0.0,642,213,0,0,0.0,486,186,0,0,0.0,486,186,0.0,0.0,0,192,45,208,29,0.0,0.0,0.0,0.0,0.0,0.0,0.0,0.0,0.0,0.0,0.0,462,183,0.0,462,183,0.0,419,176,0.0,468,181,,,,3,,Nicolò,Savona,Savona,Knee injury - Unknown return date,,0,0,0,0,0,0,0,0,0,0,0,0,0,,,,0.0,0.0,0.0,0.0,0.0,0,0,0
477,u,0.0,0.0,4.0,639,199,0,0,0,0,0.2,351,133,0,0,0.0,430,158,0,0,0.0,430,158,0.0,0.0,0,2459,0,10297,3809,0.0,0.0,0.0,0.0,0.0,0.0,0.0,0.0,0.0,0.0,0.0,405,154,0.0,400,154,0.0,342,136,0.0,411,152,,,,3,,Zach,Abbott,Abbott,Has joined Southampton on loan for the rest of the season,,0,0,0,0,0,0,0,0,0,0,0,0,0,,,,0.0,0.0,0.0,0.0,0.0,0,0,0
478,a,,,4.5,494,123,0,0,0,0,0.0,537,185,2,0,1.0,287,113,0,3,0.7,295,109,0.2,0.4,0,371,91,1088,328,0.7,0.7,0.0,0.0,0.0,0.13,0.0,0.0,0.0,0.58,2.0,341,127,0.9,307,115,0.0,407,172,0.3,350,127,,,,3,,Luca,Netz,Netz,,,20,0,0,0,1,0,0,0,0,0,0,0,1,,,,0.0,0.0,4.5,0.0,4.5,1,0,1
479,u,0.0,0.0,4.0,634,194,0,0,0,0,0.1,387,145,0,0,0.0,426,154,0,0,0.0,426,154,0.0,0.0,0,799,0,6457,2099,0.0,0.0,0.0,0.0,0.0,0.0,0.0,0.0,0.0,0.0,0.0,401,150,0.0,396,150,0.0,338,132,0.0,407,148,,,,3,,Tyler,Bindon,Bindon,Has joined Charlton Athletic on loan for the rest of the season,,0,0,0,0,0,0,0,0,0,0,0,0,0,,,,0.0,0.0,0.0,0.0,0.0,0,0,0
480,a,100.0,100.0,7.9,9,6,0,0,-1,1,9.4,44,16,18,3,6.0,42,20,3,49,6.0,37,18,0.8,2.3,0,363143,139167,515906,120143,6.0,6.0,1.4,0.11,1.51,3.28,0.47,0.04,0.51,1.09,62.0,69,22,24.8,145,86,46.0,65,39,13.2,76,48,,1.0,1.0,3,,Morgan,Gibbs-White,Gibbs-White,,,270,1,1,1,3,0,0,0,0,0,0,3,15,,,,0.0,0.33,1.0,1.0,5.0,4,2,9
482,a,100.0,100.0,5.9,90,58,0,0,-1,1,0.2,358,130,1,0,1.0,357,165,0,2,0.3,380,179,0.1,0.2,0,3014,679,13221,2813,0.3,0.3,0.0,0.0,0.0,0.0,0.0,0.0,0.0,0.0,0.0,632,277,0.3,345,171,0.0,630,275,0.0,635,277,,4.0,,3,,Callum,Hudson-Odoi,Hudson-Odoi,,,1,0,0,0,0,0,0,0,0,0,0,0,0,,,,0.0,0.0,0.0,0.0,0.0,0,0,0
483,a,,,5.5,153,92,0,0,0,0,0.6,233,77,13,1,4.3,70,32,2,40,4.3,65,31,0.8,2.4,0,43443,8220,27443,10900,4.3,4.3,0.35,0.63,0.98,2.48,0.17,0.31,0.48,1.21,37.6,155,57,25.8,142,83,36.0,84,48,10.0,126,61,,,,3,,Dan,Ndoye,Ndoye,,,184,1,0,1,1,0,0,0,0,0,0,3,17,,,,0.0,0.49,0.49,1.47,8.32,2,2,13
484,u,0.0,0.0,5.4,225,142,0,0,-1,1,0.1,439,170,0,0,0.0,620,266,0,0,0.0,620,266,0.0,0.0,0,427,0,9170,2311,0.0,0.0,0.0,0.0,0.0,0.0,0.0,0.0,0.0,0.0,0.0,608,261,0.0,613,265,0.0,600,256,0.0,614,263,,,,3,,Omari,Hutchinson,Hutchinson,Has joined AC Milan on loan for the rest of the season,,0,0,0,0,0,0,0,0,0,0,0,0,0,,,,0.0,0.0,0.0,0.0,0.0,0,0,0
485,u,0.0,0.0,5.5,159,96,0,0,0,0,0.0,623,267,0,0,0.0,630,273,0,0,0.0,630,273,0.0,0.0,0,107,0,1067,130,0.0,0.0,0.0,0.0,0.0,0.0,0.0,0.0,0.0,0.0,0.0,621,270,0.0,627,272,0.0,619,267,0.0,627,272,,,,3,,Dilane,Bakwa,Bakwa,Has joined Lille on loan for the rest of the season,,0,0,0,0,0,0,0,0,0,0,0,0,0,,,,0.0,0.0,0.0,0.0,0.0,0,0,0
486,a,,,5.5,146,88,0,0,0,0,0.1,441,171,7,2,2.3,179,76,0,56,2.3,162,70,0.4,1.3,0,5695,1628,3194,1191,2.3,2.3,0.13,0.54,0.67,3.15,0.05,0.19,0.24,1.12,34.0,172,67,120.5,3,3,10.0,194,95,16.5,46,33,1.0,,,3,,James,McAtee,McAtee,,,253,0,0,2,2,0,0,0,1,0,0,3,23,,,,0.0,0.71,0.71,1.07,8.18,5,4,14
487,a,,,4.9,385,231,-1,1,-1,1,0.1,478,190,1,0,1.0,296,123,0,3,0.3,350,158,0.1,0.2,0,855,283,2947,739,0.3,0.3,0.0,0.0,0.0,0.0,0.0,0.0,0.0,0.0,0.2,356,166,0.0,522,215,0.0,483,185,0.0,529,212,,,,3,,Nicolás,Domínguez,Dominguez,,,1,0,0,0,0,0,0,0,0,0,0,0,0,,,,0.0,0.0,0.0,0.0,0.0,0,0,0
488,a,100.0,100.0,4.9,374,224,0,0,-1,1,0.5,249,82,2,0,2.0,197,83,0,10,0.7,297,133,0.1,0.4,0,6959,2292,55759,9303,0.7,0.7,0.03,0.01,0.04,0.47,0.03,0.01,0.04,0.47,17.8,228,91,13.0,204,112,3.0,254,122,3.4,255,110,,,,3,,Ibrahim,Sangaré,I.Sangaré,,,90,0,0,0,1,0,0,0,0,0,0,1,6,,,,0.0,0.0,1.0,1.0,6.0,0,3,3
490,a,,,5.9,84,22,0,0,-1,1,1.0,181,28,2,1,1.0,355,42,0,6,0.7,325,39,0.1,0.3,0,16497,4148,90701,18442,0.7,0.7,0.12,0.01,0.13,0.4,0.25,0.02,0.27,0.82,0.2,361,39,2.5,269,33,3.0,260,40,0.4,345,40,,,2.0,3,,Chris,Wood,Wood,,,44,0,0,0,1,0,0,0,0,0,0,0,1,,,,0.0,0.0,2.05,0.0,2.05,0,0,1
609,u,0.0,,4.0,640,200,0,0,0,0,0.3,313,117,0,0,0.0,431,159,0,0,0.0,431,159,0.0,0.0,0,18236,3372,7445,3484,0.0,0.0,0.0,0.0,0.0,0.0,0.0,0.0,0.0,0.0,0.0,406,155,0.0,401,155,0.0,343,137,0.0,412,153,,,,3,,Leo,Shahar,Shahar,has joined Arouca on loan for the rest of the seaon.,,0,0,0,0,0,0,0,0,0,0,0,0,0,,,,0.0,0.0,0.0,0.0,0.0,0,0,0
476,a,,,4.0,604,173,0,0,0,0,0.2,329,122,0,0,0.0,405,142,0,0,0.0,405,142,0.0,0.0,0,2547,794,5631,1507,0.0,0.0,0.0,0.0,0.0,0.0,0.0,0.0,0.0,0.0,0.0,380,138,0.0,375,138,0.0,317,120,0.0,386,136,,,,3,,Omar,Richards,O.Richards,,,0,0,0,0,0,0,0,0,0,0,0,0,0,,,,0.0,0.0,0.0,0.0,0.0,0,0,0
491,a,,,5.9,102,27,0,0,-1,1,2.5,115,16,4,1,1.3,257,30,0,15,1.3,233,23,0.2,0.7,0,46690,11042,201331,61058,1.3,1.3,0.96,0.06,1.02,2.48,0.41,0.03,0.44,1.06,15.0,243,21,20.5,167,20,69.0,29,10,10.5,120,15,,,4.0,3,,Igor Jesus,Maciel da Cruz,Igor Jesus,,,211,0,0,0,3,0,0,0,1,0,0,2,9,,,,0.0,0.0,1.28,0.85,3.84,2,5,2
558,a,,,5.0,261,162,0,0,0,0,0.1,426,165,8,3,2.7,146,59,0,36,2.7,129,53,0.5,1.6,0,2440,863,3517,1053,2.7,2.7,0.08,0.06,0.14,2.94,0.04,0.03,0.07,1.35,33.0,178,68,4.0,246,130,10.0,192,94,4.8,233,103,3.0,,,3,,Xaver,Schlager,Schlager,,,196,0,0,1,3,0,0,0,0,0,0,2,26,,,,0.0,0.46,1.38,0.92,11.94,9,6,11
581,a,,,5.4,231,31,0,0,-1,1,0.5,248,91,1,1,1.0,340,127,0,3,0.3,374,135,0.1,0.2,0,7953,1327,34946,6913,0.3,0.3,0.0,0.0,0.0,0.0,0.0,0.0,0.0,0.0,0.0,610,211,0.0,614,211,0.0,603,210,0.0,616,211,,,,3,,Ousmane,Diomande,Diomande,,,1,0,0,0,0,0,0,0,0,0,0,0,0,,,,0.0,0.0,0.0,0.0,0.0,0,0,0
112,a,,,4.9,396,74,0,0,-1,1,6.8,59,24,10,8,3.3,108,43,2,41,3.3,97,37,0.7,2.0,0,86746,28950,387104,68757,3.3,3.3,0.2,0.07,0.27,5.51,0.07,0.02,0.09,1.84,71.4,54,23,29.3,131,39,46.0,63,11,14.6,60,14,,,,3,,Jan Paul,van Hecke,Van Hecke,,,270,0,0,1,5,0,0,0,0,0,0,3,21,,,,0.0,0.33,1.67,1.0,7.0,5,16,11
147,a,,,4.4,562,146,-1,1,-1,1,0.2,359,136,0,0,0.0,446,172,0,0,0.0,446,172,0.0,0.0,0,1370,554,6089,1412,0.0,0.0,0.0,0.0,0.0,0.0,0.0,0.0,0.0,0.0,0.0,421,168,0.0,416,168,0.0,361,153,0.0,427,166,,,,3,,Tosin,Adarabioyo,Tosin,,,0,0,0,0,0,0,0,0,0,0,0,0,0,,,,0.0,0.0,0.0,0.0,0.0,0,0,0
401,a,,,7.0,28,9,0,0,0,0,2.3,119,17,4,2,2.0,226,25,0,20,1.3,242,27,0.2,0.6,0,178607,38304,90800,35851,1.3,1.3,0.34,0.08,0.42,1.6,0.18,0.04,0.22,0.83,9.2,274,25,37.5,101,8,38.0,79,18,8.2,158,18,,5.0,2.0,3,,Omar,Marmoush,Marmoush,,,173,0,0,1,2,0,0,0,0,0,0,2,4,,,,0.0,0.52,1.04,1.04,2.08,1,0,3
403,a,100.0,100.0,6.5,41,28,0,0,0,0,0.7,222,71,3,3,3.0,142,57,0,15,1.0,283,130,0.2,0.5,0,81290,10407,56925,11255,1.0,1.0,0.02,0.27,0.29,0.49,0.03,0.4,0.43,0.74,6.2,298,129,17.3,179,101,15.0,158,77,3.9,248,106,4.0,,,3,,Sávio,Moreira de Oliveira,Sávio,,,60,0,0,1,0,0,0,0,0,0,0,1,0,,,,0.0,1.5,0.0,1.5,0.0,0,0,0
455,a,,,5.4,207,130,0,0,-1,1,2.6,114,35,9,5,3.0,136,56,0,52,3.0,121,51,0.6,1.7,0,39331,11181,186003,36471,3.0,3.0,0.09,0.09,0.18,5.51,0.03,0.03,0.06,1.95,34.0,171,66,40.7,89,61,12.0,177,88,8.7,148,70,,,,3,,Sandro,Tonali,Tonali,,,254,0,0,1,5,0,0,0,0,0,0,3,20,,,,0.0,0.35,1.77,1.06,7.09,5,5,10
494,u,0.0,0.0,4.5,449,32,0,0,0,0,0.2,366,41,0,0,0.0,461,55,0,0,0.0,461,55,0.0,0.0,0,0,0,19416,2220,0.0,0.0,0.0,0.0,0.0,0.0,0.0,0.0,0.0,0.0,0.0,436,55,0.0,433,38,0.0,382,35,0.0,442,55,,,,3,,Guglielmo,Vicario,Vicario,Has joined Juventus on loan for the rest of the season,,0,0,0,0,0,0,0,0,0,0,0,0,0,,,,0.0,0.0,0.0,0.0,0.0,0,0,0
495,a,,,4.0,605,62,0,0,0,0,1.0,185,29,0,0,0.0,406,36,0,0,0.0,406,36,0.0,0.0,0,20356,7427,14353,4833,0.0,0.0,0.0,0.0,0.0,0.0,0.0,0.0,0.0,0.0,0.0,381,36,0.0,376,17,0.0,318,14,0.0,387,36,,,,3,,Brandon,Austin,Austin,,,0,0,0,0,0,0,0,0,0,0,0,0,0,,,,0.0,0.0,0.0,0.0,0.0,0,0,0
496,a,,,4.5,497,41,0,0,0,0,18.3,18,3,9,6,3.0,124,10,0,43,3.0,112,10,0.7,2.0,0,202159,115114,545431,191141,3.0,3.0,0.0,0.0,0.0,5.51,0.0,0.0,0.0,1.84,57.8,85,12,10.0,225,2,0.0,410,44,6.8,187,11,,,,3,,Antonín,Kinský,Kinsky,,,270,0,0,1,5,0,0,0,0,0,6,3,0,,,,2.0,0.33,1.67,1.0,0.0,0,6,26
498,a,,,5.9,92,8,0,0,-1,1,4.5,76,31,3,0,3.0,139,55,0,10,1.0,279,99,0.2,0.5,0,24957,3633,346756,91937,1.0,1.0,0.0,0.02,0.02,3.87,0.0,0.02,0.02,3.87,36.6,161,74,2.2,277,98,0.0,632,213,3.9,247,95,,,,3,,Marcos,Senesi Barón,Senesi,,,90,0,0,0,3,0,0,0,0,0,0,1,16,,,,0.0,0.0,3.0,1.0,16.0,5,11,2
499,d,75.0,100.0,5.5,151,19,0,0,0,0,11.1,39,14,8,7,4.0,85,36,1,29,2.7,136,54,0.5,1.5,0,116488,47524,624890,79187,2.0,2.7,0.36,0.16,0.52,1.64,0.18,0.08,0.26,0.82,22.6,210,90,43.7,78,18,27.0,105,28,9.3,141,54,3.0,1.0,,3,,Pedro,Porro Sauceda,Pedro Porro,Unspecified injury - 75% chance of playing,,180,0,0,1,2,0,0,0,0,0,0,2,8,,,,0.0,0.5,1.0,1.0,4.0,2,6,5
500,u,0.0,0.0,5.0,272,43,0,0,0,0,0.1,429,153,0,0,0.0,567,204,0,0,0.0,567,204,0.0,0.0,0,0,0,15783,1241,0.0,0.0,0.0,0.0,0.0,0.0,0.0,0.0,0.0,0.0,0.0,551,203,0.0,553,203,0.0,526,199,0.0,557,202,,,,3,,Cristian,Romero,Romero,Has joined Atletico Madrid permanently,,0,0,0,0,0,0,0,0,0,0,0,0,0,,,,0.0,0.0,0.0,0.0,0.0,0,0,0
502,a,,,4.4,563,147,-1,1,-1,1,2.7,110,43,6,1,2.0,187,72,0,23,2.0,170,67,0.5,1.4,0,39657,3781,137788,53139,2.0,2.0,0.06,0.08,0.14,4.78,0.03,0.04,0.07,2.31,49.0,117,56,36.3,104,29,27.0,102,25,11.2,102,33,1.0,,,3,,Andrew,Robertson,Robertson,,,186,0,0,0,4,0,0,0,0,0,0,2,15,,,,0.0,0.0,1.94,0.97,7.26,3,12,5
489,a,100.0,100.0,4.5,457,262,0,0,0,0,1.4,156,47,0,0,0.0,463,185,0,0,0.0,463,185,0.0,0.0,0,26054,6992,69351,14085,0.0,0.0,0.0,0.0,0.0,0.0,0.0,0.0,0.0,0.0,0.0,439,172,0.0,436,180,0.0,385,149,0.0,445,176,,,,3,,Ryan,Yates,Yates,,,0,0,0,0,0,0,0,0,0,0,0,0,0,,,,0.0,0.0,0.0,0.0,0.0,0,0,0
503,a,100.0,100.0,5.0,313,56,0,0,0,0,3.8,86,33,9,9,4.5,64,25,3,35,3.0,116,45,0.6,1.8,0,53027,28096,223027,20308,3.0,3.0,0.57,0.02,0.59,1.64,0.28,0.01,0.29,0.82,36.6,160,73,3.3,257,88,14.0,160,53,5.4,220,84,,,,3,,Micky,van de Ven,Van de Ven,,,180,0,0,1,2,0,0,0,1,0,0,2,17,,,,0.0,0.5,1.0,1.0,8.5,4,13,8
505,u,0.0,0.0,4.5,470,107,0,0,0,0,0.3,311,115,0,0,0.0,469,178,0,0,0.0,469,178,0.0,0.0,0,0,0,64953,4877,0.0,0.0,0.0,0.0,0.0,0.0,0.0,0.0,0.0,0.0,0.0,445,175,0.0,442,175,0.0,392,163,0.0,451,173,,,,3,,Djed,Spence,Spence,Has joined Internazionale permanently,,0,0,0,0,0,0,0,0,0,0,0,0,0,,,,0.0,0.0,0.0,0.0,0.0,0,0,0
506,d,75.0,,4.5,498,125,0,0,0,0,0.4,273,100,7,5,2.3,170,68,0,21,2.3,152,62,0.5,1.6,0,4252,1440,14561,3082,1.7,2.3,0.0,0.23,0.23,1.17,0.0,0.24,0.24,1.22,9.8,271,111,13.5,198,66,4.0,241,89,2.7,272,104,,,,3,,Destiny,Udogie,Udogie,Unspecified injury - 75% chance of playing,,86,0,0,1,1,0,0,0,1,0,0,1,4,,,,0.0,1.05,1.05,1.05,4.19,1,3,4
507,u,0.0,0.0,4.5,518,132,0,0,0,0,0.0,586,199,0,0,0.0,496,189,0,0,0.0,496,189,0.0,0.0,0,0,0,1095,125,0.0,0.0,0.0,0.0,0.0,0.0,0.0,0.0,0.0,0.0,0.0,472,186,0.0,472,186,0.0,429,179,0.0,478,184,,,,3,,Ashley,Phillips,Phillips,Has joined Middlesbrough permanently,,0,0,0,0,0,0,0,0,0,0,0,0,0,,,,0.0,0.0,0.0,0.0,0.0,0,0,0
508,a,,,4.0,591,164,0,0,0,0,0.9,202,78,0,0,0.0,398,139,0,0,0.0,398,139,0.0,0.0,0,9372,2190,28365,7615,0.0,0.0,0.0,0.0,0.0,0.0,0.0,0.0,0.0,0.0,0.0,373,135,0.0,366,133,0.0,306,113,0.0,378,132,,,,3,,Ben,Davies,Davies,,,0,0,0,0,0,0,0,0,0,0,0,0,0,,,,0.0,0.0,0.0,0.0,0.0,0,0,0
509,a,,,4.0,653,212,0,0,0,0,0.1,481,170,0,0,0.0,441,168,0,0,0.0,441,168,0.0,0.0,0,1544,506,1718,512,0.0,0.0,0.0,0.0,0.0,0.0,0.0,0.0,0.0,0.0,0.0,416,164,0.0,411,164,0.0,356,149,0.0,422,162,,,,3,,Jun'ai,Byfield,Byfield,,,0,0,0,0,0,0,0,0,0,0,0,0,0,,,,0.0,0.0,0.0,0.0,0.0,0,0,0
510,a,,,4.0,630,191,0,0,0,0,0.1,435,156,0,0,0.0,422,151,0,0,0.0,422,151,0.0,0.0,0,1916,683,2269,651,0.0,0.0,0.0,0.0,0.0,0.0,0.0,0.0,0.0,0.0,0.0,397,147,0.0,392,147,0.0,334,129,0.0,403,145,,,,3,,James,Rowswell,Rowswell,,,0,0,0,0,0,0,0,0,0,0,0,0,0,,,,0.0,0.0,0.0,0.0,0.0,0,0,0
511,u,0.0,0.0,4.0,652,211,0,0,0,0,0.2,342,128,0,0,0.0,440,167,0,0,0.0,440,167,0.0,0.0,0,2555,0,13099,4263,0.0,0.0,0.0,0.0,0.0,0.0,0.0,0.0,0.0,0.0,0.0,415,163,0.0,410,163,0.0,355,148,0.0,421,161,,,,3,,João Victor,de Souza Menezes,Souza,Has joined FC Porto on loan for the rest of the season,,0,0,0,0,0,0,0,0,0,0,0,0,0,,,,0.0,0.0,0.0,0.0,0.0,0,0,0
512,a,100.0,100.0,6.5,40,27,0,0,0,0,0.1,383,140,2,1,1.0,368,173,0,17,0.7,333,155,0.1,0.3,0,7555,2687,6785,2306,0.7,0.7,0.04,0.17,0.21,0.67,0.07,0.3,0.37,1.18,6.4,296,127,18.4,176,100,13.0,173,86,3.8,250,108,6.0,3.0,3.0,3,,Mohammed,Kudus,Kudus,,,51,0,0,0,1,0,0,0,0,0,0,0,5,,,,0.0,0.0,1.76,0.0,8.82,0,0,5
513,i,0.0,0.0,5.9,104,66,-1,1,-1,1,0.0,594,249,0,0,0.0,640,279,0,0,0.0,640,279,0.0,0.0,0,239,84,908,183,0.0,0.0,0.0,0.0,0.0,0.0,0.0,0.0,0.0,0.0,0.0,637,280,0.0,639,280,0.0,637,279,0.0,639,280,,2.0,4.0,3,,Xavi,Simons,Xavi,Knee injury - Unknown return date,,0,0,0,0,0,0,0,0,0,0,0,0,0,,,,0.0,0.0,0.0,0.0,0.0,0,0,0
514,a,,,5.8,113,72,-1,1,-2,2,0.3,315,110,7,3,2.3,181,78,0,38,2.3,164,72,0.4,1.2,0,7635,1412,36999,6781,2.3,2.3,0.2,0.14,0.34,5.11,0.08,0.05,0.13,2.0,21.0,217,88,49.5,62,46,63.0,39,24,13.3,75,47,5.0,4.0,,3,,Mathys,Tel,Tel,,,230,0,0,1,4,0,0,0,0,0,0,3,13,,,,0.0,0.39,1.57,1.17,5.09,1,1,11
515,a,100.0,75.0,6.3,51,35,-1,1,-2,2,0.4,263,87,1,0,1.0,363,168,0,6,0.3,384,180,0.0,0.2,0,3121,260,88151,12107,0.3,0.2,0.0,0.01,0.01,0.85,0.0,0.04,0.04,3.48,4.4,311,139,8.3,227,120,8.0,206,103,2.1,292,130,,,,3,,James,Maddison,Maddison,,,22,0,0,0,0,0,0,0,0,0,0,0,2,,,,0.0,0.0,0.0,0.0,8.18,0,1,1
516,a,,,5.5,134,81,0,0,0,0,0.2,354,128,8,5,2.7,150,61,0,39,2.7,134,56,0.5,1.5,0,2498,1065,5834,1183,2.7,2.7,0.02,0.04,0.06,3.82,0.01,0.02,0.03,1.53,35.8,165,62,25.1,144,85,6.0,229,114,6.8,190,88,,,,3,,Rodrigo,Bentancur,Bentancur,,,225,0,0,1,3,0,0,0,0,0,0,2,33,,,,0.0,0.4,1.2,0.8,13.2,6,14,13
518,u,0.0,0.0,4.9,397,237,0,0,-1,1,0.1,422,162,0,0,0.0,550,223,0,0,0.0,550,223,0.0,0.0,0,4138,0,20386,4115,0.0,0.0,0.0,0.0,0.0,0.0,0.0,0.0,0.0,0.0,0.0,529,211,0.0,530,219,0.0,492,190,0.0,537,216,,,,3,,Pape Matar,Sarr,P.M.Sarr,Has joined Juventus on loan for the rest of the season,,0,0,0,0,0,0,0,0,0,0,0,0,0,,,,0.0,0.0,0.0,0.0,0.0,0,0,0
520,a,,,5.4,232,147,0,0,-1,1,0.2,365,132,1,0,1.0,341,155,0,2,0.3,375,175,0.1,0.2,0,1400,283,7399,1706,0.3,0.3,0.0,0.01,0.01,1.7,0.0,0.02,0.02,3.4,0.0,611,263,2.0,283,144,2.0,282,135,0.0,617,265,,,,3,,Lucas,Bergvall,Bergvall,,,45,0,0,0,2,0,0,0,0,0,0,1,8,,,,0.0,0.0,4.0,2.0,16.0,1,0,7
525,a,,,5.8,114,73,-1,1,-2,2,1.0,192,61,3,0,1.0,352,163,0,33,1.0,276,126,0.2,0.5,0,11056,1585,100177,25843,1.0,1.0,0.01,0.23,0.24,2.94,0.01,0.15,0.16,1.86,21.2,215,87,73.9,31,26,3.0,259,126,9.7,129,64,2.0,,,3,,Mateus,Fernandes,Fernandes,,,142,0,0,0,3,0,0,0,1,0,0,1,10,,,,0.0,0.0,1.9,0.63,6.34,4,0,6
526,a,,,5.9,86,23,0,0,-1,1,0.9,197,31,3,1,1.0,356,43,0,8,1.0,278,33,0.2,0.5,0,20882,5138,72911,16755,1.0,1.0,0.44,0.0,0.44,0.89,0.92,0.0,0.92,1.86,3.2,330,35,0.6,326,40,15.0,157,29,1.9,297,34,,,1.0,3,,Dominic,Solanke-Mitchell,Solanke,,,43,0,0,0,0,0,0,0,0,0,0,0,1,,,,0.0,0.0,0.0,0.0,2.09,0,1,0
497,a,,,4.0,584,53,0,0,0,0,17.9,19,4,0,0,0.0,391,27,0,0,0.0,391,27,0.0,0.0,0,281400,115302,286341,103693,0.0,0.0,0.0,0.0,0.0,0.0,0.0,0.0,0.0,0.0,0.0,366,27,0.0,359,8,0.0,299,5,0.0,371,27,,,,3,,Martin,Dubravka,Dubravka,,,0,0,0,0,0,0,0,0,0,0,0,0,0,,,,0.0,0.0,0.0,0.0,0.0,0,0,0
519,a,,,5.4,201,126,0,0,-1,1,0.2,339,122,3,3,1.5,244,109,0,24,1.0,265,118,0.2,0.6,0,2947,715,13336,2102,1.0,1.0,0.02,0.12,0.14,2.58,0.01,0.08,0.09,1.81,10.2,267,112,9.9,226,119,3.0,257,124,2.2,283,125,,,,3,,Conor,Gallagher,Gallagher,,,128,0,0,1,2,0,0,0,1,0,0,2,14,,,,0.0,0.7,1.41,1.41,9.84,5,1,8
521,i,0.0,0.0,6.5,38,26,0,0,0,0,0.0,609,258,0,0,0.0,650,289,0,0,0.0,650,289,0.0,0.0,0,232,70,552,134,0.0,0.0,0.0,0.0,0.0,0.0,0.0,0.0,0.0,0.0,0.0,650,290,0.0,651,290,0.0,650,290,0.0,650,290,,,,3,,Dejan,Kulusevski,Kulusevski,Knee injury - Unknown return date,,0,0,0,0,0,0,0,0,0,0,0,0,0,,,,0.0,0.0,0.0,0.0,0.0,0,0,0
522,a,,,5.0,338,203,0,0,0,0,0.2,345,124,4,0,2.0,208,91,0,24,1.3,228,102,0.3,0.8,0,4650,778,9524,2934,1.3,1.3,0.0,0.01,0.01,3.91,0.0,0.01,0.01,2.32,8.0,280,119,4.8,240,128,0.0,568,235,1.3,314,141,,,,3,,Archie,Gray,Gray,,,152,0,0,0,4,0,0,0,0,0,0,2,11,,,,0.0,0.0,2.37,1.18,6.51,1,5,5
523,u,0.0,0.0,5.0,319,188,0,0,0,0,0.1,443,173,3,0,1.5,243,108,0,11,1.0,262,115,0.2,0.6,0,3258,0,13798,4783,0.0,0.0,0.4,0.02,0.42,3.26,0.4,0.02,0.42,3.3,14.2,245,100,6.3,233,123,56.0,49,31,7.5,170,78,,,,3,,Mikey,Moore,Moore,Has joined FC Köln on loan for the rest of the season,,89,0,0,0,4,0,0,0,0,0,0,1,3,,,,0.0,0.0,4.04,1.01,3.03,1,0,2
527,u,0.0,0.0,5.9,91,25,0,0,-1,1,1.0,188,29,2,0,2.0,218,22,0,6,0.7,327,40,0.1,0.3,0,21439,0,229978,59278,0.0,0.0,0.0,0.0,0.0,3.02,0.0,0.0,0.0,4.06,0.0,633,72,2.2,276,35,0.0,631,74,0.2,361,43,,,,3,,Richarlison,de Andrade,Richarlison,not included in squad.,,67,0,0,0,3,0,0,0,0,0,0,1,1,,,,0.0,0.0,4.03,1.34,1.34,0,1,0
528,u,0.0,0.0,4.5,501,66,0,0,0,0,1.4,157,23,0,0,0.0,480,48,0,0,0.0,480,48,0.0,0.0,0,42525,0,79771,27842,0.0,0.0,0.0,0.0,0.0,0.0,0.0,0.0,0.0,0.0,0.0,456,40,0.0,456,46,0.0,413,42,0.0,462,44,,,,3,,Dane,Scarlett,Scarlett,Has joined Leyton Orient permanently,,0,0,0,0,0,0,0,0,0,0,0,0,0,,,,0.0,0.0,0.0,0.0,0.0,0,0,0
578,i,0.0,,5.4,216,135,0,0,-1,1,0.1,470,185,1,1,1.0,334,150,0,3,0.3,371,172,0.1,0.2,0,5381,1613,4396,1778,0.0,0.3,0.0,0.0,0.0,0.16,0.0,0.0,0.0,0.9,0.0,603,256,0.1,352,175,2.0,280,133,0.1,365,171,,,,3,,Mykhailo,Mudryk,Mudryk,Ankle injury - Unknown return date,,16,0,0,0,0,0,0,0,0,0,0,0,0,,,,0.0,0.0,0.0,0.0,0.0,0,0,0
501,a,,,5.0,246,37,0,0,0,0,0.2,362,138,2,2,2.0,201,78,0,9,0.7,306,113,0.1,0.4,0,3718,1391,7221,1477,0.7,0.7,0.0,0.08,0.08,1.21,0.0,0.08,0.08,1.21,20.8,218,93,10.9,218,75,0.0,513,196,3.2,260,98,,,,3,,Kevin,Danso,Danso,,,90,0,0,0,1,0,0,0,0,0,0,1,8,,,,0.0,0.0,1.0,1.0,8.0,1,7,3
539,a,,,4.0,595,166,0,0,0,0,2.7,111,44,1,0,1.0,264,93,0,1,0.3,336,119,0.1,0.2,0,12006,2103,79114,28445,0.3,0.3,0.01,0.01,0.02,1.69,0.01,0.01,0.02,2.3,11.4,260,108,1.4,294,107,4.0,236,84,1.7,301,111,,,,3,,Luke,O'Nien,O'Nien,,,66,0,0,0,1,0,0,0,1,0,0,1,5,,,,0.0,0.0,1.36,1.36,6.82,1,4,4
540,u,0.0,0.0,4.0,589,163,0,0,0,0,0.1,368,140,0,0,0.0,396,138,0,0,0.0,396,138,0.0,0.0,0,0,0,9483,1545,0.0,0.0,0.0,0.0,0.0,0.0,0.0,0.0,0.0,0.0,0.0,371,134,0.0,364,132,0.0,304,112,0.0,376,131,,,,3,,Arthur,Masuaku,Masuaku,Has joined Konyaspor permanently,,0,0,0,0,0,0,0,0,0,0,0,0,0,,,,0.0,0.0,0.0,0.0,0.0,0,0,0
547,i,0.0,,4.9,395,236,-1,1,-1,1,0.0,619,264,1,0,1.0,298,124,0,2,0.3,353,159,0.1,0.2,0,172,49,458,174,0.0,0.3,0.17,0.0,0.17,0.09,15.3,0.0,15.3,8.1,8.0,278,118,0.1,350,174,17.0,135,68,2.5,277,120,,,,3,,Romaine,Mundle,Mundle,Knee injury - Unknown return date,,1,0,0,0,0,0,0,0,0,0,0,0,1,,,,0.0,0.0,0.0,0.0,90.0,0,1,0
517,i,0.0,0.0,5.5,175,109,0,0,0,0,0.0,649,287,0,0,0.0,631,274,0,0,0.0,631,274,0.0,0.0,0,72,29,71,14,0.0,0.0,0.0,0.0,0.0,0.0,0.0,0.0,0.0,0.0,0.0,624,273,0.0,629,274,0.0,622,270,0.0,628,273,,,,3,,Wilson,Odobert,Odobert,Knee injury - Unknown return date,,0,0,0,0,0,0,0,0,0,0,0,0,0,,,,0.0,0.0,0.0,0.0,0.0,0,0,0
524,a,,,4.4,573,292,-1,1,-1,1,0.7,229,75,0,0,0.0,449,182,0,0,0.0,449,182,0.0,0.0,0,4968,1341,24574,5796,0.0,0.0,0.0,0.0,0.0,0.0,0.0,0.0,0.0,0.0,0.0,424,169,0.0,419,177,0.0,365,144,0.0,430,173,,,,3,,Callum,Olusesi,Olusesi,,,0,0,0,0,0,0,0,0,0,0,0,0,0,,,,0.0,0.0,0.0,0.0,0.0,0,0,0
601,a,,,4.5,545,283,0,0,0,0,0.1,376,137,0,0,0.0,517,202,0,0,0.0,517,202,0.0,0.0,0,9274,2171,4480,1730,0.0,0.0,0.0,0.0,0.0,0.0,0.0,0.0,0.0,0.0,0.0,494,189,0.0,493,197,0.0,451,166,0.0,500,193,,,,3,,Luca,Williams-Barnett,Williams-Barnett,,,0,0,0,0,0,0,0,0,0,0,0,0,0,,,,0.0,0.0,0.0,0.0,0.0,0,0,0
529,a,,,5.0,317,15,0,0,0,0,2.9,104,18,9,2,3.0,131,13,0,40,3.0,117,13,0.6,1.8,0,17000,1997,120057,40499,3.0,3.0,0.0,0.0,0.0,3.96,0.0,0.0,0.0,1.32,31.8,185,20,0.0,579,66,0.0,557,66,3.2,261,20,,,,3,,Robin,Roefs,Roefs,,,270,0,0,1,3,0,0,0,0,0,2,3,0,,,,0.67,0.33,1.0,1.0,0.0,0,4,28
530,u,0.0,0.0,4.0,611,63,0,0,0,0,0.1,391,46,0,0,0.0,409,37,0,0,0.0,409,37,0.0,0.0,0,0,0,4827,904,0.0,0.0,0.0,0.0,0.0,0.0,0.0,0.0,0.0,0.0,0.0,384,37,0.0,379,18,0.0,321,15,0.0,390,37,,,,3,,Anthony,Patterson,Patterson,Has joined Wrexham permanently,,0,0,0,0,0,0,0,0,0,0,0,0,0,,,,0.0,0.0,0.0,0.0,0.0,0,0,0
532,a,,,4.9,379,70,-1,1,-1,1,3.2,99,37,12,4,4.0,80,33,0,43,4.0,74,30,0.8,2.4,0,34691,6265,226825,82326,4.0,4.0,0.09,0.15,0.24,3.96,0.03,0.05,0.08,1.32,66.8,61,28,12.7,208,71,15.0,150,50,9.4,138,53,,,,3,,Daniel,Ballard,Ballard,,,270,0,0,1,3,0,0,0,1,0,0,3,29,,,,0.0,0.33,1.0,1.0,9.67,5,24,6
536,a,,,4.5,482,116,0,0,0,0,0.4,284,103,9,2,3.0,123,50,0,49,3.0,111,43,0.7,2.0,0,3616,669,11974,4073,3.0,3.0,0.0,0.31,0.31,3.96,0.0,0.1,0.1,1.32,53.8,103,47,35.0,110,32,6.0,223,77,9.5,135,51,,,,3,,Reinildo,Mandava,Reinildo,,,270,0,0,1,3,0,0,0,0,0,0,3,22,,,,0.0,0.33,1.0,1.0,7.33,7,15,15
537,u,0.0,0.0,4.5,513,131,0,0,0,0,0.0,626,209,0,0,0.0,491,188,0,0,0.0,491,188,0.0,0.0,0,61,0,574,87,0.0,0.0,0.0,0.0,0.0,0.0,0.0,0.0,0.0,0.0,0.0,467,185,0.0,467,185,0.0,424,178,0.0,473,183,,,,3,,Jenson,Seelt,Seelt,Has joined Swansea City on loan for the rest of the season,,0,0,0,0,0,0,0,0,0,0,0,0,0,,,,0.0,0.0,0.0,0.0,0.0,0,0,0
538,u,0.0,0.0,4.0,624,187,0,0,0,0,0.0,516,180,0,0,0.0,417,148,0,0,0.0,417,148,0.0,0.0,0,0,0,2045,375,0.0,0.0,0.0,0.0,0.0,0.0,0.0,0.0,0.0,0.0,0.0,392,144,0.0,387,144,0.0,329,126,0.0,398,142,,,,3,,Leo Fuhr,Hjelde,Hjelde,Has joined KV Mechelen on loan for the rest of the season,,0,0,0,0,0,0,0,0,0,0,0,0,0,,,,0.0,0.0,0.0,0.0,0.0,0,0,0
533,a,100.0,100.0,5.5,133,16,0,0,0,0,2.2,120,48,13,4,6.5,29,14,1,44,4.3,63,26,0.8,2.4,0,33077,6071,85364,21972,4.3,4.3,0.0,0.03,0.03,2.16,0.0,0.02,0.02,1.08,75.0,42,16,13.0,205,69,2.0,284,108,9.0,144,56,,,,3,,Nordi,Mukiele,Mukiele,,,180,0,0,1,1,0,0,0,0,0,0,2,33,,,,0.0,0.5,0.5,1.0,16.5,6,27,10
534,a,,,4.4,572,156,-1,1,-1,1,4.0,85,32,9,1,3.0,120,47,0,46,3.0,109,41,0.7,2.0,0,34131,2951,252415,128491,3.0,3.0,0.04,0.28,0.32,3.09,0.02,0.13,0.15,1.43,31.8,184,83,58.6,44,6,15.0,147,47,10.6,116,43,3.0,,,3,,Trai,Hume,Hume,,,195,0,0,1,1,0,0,0,0,0,0,2,12,,,,0.0,0.46,0.46,0.92,5.54,9,3,12
535,a,100.0,100.0,4.9,371,67,-1,1,-1,1,0.3,300,111,1,0,1.0,294,117,0,2,0.3,348,127,0.1,0.2,0,4426,353,20735,5431,0.3,0.3,0.0,0.01,0.01,0.1,0.0,0.04,0.04,0.39,0.0,517,197,0.6,320,122,0.0,476,191,0.0,523,195,,,,3,,Omar,Alderete,Alderete,,,23,0,0,0,1,0,0,0,0,0,0,0,0,,,,0.0,0.0,3.91,0.0,0.0,0,0,2
541,a,100.0,100.0,4.5,431,83,0,0,0,0,0.3,305,114,9,2,3.0,121,48,0,32,3.0,110,42,0.7,2.0,0,4323,674,6070,2014,3.0,3.0,0.21,0.13,0.34,3.51,0.08,0.05,0.13,1.3,41.6,142,64,26.8,137,43,26.0,106,29,9.5,134,50,,,,3,,Thomas,Meunier,Meunier,,,243,0,0,1,3,0,0,0,0,0,0,3,14,,,,0.0,0.37,1.11,1.11,5.19,2,12,8
542,a,,,5.8,111,70,-1,1,-2,2,4.5,77,25,13,8,4.3,73,33,1,51,4.3,68,32,0.7,2.2,0,26801,8095,496861,117901,4.3,4.3,1.21,0.23,1.44,3.76,0.42,0.08,0.5,1.31,48.0,122,43,34.8,111,69,54.0,54,35,13.8,70,46,1.0,3.0,2.0,3,,Enzo,Le Fée,E.Le Fée,,,258,1,0,1,2,0,0,0,0,0,0,3,14,,,,0.0,0.35,0.7,1.05,4.88,6,1,7
543,i,0.0,0.0,5.4,228,144,-1,1,-1,1,0.0,533,217,5,0,2.5,164,70,0,18,1.7,212,97,0.3,0.9,0,525,26,4799,1316,0.0,0.0,0.03,0.16,0.19,0.12,0.1,0.51,0.61,0.39,15.6,240,99,10.9,219,116,2.0,281,134,2.9,268,117,,,1.0,3,,Habib,Diarra,Diarra,Hamstring injury - Unknown return date,,28,0,1,0,1,0,0,0,0,0,0,0,0,,,,0.0,0.0,3.21,0.0,0.0,0,0,0
544,a,,,5.5,123,79,0,0,0,0,4.2,80,27,18,3,6.0,38,16,5,72,6.0,33,14,1.1,3.3,0,108814,20908,115411,50120,6.0,6.0,0.06,0.57,0.63,3.96,0.02,0.19,0.21,1.32,54.4,101,37,109.8,8,8,3.0,258,125,16.7,42,30,2.0,2.0,,3,,Granit,Xhaka,Xhaka,,,270,0,1,1,3,0,0,0,1,0,0,3,35,,,,0.0,0.33,1.0,1.0,11.67,5,7,23
545,a,,,4.9,414,251,-1,1,-1,1,0.3,317,112,6,1,2.0,200,85,0,55,2.0,177,77,0.4,1.2,0,3913,861,12534,4087,2.0,2.0,0.36,0.23,0.59,3.57,0.13,0.08,0.21,1.27,41.8,141,52,54.9,49,41,79.0,18,10,17.6,36,27,,,,3,,Noah,Sadiki,Sadiki,,,253,0,0,1,3,0,0,0,1,0,0,3,16,,,,0.0,0.36,1.07,1.07,5.69,3,6,7
546,u,0.0,0.0,4.9,406,244,0,0,-1,1,0.0,534,218,0,0,0.0,553,225,0,0,0.0,553,225,0.0,0.0,0,240,0,6440,945,0.0,0.0,0.0,0.0,0.0,0.0,0.0,0.0,0.0,0.0,0.0,532,213,0.0,533,221,0.0,495,192,0.0,540,218,,,,3,,Simon,Adingra,Adingra,Has joined Ajax on loan for the rest of the season,,0,0,0,0,0,0,0,0,0,0,0,0,0,,,,0.0,0.0,0.0,0.0,0.0,0,0,0
548,a,,,4.9,411,248,-1,1,-1,1,0.1,494,197,2,0,1.0,304,128,0,6,0.7,302,136,0.1,0.4,0,355,113,2008,526,0.7,0.7,0.0,0.0,0.0,0.44,0.0,0.0,0.0,2.33,0.0,536,217,0.3,338,166,0.0,499,196,0.0,544,222,,,,3,,Chris,Rigg,Rigg,,,17,0,0,0,1,0,0,0,0,0,0,0,1,,,,0.0,0.0,5.29,0.0,5.29,0,0,1
549,a,,,5.4,229,145,0,0,-1,1,0.1,370,133,1,0,1.0,338,153,0,1,0.3,373,174,0.1,0.2,0,899,188,9090,2119,0.3,0.3,0.0,0.0,0.0,0.14,0.0,0.0,0.0,0.41,0.0,609,262,0.9,309,154,0.0,601,257,0.0,615,264,,,,3,,Chemsdine,Talbi,Talbi,,,31,0,0,0,1,0,0,0,0,0,0,0,2,,,,0.0,0.0,2.9,0.0,5.81,0,0,2
550,a,,,5.0,359,215,0,0,0,0,0.0,625,269,0,0,0.0,607,256,0,0,0.0,607,256,0.0,0.0,0,195,64,276,74,0.0,0.0,0.0,0.0,0.0,0.0,0.0,0.0,0.0,0.0,0.0,592,249,0.0,599,255,0.0,581,242,0.0,599,252,,,,3,,Djiamgone Jocelin Ta,Bi,Jocelin.T,,,0,0,0,0,0,0,0,0,0,0,0,0,0,,,,0.0,0.0,0.0,0.0,0.0,0,0,0
551,a,,,5.0,334,199,0,0,0,0,0.1,378,138,10,2,3.3,111,49,0,47,3.3,100,47,0.7,2.0,0,11379,1268,7067,2576,3.3,3.3,0.15,0.12,0.27,3.0,0.07,0.06,0.13,1.46,48.6,118,42,25.7,143,84,32.0,92,51,10.6,117,58,,1.0,,3,,Nilson,Angulo,N.Angulo,,,185,1,0,1,2,0,0,0,1,0,0,3,17,,,,0.0,0.49,0.97,1.46,8.27,3,2,12
552,a,,,5.8,109,29,-1,1,-2,2,7.0,58,8,6,2,2.0,217,21,0,17,2.0,193,17,0.3,1.0,0,78120,12567,682311,213667,2.0,2.0,0.59,0.06,0.65,3.48,0.24,0.02,0.26,1.43,4.4,309,31,41.4,85,6,44.0,68,17,8.9,146,16,,,,3,,Brian,Brobbey,Brobbey,,,219,0,0,1,2,0,0,0,0,0,0,3,7,,,,0.0,0.41,0.82,1.23,2.88,0,1,6
553,a,,,5.5,148,38,0,0,0,0,1.5,149,22,13,4,4.3,69,6,3,47,4.3,64,5,0.8,2.4,0,79923,41623,45545,18067,4.3,4.3,1.49,0.01,1.5,0.92,1.79,0.01,1.8,1.1,29.4,189,14,0.6,325,39,35.0,86,20,6.5,198,22,,,,3,,Wilson,Isidor,Isidor,,,75,1,1,0,1,0,0,0,0,0,0,0,2,,,,0.0,0.0,1.2,0.0,2.4,0,0,2
612,a,100.0,100.0,4.5,554,144,0,0,0,0,0.0,620,208,0,0,0.0,524,197,0,0,0.0,524,197,0.0,0.0,0,613,156,296,169,0.0,0.0,0.0,0.0,0.0,0.0,0.0,0.0,0.0,0.0,0.0,501,194,0.0,500,194,0.0,459,188,0.0,507,192,,,,3,,Dayann,Méthalie,Methalie,,,0,0,0,0,0,0,0,0,0,0,0,0,0,,,,0.0,0.0,0.0,0.0,0.0,0,0,0
613,a,,,4.5,559,291,0,0,0,0,0.3,309,108,0,0,0.0,529,209,0,0,0.0,529,209,0.0,0.0,0,22022,6365,8590,3894,0.0,0.0,0.0,0.0,0.0,0.0,0.0,0.0,0.0,0.0,0.0,506,196,0.0,505,204,0.0,464,173,0.0,512,200,,,,3,,Jules,Ahoka,Ahoka,,,0,0,0,0,0,0,0,0,0,0,0,0,0,,,,0.0,0.0,0.0,0.0,0.0,0,0,0
646,a,,,5.5,173,107,0,0,0,0,0.0,541,222,1,1,1.0,350,161,0,3,1.0,274,124,0.2,0.2,0,3176,1105,694,455,2.0,2.0,0.0,0.0,0.0,0.39,0.0,0.0,0.0,2.19,0.0,623,272,0.5,332,164,0.0,621,269,0.1,366,172,,,,3,,Malick,Fofana,Fofana,,,16,0,0,0,0,0,0,0,0,0,0,0,0,,,,0.0,0.0,0.0,0.0,0.0,0,0,0
651,a,,,4.5,556,78,0,0,0,0,0.5,261,44,0,0,0.0,526,59,0,0,0.0,526,59,0.0,0.0,0,44468,28529,9894,8058,1.0,1.0,0.0,0.0,0.0,0.0,0.0,0.0,0.0,0.0,0.0,503,52,0.0,502,57,0.0,461,54,0.0,509,56,,,,3,,Juan,Angulo,J.Angulo,,,0,0,0,0,0,0,0,0,0,0,0,0,0,,,,0.0,0.0,0.0,0.0,0.0,0,0,0
