id,first_name,second_name,web_name,status,news,news_added,now_cost,now_cost_rank,now_cost_rank_type,selected_by_percent,selected_rank,selected_rank_type,form,form_rank,form_rank_type,event_points,cost_change_event,cost_change_event_fall,cost_change_start,cost_change_start_fall,transfers_in_event,transfers_out_event,value_form,value_season,ep_next,ep_this,points_per_game,points_per_game_rank,points_per_game_rank_type,chance_of_playing_next_round,chance_of_playing_this_round,influence_rank,influence_rank_type,creativity_rank,creativity_rank_type,threat_rank,threat_rank_type,ict_index_rank,ict_index_rank_type,corners_and_indirect_freekicks_order,direct_freekicks_order,penalties_order,set_piece_threat,corners_and_indirect_freekicks_text,direct_freekicks_text,penalties_text,expected_goals_per_90,expected_assists_per_90,expected_goal_involvements_per_90,expected_goals_conceded_per_90,saves_per_90,clean_sheets_per_90,goals_conceded_per_90,starts_per_90,defensive_contribution_per_90,gw,total_points,minutes,goals_scored,assists,clean_sheets,goals_conceded,own_goals,penalties_saved,penalties_missed,yellow_cards,red_cards,saves,starts,bonus,bps,transfers_in,transfers_out,dreamteam_count,expected_goals,expected_assists,expected_goal_involvements,expected_goals_conceded,influence,creativity,threat,ict_index,tackles,clearances_blocks_interceptions,recoveries,defensive_contribution
10,Benjamin,White,White,a,,,5.5,132,15,7.7,56,22,6.7,26,12,2,0,0,0,0,44080,33849,1.2,3.6,6.7,6.7,6.7,27,12,100.0,100.0,59,22,35,7,124,39,56,12,,,,,,,,0.06,0.1,0.16,0.31,0.0,0.67,0.33,1.0,5.0,3,2,90.0,0.0,0.0,0.0,1.0,0.0,0.0,0.0,0.0,0.0,0.0,1.0,0.0,11.0,45346.0,36018.0,0.0,0.0,0.02999999999999997,0.02999999999999997,0.39,0.0,0.0,0.0,0.0,2.0,4.0,4.0,6.0
17,Mikel,Merino Zazón,Merino,a,,,5.9,91,59,0.5,256,85,0.7,325,149,0,0,0,-1,1,829,3755,0.1,0.3,0.7,0.7,0.7,380,179,,,258,115,241,128,121,61,244,109,,,,,,,,0.27,0.04,0.31,0.51,0.0,0.0,0.0,0.0,11.74,3,0,13.0,0.0,0.0,0.0,0.0,0.0,0.0,0.0,1.0,0.0,0.0,0.0,0.0,0.0,842.0,3802.0,0.0,0.0,0.0,0.0,0.11000000000000001,0.0,0.0,0.0,0.0,0.0,0.0,0.0,0.0
18,Gabriel,Martinelli Silva,Martinelli,u,Has joined Al Hilal permanently,,6.3,56,40,0.1,409,157,0.0,646,286,0,0,0,-2,2,0,3371,0.0,0.0,0.0,0.0,0.0,646,286,0.0,0.0,644,285,644,285,641,282,644,285,,,,,,,,0.0,0.0,0.0,0.0,0.0,0.0,0.0,0.0,0.0,3,0,0.0,0.0,0.0,0.0,0.0,0.0,0.0,0.0,0.0,0.0,0.0,0.0,0.0,0.0,0.0,3418.0,0.0,0.0,0.0,0.0,0.0,0.0,0.0,0.0,0.0,0.0,0.0,0.0,0.0
19,Martín,Zubimendi Ibáñez,Zubimendi,a,,,5.4,219,137,0.8,222,72,1.0,268,121,1,0,0,-1,1,764,4016,0.2,0.6,1.0,1.0,1.0,335,151,,,241,101,226,123,579,241,288,129,,,,,,,,0.14,0.07,0.21,0.5,0.0,0.0,0.0,0.0,16.2,3,1,23.0,0.0,0.0,0.0,0.0,0.0,0.0,0.0,0.0,0.0,0.0,0.0,0.0,1.0,769.0,4138.0,0.0,0.08,0.02,0.09999999999999999,0.13000000000000003,0.0,0.0,0.0,0.0,0.0,4.0,0.0,4.0
22,Ethan,Nwaneri,Nwaneri,u,Has joined Borussia Dortmund on loan for the rest of the season,,5.4,223,140,0.0,607,258,0.0,618,265,0,0,0,-1,1,0,179,0.0,0.0,0.0,0.0,0.0,618,265,0.0,0.0,597,255,602,259,582,244,604,257,,,,,,,,0.0,0.0,0.0,0.0,0.0,0.0,0.0,0.0,0.0,3,0,0.0,0.0,0.0,0.0,0.0,0.0,0.0,0.0,0.0,0.0,0.0,0.0,0.0,0.0,0.0,186.0,0.0,0.0,0.0,0.0,0.0,0.0,0.0,0.0,0.0,0.0,0.0,0.0,0.0
23,Fábio,Ferreira Vieira,Fábio Vieira,u,Has joined Hamburger SV permanently,,5.5,151,91,0.0,612,261,0.0,626,270,0,0,0,0,0,0,131,0.0,0.0,0.0,0.0,0.0,626,270,0.0,0.0,612,264,616,265,603,255,617,265,,,,,,,,0.0,0.0,0.0,0.0,0.0,0.0,0.0,0.0,0.0,3,0,0.0,0.0,0.0,0.0,0.0,0.0,0.0,0.0,0.0,0.0,0.0,0.0,0.0,0.0,0.0,133.0,0.0,0.0,0.0,0.0,0.0,0.0,0.0,0.0,0.0,0.0,0.0,0.0,0.0
24,Reiss,Nelson,Nelson,u,has departed the club as a free agent.,,5.5,134,82,0.0,621,266,0.0,623,267,0,0,0,0,0,0,44,0.0,0.0,0.0,0.0,0.0,623,267,0.0,0.0,607,260,610,261,595,249,612,261,,,,,,,,0.0,0.0,0.0,0.0,0.0,0.0,0.0,0.0,0.0,3,0,0.0,0.0,0.0,0.0,0.0,0.0,0.0,0.0,0.0,0.0,0.0,0.0,0.0,0.0,0.0,46.0,0.0,0.0,0.0,0.0,0.0,0.0,0.0,0.0,0.0,0.0,0.0,0.0,0.0
25,Viktor,Gyökeres,Gyökeres,a,,,7.3,23,8,4.3,82,12,0.3,386,47,1,0,0,-2,2,2935,30755,0.0,0.1,0.3,0.3,1.0,370,46,,,649,76,649,76,649,76,649,76,,,2.0,,,,,0.0,0.0,0.0,0.82,0.0,0.0,0.0,0.0,7.5,3,1,12.0,0.0,0.0,0.0,0.0,0.0,0.0,0.0,0.0,0.0,0.0,0.0,0.0,2.0,2970.0,32284.0,0.0,0.0,0.0,0.0,0.11,0.0,0.0,0.0,0.0,0.0,0.0,1.0,1.0
26,Kai,Havertz,Havertz,a,,,7.5,17,6,7.0,59,8,5.3,45,4,8,0,0,0,0,46387,25181,0.7,2.1,5.3,5.3,5.3,49,4,,,94,8,140,13,36,11,65,9,,,,,,,,0.19,0.12,0.31,0.28,0.0,0.7,0.35,1.05,2.8,3,8,77.0,1.0,0.0,0.0,1.0,0.0,0.0,0.0,0.0,0.0,0.0,1.0,2.0,38.0,46820.0,26614.0,0.0,0.27,0.27,0.54,0.27,0.0,0.0,0.0,0.0,0.0,1.0,0.0,1.0
27,Gabriel,Fernando de Jesus,G.Jesus,u,Has joined FC Barcelona permanently,,5.9,92,24,0.2,335,54,0.0,634,76,0,0,0,-1,1,0,4191,0.0,0.0,0.0,0.0,0.0,634,76,0.0,0.0,625,70,628,73,618,71,628,73,,,,,,,,0.0,0.0,0.0,0.0,0.0,0.0,0.0,0.0,0.0,3,0,0.0,0.0,0.0,0.0,0.0,0.0,0.0,0.0,0.0,0.0,0.0,0.0,0.0,0.0,0.0,4246.0,0.0,0.0,0.0,0.0,0.0,0.0,0.0,0.0,0.0,0.0,0.0,0.0,0.0
31,Ezri,Konsa Ngoyo,Konsa,a,,,4.4,569,152,12.2,34,11,1.7,198,74,4,0,0,-1,1,149492,32368,0.4,1.1,1.7,1.7,2.5,159,61,,,299,113,324,119,319,136,323,116,,,,,,,,0.0,0.01,0.01,0.35,0.0,0.0,0.89,0.89,9.8,3,4,90.0,0.0,0.0,0.0,1.0,0.0,0.0,0.0,0.0,0.0,0.0,1.0,0.0,15.0,155221.0,33973.0,0.0,0.0,0.01,0.01,0.39,0.0,0.0,0.0,0.0,3.0,7.0,5.0,10.0
452,Bruno,Guimarães Rodriguez Moura,Bruno G.,a,,,6.8,31,20,1.9,128,39,0.3,385,181,0,0,0,-2,2,655,13382,0.0,0.1,0.3,0.2,1.0,369,174,100.0,75.0,320,145,294,149,245,119,322,147,5.0,,4.0,,,,,0.0,0.05,0.05,0.0,0.0,0.0,0.0,0.0,14.21,3,0,0.0,0.0,0.0,0.0,0.0,0.0,0.0,0.0,0.0,0.0,0.0,0.0,0.0,0.0,669.0,13839.0,0.0,0.0,0.0,0.0,0.0,0.0,0.0,0.0,0.0,0.0,0.0,0.0,0.0
557,Christos,Tzolis,Tzolis,a,,,6.5,38,26,18.2,20,8,3.7,93,44,5,0,0,0,0,21268,132644,0.6,1.7,3.7,3.7,3.7,101,46,,,195,76,30,25,56,32,67,41,3.0,,,,,,,0.08,0.15,0.23,0.24,0.0,0.43,0.43,1.29,7.29,3,5,90.0,0.0,1.0,0.0,1.0,0.0,0.0,0.0,1.0,0.0,0.0,1.0,1.0,31.0,21577.0,147193.0,0.0,0.0,0.19999999999999998,0.2,0.39,0.0,0.0,0.0,0.0,1.0,2.0,5.0,8.0
29,Marco,Bizot,M.Bizot,a,,,4.5,426,24,0.1,384,45,0.3,341,22,0,0,0,0,0,366,563,0.1,0.2,0.3,0.3,1.0,276,22,,,138,15,393,26,325,25,223,15,,,,,,,,0.0,0.0,0.0,3.77,3.0,0.0,4.0,1.0,0.0,3,0,0.0,0.0,0.0,0.0,0.0,0.0,0.0,0.0,0.0,0.0,0.0,0.0,0.0,0.0,374.0,577.0,0.0,0.0,0.0,0.0,0.0,0.0,0.0,0.0,0.0,0.0,0.0,0.0,0.0
30,Lucas,Digne,Digne,u,Has joined Paris Saint-Germain permanently,,4.5,431,84,0.1,480,169,0.0,448,173,0,0,0,0,0,0,425,0.0,0.0,0.0,0.0,0.0,448,173,0.0,0.0,402,162,396,160,329,142,412,162,,,,,,,,0.0,0.0,0.0,0.0,0.0,0.0,0.0,0.0,0.0,3,0,0.0,0.0,0.0,0.0,0.0,0.0,0.0,0.0,0.0,0.0,0.0,0.0,0.0,0.0,0.0,431.0,0.0,0.0,0.0,0.0,0.0,0.0,0.0,0.0,0.0,0.0,0.0,0.0,0.0
33,Tyrone,Mings,Mings,a,,,4.5,441,86,0.4,276,102,2.3,149,59,6,0,0,0,0,883,764,0.5,1.6,2.3,2.3,3.5,104,39,,,311,116,404,161,338,143,332,119,,,,,,,,0.09,0.02,0.11,0.67,0.0,0.85,0.0,0.85,5.09,3,6,90.0,0.0,0.0,1.0,0.0,0.0,0.0,0.0,0.0,0.0,0.0,1.0,0.0,28.0,900.0,778.0,0.0,0.11,0.02,0.13,0.5700000000000001,0.0,0.0,0.0,0.0,1.0,4.0,2.0,5.0
34,Pau,Torres,Pau,a,,,4.5,481,116,0.4,266,97,0.7,293,107,0,0,0,0,0,491,1819,0.2,0.4,0.7,0.7,1.0,284,111,,,229,94,265,91,362,158,286,103,,,,,,,,0.0,0.01,0.01,2.53,0.0,0.0,2.76,1.1,4.97,3,0,0.0,0.0,0.0,0.0,0.0,0.0,0.0,0.0,0.0,0.0,0.0,0.0,0.0,0.0,545.0,1848.0,0.0,0.0,0.0,0.0,0.0,0.0,0.0,0.0,0.0,0.0,0.0,0.0,0.0
35,Lamare,Bogarde,Bogarde,a,,,5.0,335,201,0.1,472,186,0.3,364,168,0,0,0,0,0,276,423,0.1,0.2,0.3,0.3,1.0,320,140,,,307,138,309,156,537,211,327,150,,,,,,,,0.0,0.0,0.0,1.24,0.0,0.0,0.0,0.0,5.62,3,0,0.0,0.0,0.0,0.0,0.0,0.0,0.0,0.0,0.0,0.0,0.0,0.0,0.0,0.0,284.0,431.0,0.0,0.0,0.0,0.0,0.0,0.0,0.0,0.0,0.0,0.0,0.0,0.0,0.0
36,Ian,Maatsen,Maatsen,a,,,4.5,488,122,0.8,220,82,2.7,127,51,7,0,0,0,0,2803,1752,0.6,1.8,2.7,2.7,2.7,144,58,,,212,89,271,97,112,33,217,84,,,,,,,,0.04,0.15,0.19,1.79,0.0,0.37,1.84,1.1,7.35,3,7,74.0,0.0,0.0,1.0,0.0,0.0,0.0,0.0,0.0,0.0,0.0,1.0,1.0,29.0,2966.0,1815.0,0.0,0.0,0.42,0.42000000000000004,0.21999999999999975,0.0,0.0,0.0,0.0,1.0,2.0,0.0,3.0
37,Victor,Lindelöf,Lindelöf,a,,,4.5,453,95,0.3,307,112,2.0,173,69,6,0,0,0,0,828,584,0.4,1.3,2.0,2.0,2.0,191,74,,,196,83,270,96,345,147,264,97,,,,,,,,0.0,0.05,0.05,1.79,0.0,0.33,1.67,1.0,4.67,3,6,90.0,0.0,0.0,1.0,0.0,0.0,0.0,0.0,0.0,0.0,0.0,1.0,0.0,28.0,846.0,601.0,0.0,0.0,0.08,0.08,0.5700000000000003,0.0,0.0,0.0,0.0,0.0,4.0,3.0,4.0
38,Andrés,García,A.García,a,,,4.0,648,208,1.7,139,58,0.0,438,165,0,0,0,0,0,5087,6250,0.0,0.0,0.0,0.0,0.0,438,165,,,392,154,384,152,312,129,402,154,,,,,,,,0.0,0.0,0.0,0.0,0.0,0.0,0.0,0.0,0.0,3,0,0.0,0.0,0.0,0.0,0.0,0.0,0.0,0.0,0.0,0.0,0.0,0.0,0.0,0.0,5222.0,6348.0,0.0,0.0,0.0,0.0,0.0,0.0,0.0,0.0,0.0,0.0,0.0,0.0,0.0
39,Kosta,Nedeljkovic,Nedeljkovic,u,Has joined Rangers on loan for the rest of the season,,4.0,645,206,0.2,356,133,0.0,436,164,0,0,0,0,0,0,783,0.0,0.0,0.0,0.0,0.0,436,164,0.0,0.0,390,153,382,151,309,127,400,153,,,,,,,,0.0,0.0,0.0,0.0,0.0,0.0,0.0,0.0,0.0,3,0,0.0,0.0,0.0,0.0,0.0,0.0,0.0,0.0,0.0,0.0,0.0,0.0,0.0,0.0,0.0,803.0,0.0,0.0,0.0,0.0,0.0,0.0,0.0,0.0,0.0,0.0,0.0,0.0,0.0
41,Emiliano,Buendía Stati,Buendía,a,,,6.0,63,43,1.1,188,59,2.3,166,74,3,0,0,0,0,2752,6810,0.4,1.2,2.3,2.3,2.3,183,80,,,277,127,85,53,105,54,176,84,3.0,1.0,1.0,,,,,0.28,0.06,0.34,1.76,0.0,0.36,1.81,1.08,5.06,3,3,74.0,0.0,0.0,1.0,0.0,0.0,0.0,0.0,0.0,0.0,0.0,1.0,0.0,2.0,3098.0,7001.0,0.0,0.61,0.05,0.6599999999999999,0.21999999999999975,0.0,0.0,0.0,0.0,0.0,0.0,2.0,2.0
44,Leon,Bailey,Bailey,u,Has joined Olympiakos permanently,,5.4,198,124,0.1,431,170,0.0,611,260,0,0,0,-1,1,0,2332,0.0,0.0,0.0,0.0,0.0,611,260,0.0,0.0,586,247,593,253,567,233,594,250,,,,,,,,0.0,0.0,0.0,0.0,0.0,0.0,0.0,0.0,0.0,3,0,0.0,0.0,0.0,0.0,0.0,0.0,0.0,0.0,0.0,0.0,0.0,0.0,0.0,0.0,0.0,2362.0,0.0,0.0,0.0,0.0,0.0,0.0,0.0,0.0,0.0,0.0,0.0,0.0,0.0
32,Matty,Cash,Cash,a,,,4.5,456,98,6.9,60,24,2.3,150,60,6,0,0,0,0,9505,15014,0.5,1.6,2.3,2.3,2.3,168,66,,,149,67,230,73,165,57,206,80,1.0,,,,,,,0.05,0.01,0.06,1.8,0.0,0.36,1.79,1.08,5.02,3,6,84.0,0.0,0.0,1.0,0.0,0.0,0.0,0.0,0.0,0.0,0.0,1.0,0.0,23.0,9893.0,15556.0,0.0,0.0,0.03,0.03,0.22000000000000064,0.0,0.0,0.0,0.0,0.0,1.0,1.0,1.0
45,John,McGinn,McGinn,a,,,5.4,191,119,2.4,116,36,1.7,207,94,3,0,0,-1,1,4119,10469,0.3,0.9,1.7,1.7,1.7,234,103,,,315,141,152,91,139,69,248,112,2.0,,,,,,,0.27,0.03,0.3,1.8,0.0,0.34,1.72,1.03,5.17,3,3,90.0,0.0,0.0,1.0,0.0,0.0,0.0,0.0,0.0,0.0,0.0,1.0,0.0,6.0,4281.0,10758.0,0.0,0.68,0.03,0.71,0.5700000000000003,0.0,0.0,0.0,0.0,2.0,1.0,2.0,5.0
46,Ross,Barkley,Barkley,a,,,5.0,241,151,0.3,310,109,2.3,155,67,3,0,0,0,0,1567,1065,0.5,1.4,2.3,2.3,2.3,173,73,,,166,59,42,34,154,75,107,55,4.0,,,,,,,0.13,0.05,0.18,1.94,0.0,0.38,1.88,1.12,6.38,3,3,90.0,0.0,0.0,1.0,0.0,0.0,0.0,0.0,0.0,0.0,0.0,1.0,0.0,15.0,1615.0,1090.0,0.0,0.21999999999999997,0.09,0.30999999999999994,0.5700000000000003,0.0,0.0,0.0,0.0,0.0,2.0,4.0,6.0
47,Boubacar,Kamara,Kamara,a,,,5.0,280,172,0.3,283,94,2.3,158,69,3,0,0,0,0,1340,1546,0.5,1.4,2.3,2.3,2.3,176,75,100.0,100.0,170,63,137,83,498,192,196,88,,,,,,,,0.0,0.03,0.03,1.79,0.0,0.33,1.67,1.0,8.33,3,3,90.0,0.0,0.0,1.0,0.0,0.0,0.0,0.0,0.0,0.0,0.0,1.0,0.0,20.0,1365.0,1584.0,0.0,0.0,0.07,0.07,0.5700000000000003,0.0,0.0,0.0,0.0,1.0,3.0,6.0,10.0
48,Amadou,Onana,Onana,i,Knee injury - Unknown return date,,5.0,295,178,0.0,577,238,0.0,571,236,0,0,0,0,0,49,119,0.0,0.0,0.0,0.0,0.0,571,236,0.0,0.0,543,220,547,226,509,197,551,223,,,,,,,,0.0,0.0,0.0,0.0,0.0,0.0,0.0,0.0,0.0,3,0,0.0,0.0,0.0,0.0,0.0,0.0,0.0,0.0,0.0,0.0,0.0,0.0,0.0,0.0,49.0,121.0,0.0,0.0,0.0,0.0,0.0,0.0,0.0,0.0,0.0,0.0,0.0,0.0,0.0
49,Samuel,Iling-Junior,Iling Jr,u,Has joined Bolton Wanderers on loan for the rest of the season,,5.0,305,183,0.0,646,285,0.0,576,239,0,0,0,0,0,0,10,0.0,0.0,0.0,0.0,0.0,576,239,0.0,0.0,549,224,554,230,517,201,557,227,,,,,,,,0.0,0.0,0.0,0.0,0.0,0.0,0.0,0.0,0.0,3,0,0.0,0.0,0.0,0.0,0.0,0.0,0.0,0.0,0.0,0.0,0.0,0.0,0.0,0.0,0.0,10.0,0.0,0.0,0.0,0.0,0.0,0.0,0.0,0.0,0.0,0.0,0.0,0.0,0.0
50,Bradley,Burrowes,Burrowes,a,,,4.5,562,288,0.7,234,78,0.0,524,206,0,0,0,0,0,2678,2735,0.0,0.0,0.0,0.0,0.0,524,206,,,486,185,486,193,431,151,495,189,,,,,,,,0.0,0.0,0.0,0.0,0.0,0.0,0.0,0.0,0.0,3,0,0.0,0.0,0.0,0.0,0.0,0.0,0.0,0.0,0.0,0.0,0.0,0.0,0.0,0.0,2742.0,2786.0,0.0,0.0,0.0,0.0,0.0,0.0,0.0,0.0,0.0,0.0,0.0,0.0,0.0
51,George,Hemmings,George Hemmings,a,,,4.5,541,277,1.1,186,58,2.3,153,65,3,0,0,0,0,14672,5526,0.5,1.6,2.3,2.3,2.3,171,71,,,222,91,144,86,224,106,218,96,,,,,,,,0.03,0.06,0.09,1.92,0.0,0.38,1.92,1.15,6.92,3,3,74.0,0.0,0.0,1.0,0.0,0.0,0.0,0.0,0.0,0.0,0.0,1.0,0.0,12.0,15066.0,5664.0,0.0,0.07,0.13999999999999999,0.21,0.21999999999999975,0.0,0.0,0.0,0.0,1.0,2.0,4.0,7.0
52,Alysson Edward Franco,da Rocha dos Santos,Alysson,a,,,5.0,367,223,0.0,501,203,0.7,312,142,1,0,0,0,0,163,231,0.1,0.4,0.7,0.7,0.7,377,177,,,270,122,293,148,236,112,301,135,,,,,,,,0.0,0.0,0.0,1.09,0.0,0.0,0.0,0.0,12.86,3,1,15.0,0.0,0.0,0.0,0.0,0.0,0.0,0.0,0.0,0.0,0.0,0.0,0.0,3.0,168.0,233.0,0.0,0.0,0.0,0.0,0.35,0.0,0.0,0.0,0.0,0.0,0.0,1.0,1.0
53,Johan,Manzambi,Manzambi,i,Knee injury - Expected back 12 Sep,,5.9,114,74,0.1,391,145,0.0,638,279,0,0,0,-1,1,164,774,0.0,0.0,0.0,0.0,0.0,638,279,0.0,0.0,633,278,633,278,628,274,634,278,,,,,,,,0.0,0.0,0.0,0.0,0.0,0.0,0.0,0.0,0.0,3,0,0.0,0.0,0.0,0.0,0.0,0.0,0.0,0.0,0.0,0.0,0.0,0.0,0.0,0.0,167.0,787.0,0.0,0.0,0.0,0.0,0.0,0.0,0.0,0.0,0.0,0.0,0.0,0.0,0.0
54,Joao,Gomes,Gomes,s,Suspended until 19 Sep,,5.5,155,94,0.0,520,214,-0.7,654,291,0,0,0,0,0,27,180,-0.1,-0.4,0.0,0.0,-2.0,654,291,0.0,0.0,327,149,179,102,604,256,289,130,,,,,,,,0.0,0.02,0.02,5.95,0.0,0.0,9.23,2.31,16.15,3,0,0.0,0.0,0.0,0.0,0.0,0.0,0.0,0.0,0.0,0.0,0.0,0.0,0.0,0.0,29.0,185.0,0.0,0.0,0.0,0.0,0.0,0.0,0.0,0.0,0.0,0.0,0.0,0.0,0.0
55,Ollie,Watkins,Watkins,u,Has joined Al Hilal permanently,,7.8,13,4,3.6,90,13,0.0,653,78,0,0,0,-2,2,0,60118,0.0,0.0,0.0,0.0,0.0,653,78,0.0,0.0,653,78,653,78,653,78,653,78,,,,,,,,0.0,0.0,0.0,0.0,0.0,0.0,0.0,0.0,0.0,3,0,0.0,0.0,0.0,0.0,0.0,0.0,0.0,0.0,0.0,0.0,0.0,0.0,0.0,0.0,0.0,62154.0,0.0,0.0,0.0,0.0,0.0,0.0,0.0,0.0,0.0,0.0,0.0,0.0,0.0
56,Tammy,Abraham,Abraham,a,,,5.5,130,34,0.2,366,56,0.7,321,38,1,0,0,0,0,1754,921,0.1,0.4,0.7,0.7,1.0,344,39,100.0,100.0,605,64,276,36,593,66,347,40,,,,,,,,0.0,0.0,0.0,1.39,0.0,0.0,0.0,0.0,3.75,3,1,5.0,0.0,0.0,0.0,0.0,0.0,0.0,0.0,0.0,0.0,0.0,0.0,0.0,3.0,1784.0,938.0,0.0,0.0,0.0,0.0,0.35,0.0,0.0,0.0,0.0,1.0,0.0,0.0,1.0
160,Alejandro,Garnacho Ferreyra,Garnacho,a,,,5.9,107,68,0.4,263,88,1.0,280,128,1,0,0,-1,1,620,3149,0.2,0.5,1.0,1.0,1.0,358,165,,,338,157,251,131,625,271,338,157,,,,,,,,0.0,0.0,0.0,1.42,0.0,0.0,0.0,0.0,5.81,3,1,15.0,0.0,0.0,0.0,0.0,0.0,0.0,0.0,0.0,0.0,0.0,0.0,0.0,4.0,637.0,3223.0,0.0,0.0,0.0,0.0,0.35,0.0,0.0,0.0,0.0,0.0,0.0,0.0,0.0
166,Nicolas,Jackson,N.Jackson,a,,,6.5,44,11,1.0,190,30,1.3,240,26,2,0,0,0,0,9347,5603,0.2,0.6,1.3,1.3,2.0,223,24,,,285,27,204,26,244,37,290,34,,,,,,,,0.14,0.32,0.46,0.72,0.0,0.58,0.58,1.17,2.92,3,2,84.0,0.0,0.0,1.0,0.0,0.0,0.0,0.0,0.0,0.0,0.0,1.0,0.0,10.0,9953.0,5700.0,0.0,0.24,0.44000000000000006,0.68,0.21999999999999997,0.0,0.0,0.0,0.0,0.0,0.0,2.0,2.0
582,Brian,Madjo,Madjo,i,Unspecified injury - Unknown return date,,5.5,189,44,0.3,301,50,0.0,632,75,0,0,0,0,0,159,1935,0.0,0.0,0.0,0.0,0.0,632,75,0.0,0.0,621,67,625,71,615,69,625,71,,,,,,,,0.0,0.0,0.0,0.0,0.0,0.0,0.0,0.0,0.0,3,0,0.0,0.0,0.0,0.0,0.0,0.0,0.0,0.0,0.0,0.0,0.0,0.0,0.0,0.0,159.0,1998.0,0.0,0.0,0.0,0.0,0.0,0.0,0.0,0.0,0.0,0.0,0.0,0.0,0.0
596,Matteo,Ruggeri,Ruggeri,a,,,4.5,504,131,0.1,430,152,0.7,296,110,1,0,0,0,0,81,440,0.2,0.4,0.7,0.7,1.0,289,115,,,287,107,436,177,378,166,316,114,,,,,,,,0.0,0.04,0.04,1.92,0.0,0.0,0.0,0.0,11.74,3,1,15.0,0.0,0.0,0.0,0.0,0.0,0.0,0.0,0.0,0.0,0.0,0.0,0.0,3.0,84.0,451.0,0.0,0.0,0.01,0.01,0.35,0.0,0.0,0.0,0.0,0.0,1.0,2.0,1.0
7,Myles,Lewis-Skelly,Lewis-Skelly,a,,,5.5,171,105,0.7,226,73,2.7,138,59,2,0,0,0,0,2810,3220,0.5,1.5,2.7,2.7,2.7,153,64,,,171,64,99,61,134,68,146,71,,,,,,,,0.06,0.09,0.15,0.31,0.0,0.8,0.4,1.19,5.58,3,2,66.0,0.0,0.0,0.0,1.0,0.0,0.0,0.0,0.0,0.0,0.0,1.0,0.0,5.0,2855.0,3322.0,0.0,0.03,0.1,0.13,0.26,0.0,0.0,0.0,0.0,0.0,0.0,2.0,2.0
597,Zion,Suzuki,Suzuki,a,,,5.0,291,12,1.3,156,23,4.0,75,4,10,0,0,0,0,19251,3255,0.8,2.4,4.0,4.0,6.0,33,2,,,215,22,546,63,506,63,282,22,,,,,,,,0.0,0.0,0.0,0.8,2.5,0.5,0.5,1.0,0.0,3,10,90.0,0.0,0.0,1.0,0.0,0.0,0.0,0.0,0.0,0.0,4.0,1.0,3.0,38.0,19565.0,3355.0,0.0,0.0,0.0,0.0,0.5700000000000001,0.0,0.0,0.0,0.0,0.0,1.0,13.0,0.0
606,Triston,Rowe,Rowe,a,,,4.0,640,201,0.1,369,138,0.0,432,160,0,0,0,0,0,1096,654,0.0,0.0,0.0,0.0,0.0,432,160,,,386,149,378,147,304,122,396,149,,,,,,,,0.0,0.0,0.0,0.0,0.0,0.0,0.0,0.0,0.0,3,0,0.0,0.0,0.0,0.0,0.0,0.0,0.0,0.0,0.0,0.0,0.0,0.0,0.0,0.0,1125.0,660.0,0.0,0.0,0.0,0.0,0.0,0.0,0.0,0.0,0.0,0.0,0.0,0.0,0.0
607,Luka,Lynch,Lynch,u,Has joined Oxford United on loan until January,,4.5,536,275,0.1,425,168,0.0,504,196,0,0,0,0,0,0,1513,0.0,0.0,0.0,0.0,0.0,504,196,0.0,0.0,465,174,466,183,409,141,475,179,,,,,,,,0.0,0.0,0.0,0.0,0.0,0.0,0.0,0.0,0.0,3,0,0.0,0.0,0.0,0.0,0.0,0.0,0.0,0.0,0.0,0.0,0.0,0.0,0.0,0.0,0.0,1527.0,0.0,0.0,0.0,0.0,0.0,0.0,0.0,0.0,0.0,0.0,0.0,0.0,0.0
611,Aaron,Wan-Bissaka,Wan-Bissaka,a,,,4.5,460,100,0.2,361,136,1.0,248,91,1,0,0,0,0,955,722,0.2,0.4,1.0,1.0,1.0,280,107,,,294,111,289,106,349,149,315,113,,,,,,,,0.0,0.0,0.0,1.85,0.0,0.0,0.0,0.0,15.88,3,1,5.0,0.0,0.0,0.0,0.0,0.0,0.0,0.0,0.0,0.0,0.0,0.0,0.0,3.0,990.0,733.0,0.0,0.0,0.0,0.0,0.35,0.0,0.0,0.0,0.0,0.0,1.0,0.0,1.0
630,Taylor,Harwood-Bellis,Harwood-Bellis,a,,,4.5,482,117,0.0,597,202,0.0,469,180,0,0,0,0,0,286,96,0.0,0.0,1.8,1.8,0.0,469,180,,,428,173,425,173,363,159,438,173,,,,,,,,0.0,0.0,0.0,0.0,0.0,0.0,0.0,0.0,0.0,3,0,0.0,0.0,0.0,0.0,0.0,0.0,0.0,0.0,0.0,0.0,0.0,0.0,0.0,0.0,300.0,102.0,0.0,0.0,0.0,0.0,0.0,0.0,0.0,0.0,0.0,0.0,0.0,0.0,0.0
631,Ibrahim,Mbaye,Mbaye,a,,,6.0,85,56,0.0,498,201,0.0,644,284,0,0,0,0,0,1415,477,0.0,0.0,2.2,2.2,0.0,644,284,,,642,283,642,283,638,279,642,283,,,,,,,,0.0,0.0,0.0,0.0,0.0,0.0,0.0,0.0,0.0,3,0,0.0,0.0,0.0,0.0,0.0,0.0,0.0,0.0,0.0,0.0,0.0,0.0,0.0,0.0,1476.0,489.0,0.0,0.0,0.0,0.0,0.0,0.0,0.0,0.0,0.0,0.0,0.0,0.0,0.0
57,Đorđe,Petrović,Petrović,a,,,4.5,492,40,3.4,97,16,2.0,175,16,1,0,0,0,0,9102,10335,0.4,1.3,2.0,2.0,2.0,196,17,,,16,2,431,42,370,41,120,2,,,,,,,,0.0,0.0,0.0,1.6,3.0,0.0,1.67,1.0,0.0,3,1,90.0,0.0,0.0,0.0,2.0,0.0,0.0,0.0,0.0,0.0,0.0,1.0,0.0,0.0,9450.0,10625.0,0.0,0.0,0.0,0.0,0.71,0.0,0.0,0.0,0.0,0.0,1.0,8.0,0.0
59,Will,Dennis,Dennis,u,Has joined MK Dons permanently,,4.0,613,65,0.1,371,42,0.0,412,39,0,0,0,0,0,0,574,0.0,0.0,0.0,0.0,0.0,412,39,0.0,0.0,365,39,357,18,281,17,375,39,,,,,,,,0.0,0.0,0.0,0.0,0.0,0.0,0.0,0.0,0.0,3,0,0.0,0.0,0.0,0.0,0.0,0.0,0.0,0.0,0.0,0.0,0.0,0.0,0.0,0.0,0.0,587.0,0.0,0.0,0.0,0.0,0.0,0.0,0.0,0.0,0.0,0.0,0.0,0.0,0.0
60,James,Hill,Hill,a,,,5.5,159,20,0.8,208,80,2.0,192,72,1,0,0,0,0,1958,3333,0.4,1.1,2.0,2.0,2.0,215,82,,,109,48,122,38,202,72,140,52,,,,,,,,0.0,0.25,0.25,1.6,0.0,0.0,1.67,1.0,8.0,3,1,90.0,0.0,0.0,0.0,2.0,0.0,0.0,0.0,0.0,0.0,0.0,1.0,0.0,4.0,1992.0,3411.0,0.0,0.0,0.020000000000000018,0.020000000000000018,0.71,0.0,0.0,0.0,0.0,0.0,6.0,1.0,6.0
61,Adrien,Truffert,Truffert,a,,,5.5,169,22,3.6,91,36,1.7,214,77,0,0,0,0,0,3085,15444,0.3,0.9,1.7,1.7,1.7,238,86,,,80,34,105,33,203,73,115,41,,,,,,,,0.0,0.04,0.04,1.6,0.0,0.0,1.67,1.0,7.33,3,0,90.0,0.0,0.0,0.0,2.0,0.0,0.0,0.0,1.0,0.0,0.0,1.0,0.0,-3.0,3135.0,15763.0,0.0,0.01,0.06,0.07,0.71,0.0,0.0,0.0,0.0,3.0,3.0,5.0,6.0
62,Bafodé,Diakité,Diakité,a,,,5.0,287,47,0.2,349,129,0.0,569,204,0,0,0,0,0,421,1073,0.0,0.0,0.0,0.0,0.0,569,204,,,541,203,543,203,503,196,549,203,,,,,,,,0.0,0.0,0.0,0.0,0.0,0.0,0.0,0.0,0.0,3,0,0.0,0.0,0.0,0.0,0.0,0.0,0.0,0.0,0.0,0.0,0.0,0.0,0.0,0.0,424.0,1089.0,0.0,0.0,0.0,0.0,0.0,0.0,0.0,0.0,0.0,0.0,0.0,0.0,0.0
618,Leon,Goretzka,Goretzka,a,,,6.0,60,42,0.1,497,200,0.0,639,280,0,0,0,0,0,556,598,0.0,0.0,0.0,0.0,0.0,639,280,,,634,279,634,279,629,275,635,279,,,,,,,,0.0,0.0,0.0,0.0,0.0,0.0,0.0,0.0,0.0,3,0,0.0,0.0,0.0,0.0,0.0,0.0,0.0,0.0,0.0,0.0,0.0,0.0,0.0,0.0,577.0,601.0,0.0,0.0,0.0,0.0,0.0,0.0,0.0,0.0,0.0,0.0,0.0,0.0,0.0
63,Veljko,Milosavljevic,Milosavljević,i,Unspecified injury - Unknown return date,,5.0,362,64,0.0,611,205,0.0,600,209,0,0,0,0,0,26,57,0.0,0.0,0.0,0.0,0.0,600,209,0.0,0.0,575,208,582,208,553,204,583,208,,,,,,,,0.0,0.0,0.0,0.0,0.0,0.0,0.0,0.0,0.0,3,0,0.0,0.0,0.0,0.0,0.0,0.0,0.0,0.0,0.0,0.0,0.0,0.0,0.0,0.0,27.0,59.0,0.0,0.0,0.0,0.0,0.0,0.0,0.0,0.0,0.0,0.0,0.0,0.0,0.0
64,Adam,Smith,Smith,a,,,4.5,424,81,0.1,390,144,0.7,289,104,0,0,0,0,0,366,528,0.2,0.4,0.7,0.7,0.7,373,130,,,165,77,142,44,323,140,195,73,,,,,,,,0.0,0.02,0.02,1.6,0.0,0.0,1.67,1.0,5.0,3,0,90.0,0.0,0.0,0.0,2.0,0.0,0.0,0.0,1.0,0.0,0.0,1.0,0.0,3.0,374.0,537.0,0.0,0.01,0.039999999999999994,0.05,0.71,0.0,0.0,0.0,0.0,1.0,3.0,6.0,4.0
65,Julián,Araujo Zúñiga,J.Araujo,i,Thigh injury - Unknown return date,,4.4,573,156,0.0,591,200,0.0,445,172,0,-1,1,-1,1,44,83,0.0,0.0,0.0,0.0,0.0,445,172,0.0,0.0,399,161,391,159,321,138,409,161,,,,,,,,0.0,0.0,0.0,0.0,0.0,0.0,0.0,0.0,0.0,3,0,0.0,0.0,0.0,0.0,0.0,0.0,0.0,0.0,0.0,0.0,0.0,0.0,0.0,0.0,45.0,85.0,0.0,0.0,0.0,0.0,0.0,0.0,0.0,0.0,0.0,0.0,0.0,0.0,0.0
66,Julio,Soler Barreto,Soler,a,,,4.0,642,203,0.3,314,114,0.0,433,161,0,0,0,0,0,1486,924,0.0,0.0,0.0,0.0,0.0,433,161,100.0,100.0,387,150,379,148,306,124,397,150,,,,,,,,0.0,0.0,0.0,0.0,0.0,0.0,0.0,0.0,0.0,3,0,0.0,0.0,0.0,0.0,0.0,0.0,0.0,0.0,0.0,0.0,0.0,0.0,0.0,0.0,1532.0,937.0,0.0,0.0,0.0,0.0,0.0,0.0,0.0,0.0,0.0,0.0,0.0,0.0,0.0
67,Rayan Vitor,Simplício Rocha,Rayan,a,,,6.4,50,34,2.1,123,38,2.0,195,90,2,-1,1,-1,1,2481,15052,0.3,0.9,2.0,2.0,2.0,221,98,,,208,82,150,90,22,13,79,45,,,,,,,,0.16,0.02,0.18,1.54,0.0,0.0,1.35,1.02,2.71,3,2,88.0,0.0,0.0,0.0,2.0,0.0,0.0,0.0,0.0,0.0,0.0,1.0,0.0,8.0,2553.0,15431.0,0.0,0.03999999999999998,0.009999999999999995,0.050000000000000044,0.6599999999999997,0.0,0.0,0.0,0.0,1.0,1.0,0.0,2.0
68,Marcus,Tavernier,Tavernier,a,,,6.0,64,44,2.9,108,33,7.0,21,8,10,0,0,0,0,54453,10413,1.2,3.5,7.0,7.0,7.0,22,9,,,44,21,25,22,65,39,30,24,1.0,1.0,3.0,,,,,0.5,0.11,0.61,1.6,0.0,0.0,1.68,1.01,9.4,3,10,88.0,1.0,0.0,0.0,2.0,0.0,0.0,0.0,0.0,0.0,0.0,1.0,3.0,43.0,54712.0,10800.0,0.0,1.01,0.050000000000000044,1.06,0.6600000000000001,0.0,0.0,0.0,0.0,1.0,0.0,8.0,9.0
69,Alex,Scott,Scott,a,,,6.0,77,52,3.4,94,30,8.0,7,4,10,0,0,0,0,118509,10460,1.3,4.0,8.0,8.0,8.0,8,5,,,33,16,55,42,89,48,47,33,2.0,4.0,,,,,,0.11,0.1,0.21,1.58,0.0,0.34,1.35,1.02,12.52,3,10,90.0,0.0,2.0,0.0,2.0,0.0,0.0,0.0,0.0,0.0,0.0,1.0,2.0,37.0,118842.0,10566.0,0.0,0.07,0.019999999999999962,0.08999999999999997,0.71,0.0,0.0,0.0,0.0,0.0,5.0,6.0,11.0
70,Justin,Kluivert,Kluivert,a,,,6.0,67,46,1.1,189,60,2.3,167,75,1,0,0,0,0,2645,7037,0.4,1.2,2.3,2.3,2.3,184,81,,,168,61,47,37,11,7,32,25,3.0,2.0,2.0,,,,,0.31,0.02,0.33,1.61,0.0,0.79,0.39,1.18,7.07,3,1,75.0,0.0,0.0,0.0,1.0,0.0,0.0,0.0,1.0,0.0,0.0,1.0,0.0,6.0,2711.0,7182.0,0.0,0.06000000000000005,0.009999999999999995,0.06999999999999995,0.48,0.0,0.0,0.0,0.0,1.0,0.0,3.0,4.0
71,Lewis,Cook,Cook,a,,,5.0,251,155,0.2,330,118,2.3,157,68,1,0,0,0,0,899,1171,0.5,1.4,2.3,2.3,2.3,175,74,,,242,102,148,89,483,184,238,106,5.0,,,,,,,0.0,0.01,0.01,2.2,0.0,1.15,0.57,1.15,5.73,3,1,14.0,0.0,0.0,0.0,1.0,0.0,0.0,0.0,0.0,0.0,0.0,0.0,0.0,2.0,951.0,1192.0,0.0,0.0,0.0,0.0,0.22999999999999998,0.0,0.0,0.0,0.0,0.0,1.0,0.0,1.0
72,Ben,Gannon-Doak,Gannon-Doak,a,,,4.9,402,242,0.1,474,187,0.7,299,134,1,-1,1,-1,1,120,355,0.1,0.4,0.7,0.7,1.0,299,125,,,335,154,328,166,225,107,334,154,,,,,,,,0.9,0.0,0.9,10.8,0.0,0.0,45.0,0.0,135.0,3,1,1.0,0.0,0.0,0.0,0.0,0.0,0.0,0.0,0.0,0.0,0.0,0.0,0.0,3.0,122.0,364.0,0.0,0.02,0.0,0.02,0.04999999999999999,0.0,0.0,0.0,0.0,1.0,0.0,1.0,2.0
73,Tyler,Adams,Adams,a,,,5.0,263,163,0.3,311,110,2.0,179,78,4,0,0,0,0,2142,1228,0.4,1.2,2.0,2.0,2.0,202,86,100.0,100.0,269,121,252,132,491,189,306,139,,,,,,,,0.0,0.01,0.01,0.77,0.0,0.0,3.24,0.81,14.59,3,4,75.0,0.0,0.0,0.0,1.0,0.0,0.0,0.0,0.0,0.0,0.0,1.0,0.0,15.0,2177.0,1245.0,0.0,0.0,0.01,0.01,0.48,0.0,0.0,0.0,0.0,3.0,1.0,8.0,12.0
74,David,Brooks,Brooks,a,,,5.0,245,152,0.1,488,195,0.7,305,138,1,0,0,0,0,272,263,0.1,0.4,0.7,0.7,1.0,309,133,100.0,100.0,521,208,264,138,478,181,343,160,4.0,3.0,,,,,,0.0,0.04,0.04,1.53,0.0,0.0,7.83,0.0,0.0,3,1,14.0,0.0,0.0,0.0,1.0,0.0,0.0,0.0,0.0,0.0,0.0,0.0,0.0,2.0,289.0,272.0,0.0,0.0,0.0,0.0,0.23,0.0,0.0,0.0,0.0,0.0,0.0,0.0,0.0
75,Ryan,Christie,Christie,a,,,5.0,252,156,0.0,547,222,0.7,307,139,1,0,0,0,0,187,179,0.1,0.4,0.7,0.7,1.0,311,134,100.0,100.0,303,136,314,159,484,185,326,149,6.0,,,,,,,0.0,0.0,0.0,2.92,0.0,0.0,22.5,0.0,45.0,3,1,1.0,0.0,0.0,0.0,0.0,0.0,0.0,0.0,0.0,0.0,0.0,0.0,0.0,3.0,189.0,181.0,0.0,0.0,0.0,0.0,0.0,0.0,0.0,0.0,0.0,0.0,0.0,0.0,0.0
76,Alex,Tóth,Tóth.A,a,,,5.0,361,221,0.0,582,242,0.3,367,171,0,0,0,0,0,30,73,0.1,0.2,0.3,0.3,1.0,326,145,,,304,137,300,151,552,225,329,152,,,,,,,,0.0,0.0,0.0,1.86,0.0,0.0,12.0,0.0,12.0,3,0,0.0,0.0,0.0,0.0,0.0,0.0,0.0,0.0,0.0,0.0,0.0,0.0,0.0,0.0,30.0,73.0,0.0,0.0,0.0,0.0,0.0,0.0,0.0,0.0,0.0,0.0,0.0,0.0,0.0
1,David,Raya Martín,Raya,a,,,6.0,61,1,38.7,6,1,5.0,50,3,3,0,0,0,0,70233,51363,0.8,2.5,5.0,5.0,5.0,55,4,,,194,20,635,71,630,71,267,20,,,,,,,,0.0,0.0,0.0,0.31,1.67,0.67,0.33,1.0,0.0,3,3,90.0,0.0,0.0,0.0,1.0,0.0,0.0,0.0,0.0,0.0,4.0,1.0,0.0,15.0,73629.0,53970.0,0.0,0.0,0.01,0.01,0.39,0.0,0.0,0.0,0.0,0.0,2.0,11.0,0.0
8,Riccardo,Calafiori,Calafiori,a,,,5.7,117,11,46.8,4,1,7.3,14,6,2,0,0,2,-2,150719,23715,1.3,3.9,7.3,7.3,7.3,15,6,,,69,28,110,34,126,40,89,28,,,,,,,,0.21,0.22,0.43,0.25,0.0,0.76,0.38,1.14,3.43,3,2,66.0,0.0,0.0,0.0,1.0,0.0,0.0,0.0,0.0,0.0,0.0,1.0,0.0,0.0,154674.0,25429.0,0.0,0.39,0.029999999999999916,0.42000000000000015,0.26,0.0,0.0,0.0,0.0,1.0,0.0,1.0,1.0
77,Amine,Adli,Adli,i,Unspecified injury - Unknown return date,,4.9,401,241,0.0,578,239,0.0,545,219,0,0,0,-1,1,23,107,0.0,0.0,0.0,0.0,0.0,545,219,0.0,0.0,510,199,511,207,460,168,520,204,,,,,,,,0.0,0.0,0.0,0.0,0.0,0.0,0.0,0.0,0.0,3,0,0.0,0.0,0.0,0.0,0.0,0.0,0.0,0.0,0.0,0.0,0.0,0.0,0.0,0.0,23.0,109.0,0.0,0.0,0.0,0.0,0.0,0.0,0.0,0.0,0.0,0.0,0.0,0.0,0.0
78,Junior,Kroupi,Kroupi.Jr,i,Foot injury - Unknown return date,,7.4,22,14,0.2,331,119,0.0,652,290,0,0,0,-1,1,73,1400,0.0,0.0,0.0,0.0,0.0,652,290,0.0,0.0,652,290,652,290,652,290,652,290,,,1.0,,,,,0.0,0.0,0.0,0.0,0.0,0.0,0.0,0.0,0.0,3,0,0.0,0.0,0.0,0.0,0.0,0.0,0.0,0.0,0.0,0.0,0.0,0.0,0.0,0.0,73.0,1425.0,0.0,0.0,0.0,0.0,0.0,0.0,0.0,0.0,0.0,0.0,0.0,0.0,0.0
79,Francisco Evanilson,de Lima Barbosa,Evanilson,a,,,6.0,72,16,3.3,100,15,3.7,92,9,2,0,0,0,0,15334,14133,0.6,1.8,3.7,3.7,3.7,100,12,,,120,11,65,6,80,18,77,12,,,,,,,,0.26,0.1,0.36,1.59,0.0,0.74,0.74,1.11,6.64,3,2,90.0,0.0,0.0,0.0,2.0,0.0,0.0,0.0,0.0,0.0,0.0,1.0,0.0,4.0,15706.0,14409.0,0.0,0.13,0.010000000000000009,0.14,0.7100000000000004,0.0,0.0,0.0,0.0,0.0,4.0,3.0,7.0
80,Enes,Ünal,Enes Ünal,u,Has joined Getafe permanently,,5.5,127,32,0.0,574,75,0.0,621,73,0,0,0,0,0,0,94,0.0,0.0,0.0,0.0,0.0,621,73,0.0,0.0,604,63,608,68,592,65,610,68,,,,,,,,0.0,0.0,0.0,0.0,0.0,0.0,0.0,0.0,0.0,3,0,0.0,0.0,0.0,0.0,0.0,0.0,0.0,0.0,0.0,0.0,0.0,0.0,0.0,0.0,0.0,96.0,0.0,0.0,0.0,0.0,0.0,0.0,0.0,0.0,0.0,0.0,0.0,0.0,0.0
81,Álvaro,Rodríguez,Rodríguez,a,,,6.0,82,19,0.1,404,57,0.3,383,46,0,0,0,0,0,474,611,0.0,0.2,0.3,0.3,1.0,361,44,100.0,100.0,639,74,639,74,635,74,639,74,,,,,,,,0.0,0.0,0.0,1.6,0.0,0.0,10.0,0.0,10.0,3,0,0.0,0.0,0.0,0.0,0.0,0.0,0.0,0.0,0.0,0.0,0.0,0.0,0.0,0.0,477.0,617.0,0.0,0.0,0.0,0.0,0.0,0.0,0.0,0.0,0.0,0.0,0.0,0.0,0.0
566,António João,Pereira de Albuquerque Tavares da Silva,Silva,a,,,5.0,310,55,0.4,269,99,2.3,160,65,1,0,0,0,0,1116,1543,0.5,1.4,2.3,2.3,2.3,177,70,,,56,19,245,82,123,38,134,48,,,,,,,,0.09,0.01,0.1,1.6,0.0,0.0,1.67,1.0,10.33,3,1,90.0,0.0,0.0,0.0,2.0,0.0,0.0,0.0,0.0,0.0,0.0,1.0,0.0,8.0,1163.0,1592.0,0.0,0.020000000000000018,0.010000000000000002,0.02999999999999997,0.71,0.0,0.0,0.0,0.0,1.0,7.0,2.0,8.0
573,Juanlu,Sánchez,Sanchez,a,,,4.5,510,132,0.2,345,128,0.0,481,184,0,0,0,0,0,91,519,0.0,0.0,0.0,0.0,0.0,481,184,,,440,177,442,178,384,167,450,177,,,,,,,,0.0,0.0,0.0,0.0,0.0,0.0,0.0,0.0,0.0,3,0,0.0,0.0,0.0,0.0,0.0,0.0,0.0,0.0,0.0,0.0,0.0,0.0,0.0,0.0,92.0,532.0,0.0,0.0,0.0,0.0,0.0,0.0,0.0,0.0,0.0,0.0,0.0,0.0,0.0
608,Daniel,Jebbison,Jebbison,a,,,5.0,338,60,0.1,432,62,0.7,310,35,1,0,0,0,0,1313,592,0.1,0.4,0.7,0.7,1.0,321,34,,,297,29,292,37,103,21,254,29,,,,,,,,0.56,0.0,0.56,2.02,0.0,0.0,11.25,0.0,5.62,3,1,1.0,0.0,0.0,0.0,0.0,0.0,0.0,0.0,0.0,0.0,0.0,0.0,0.0,4.0,1335.0,598.0,0.0,0.0,0.0,0.0,0.04999999999999999,0.0,0.0,0.0,0.0,0.0,0.0,0.0,0.0
615,Michele,Di Gregorio,Di Gregorio,a,,,4.5,470,36,0.0,537,60,0.0,464,57,0,0,0,0,0,287,180,0.0,0.0,0.0,0.0,0.0,464,57,,,422,57,418,38,354,37,432,57,,,,,,,,0.0,0.0,0.0,0.0,0.0,0.0,0.0,0.0,0.0,3,0,0.0,0.0,0.0,0.0,0.0,0.0,0.0,0.0,0.0,0.0,0.0,0.0,0.0,0.0,291.0,182.0,0.0,0.0,0.0,0.0,0.0,0.0,0.0,0.0,0.0,0.0,0.0,0.0,0.0
82,Caoimhín,Kelleher,Kelleher,a,,,5.0,262,9,6.9,61,9,3.7,86,5,2,0,0,0,0,11096,16702,0.7,2.2,3.7,3.7,3.7,94,5,,,87,11,532,60,490,60,191,12,,,,,,,,0.0,0.0,0.0,1.25,2.33,0.33,0.67,1.0,0.0,3,2,90.0,0.0,0.0,0.0,1.0,0.0,0.0,0.0,0.0,0.0,2.0,1.0,0.0,10.0,12247.0,17221.0,0.0,0.0,0.0,0.0,1.7100000000000004,0.0,0.0,0.0,0.0,0.0,2.0,6.0,0.0
83,Hákon Rafn,Valdimarsson,Valdimarsson,a,,,4.5,515,44,0.1,418,48,0.0,486,60,0,0,0,0,0,181,323,0.0,0.0,0.0,0.0,0.0,486,60,,,445,60,447,46,389,45,455,60,,,,,,,,0.0,0.0,0.0,0.0,0.0,0.0,0.0,0.0,0.0,3,0,0.0,0.0,0.0,0.0,0.0,0.0,0.0,0.0,0.0,0.0,0.0,0.0,0.0,0.0,191.0,342.0,0.0,0.0,0.0,0.0,0.0,0.0,0.0,0.0,0.0,0.0,0.0,0.0,0.0
84,Nathan,Collins,Collins,d,Calf injury - 25% chance of playing,,5.5,149,18,2.0,127,52,3.3,104,39,1,0,0,0,0,1125,22115,0.6,1.8,0.8,3.3,3.3,115,45,25.0,,93,42,115,35,32,2,52,10,,,,,,,,0.23,0.02,0.25,0.98,0.0,0.46,0.46,1.38,7.81,3,1,16.0,0.0,0.0,0.0,0.0,0.0,0.0,0.0,0.0,0.0,0.0,1.0,0.0,4.0,1595.0,22272.0,0.0,0.0,0.0,0.0,0.10000000000000009,0.0,0.0,0.0,0.0,0.0,1.0,0.0,1.0
85,Sepp,van den Berg,Van den Berg,i,Groin injury - Unknown return date,,4.9,395,72,0.1,461,163,0.0,542,199,0,0,0,-1,1,22,511,0.0,0.0,0.0,0.0,0.0,542,199,0.0,0.0,507,195,508,195,457,187,517,195,,,,,,,,0.0,0.0,0.0,0.0,0.0,0.0,0.0,0.0,0.0,3,0,0.0,0.0,0.0,0.0,0.0,0.0,0.0,0.0,0.0,0.0,0.0,0.0,0.0,0.0,25.0,520.0,0.0,0.0,0.0,0.0,0.0,0.0,0.0,0.0,0.0,0.0,0.0,0.0,0.0
9,Piero,Hincapié,Hincapie,a,,,5.3,235,34,1.1,180,71,0.7,313,115,1,-1,1,-2,2,1518,6863,0.1,0.4,0.7,0.7,1.0,327,126,,,333,124,310,116,560,205,346,123,,,,,,,,0.0,0.0,0.0,0.79,0.0,0.0,0.0,0.0,8.44,3,1,23.0,0.0,0.0,0.0,0.0,0.0,0.0,0.0,0.0,0.0,0.0,0.0,0.0,3.0,1532.0,7090.0,0.0,0.0,0.0,0.0,0.13000000000000003,0.0,0.0,0.0,0.0,1.0,2.0,0.0,3.0
86,Keane,Lewis-Potter,Lewis-Potter,a,,,5.5,146,89,2.2,120,37,6.0,34,15,2,0,0,0,0,10545,9563,1.1,3.3,6.0,6.0,6.0,39,17,,,5,4,34,28,86,47,24,18,,1.0,,,,,,0.35,0.22,0.57,1.26,0.0,0.34,0.67,1.01,9.1,3,2,90.0,0.0,0.0,0.0,1.0,0.0,0.0,0.0,0.0,0.0,0.0,1.0,0.0,4.0,11497.0,9789.0,0.0,0.24,0.4,0.6399999999999999,1.7100000000000004,0.0,0.0,0.0,0.0,1.0,4.0,1.0,6.0
87,Kristoffer,Ajer,Ajer,a,,,4.5,454,96,5.1,73,31,4.3,60,24,2,0,0,0,0,17551,25870,1.0,2.9,4.3,4.3,4.3,66,27,,,35,11,117,36,49,8,46,8,,,,,,,,0.04,0.01,0.05,1.25,0.0,0.33,0.67,1.0,10.67,3,2,90.0,0.0,0.0,0.0,1.0,0.0,0.0,0.0,0.0,0.0,0.0,1.0,0.0,8.0,21159.0,27047.0,0.0,0.0,0.0,0.0,1.7100000000000004,0.0,0.0,0.0,0.0,0.0,5.0,2.0,5.0
88,Michael,Kayode,Kayode,a,,,4.6,423,80,9.3,45,17,5.3,41,18,1,0,0,1,-1,17483,36829,1.2,3.5,5.3,5.3,5.3,46,20,,,63,25,134,39,29,1,45,7,,,,,,,,0.24,0.09,0.33,0.99,0.0,0.43,0.43,1.3,5.65,3,1,45.0,0.0,0.0,0.0,0.0,0.0,0.0,0.0,0.0,0.0,0.0,1.0,0.0,2.0,19303.0,37434.0,0.0,0.030000000000000027,0.0,0.030000000000000027,0.34999999999999987,0.0,0.0,0.0,0.0,0.0,5.0,2.0,5.0
89,Rico,Henry,Henry,a,,,4.5,455,97,0.2,332,122,0.3,343,124,0,0,0,0,0,117,669,0.1,0.2,0.3,0.3,1.0,279,106,,,416,166,411,165,346,148,426,166,,,,,,,,0.0,0.0,0.0,0.0,0.0,0.0,0.0,0.0,0.0,3,0,0.0,0.0,0.0,0.0,0.0,0.0,0.0,0.0,0.0,0.0,0.0,0.0,0.0,0.0,118.0,683.0,0.0,0.0,0.0,0.0,0.0,0.0,0.0,0.0,0.0,0.0,0.0,0.0,0.0
90,Aaron,Hickey,Hickey,a,,,4.5,498,127,0.1,466,164,1.0,253,95,1,0,0,0,0,110,231,0.2,0.7,1.0,1.0,1.0,287,113,,,286,106,214,68,375,165,300,109,,,,,,,,0.0,0.03,0.03,2.15,0.0,0.0,1.48,0.0,8.85,3,1,45.0,0.0,0.0,0.0,1.0,0.0,0.0,0.0,0.0,0.0,0.0,0.0,0.0,0.0,118.0,237.0,0.0,0.0,0.0,0.0,1.3599999999999999,0.0,0.0,0.0,0.0,1.0,4.0,2.0,5.0
92,Kim,Ji-soo,Ji-soo,a,,,4.5,535,140,0.0,573,196,0.0,503,190,0,0,0,0,0,36,81,0.0,0.0,0.0,0.0,0.0,503,190,,,464,184,465,185,408,174,474,184,,,,,,,,0.0,0.0,0.0,0.0,0.0,0.0,0.0,0.0,0.0,3,0,0.0,0.0,0.0,0.0,0.0,0.0,0.0,0.0,0.0,0.0,0.0,0.0,0.0,0.0,37.0,84.0,0.0,0.0,0.0,0.0,0.0,0.0,0.0,0.0,0.0,0.0,0.0,0.0,0.0
93,Jannik,Schuster,Schuster,a,,,4.5,517,135,0.1,374,140,1.3,220,82,4,0,0,0,0,73,218,0.3,0.9,1.3,1.3,4.0,79,32,,,447,180,449,181,391,170,457,180,,,,,,,,0.12,0.01,0.13,1.98,0.0,0.0,1.23,0.0,12.33,3,4,73.0,0.0,0.0,0.0,1.0,0.0,0.0,0.0,0.0,0.0,0.0,0.0,0.0,11.0,74.0,230.0,0.0,0.1,0.01,0.11,1.61,0.0,0.0,0.0,0.0,0.0,10.0,0.0,10.0
94,Kevin,Schade,Schade,a,,,6.0,78,53,4.1,85,28,5.0,51,24,2,0,0,0,0,10717,25130,0.8,2.5,5.0,5.0,5.0,56,25,,,30,15,111,67,4,1,15,11,,,2.0,,,,,0.26,0.07,0.33,1.26,0.0,0.34,0.67,1.01,7.75,3,2,90.0,0.0,0.0,0.0,1.0,0.0,0.0,0.0,0.0,0.0,0.0,1.0,0.0,11.0,13628.0,25735.0,0.0,0.0,0.17,0.16999999999999993,1.7100000000000004,0.0,0.0,0.0,0.0,0.0,0.0,5.0,5.0
95,Dango,Ouattara,O.Dango,a,,,6.4,51,35,0.8,218,71,1.7,215,98,1,-1,1,-1,1,477,7404,0.3,0.8,1.7,1.7,1.7,239,106,,,201,80,38,31,106,55,100,52,4.0,,,,,,,0.04,0.24,0.28,1.4,0.0,0.64,0.64,1.29,15.43,3,1,45.0,0.0,0.0,0.0,0.0,0.0,0.0,0.0,0.0,0.0,0.0,1.0,0.0,6.0,518.0,7714.0,0.0,0.0,0.010000000000000009,0.010000000000000009,0.3500000000000001,0.0,0.0,0.0,0.0,1.0,3.0,7.0,11.0
96,Mikkel,Damsgaard,Damsgaard,a,,,5.5,152,92,0.5,254,84,4.0,79,36,8,0,0,0,0,1657,1177,0.7,2.2,4.0,4.0,4.0,83,37,,,159,58,20,18,77,43,59,39,2.0,3.0,,,,,,0.02,0.24,0.26,1.0,0.0,0.54,0.54,1.08,9.16,3,8,85.0,0.0,1.0,0.0,1.0,0.0,0.0,0.0,0.0,0.0,0.0,1.0,3.0,30.0,1678.0,1252.0,0.0,0.0,0.21000000000000002,0.20999999999999996,1.6300000000000001,0.0,0.0,0.0,0.0,0.0,1.0,3.0,4.0
97,Mathias,Jensen,Jensen,i,Unspecified injury - Expected back 18 Sep,,5.5,140,85,0.1,373,136,2.0,191,88,0,0,0,0,0,14,1575,0.4,1.1,0.0,0.0,6.0,38,16,0.0,0.0,221,90,39,32,125,63,118,60,1.0,2.0,3.0,,,,,0.11,0.46,0.57,0.64,0.0,1.36,0.0,1.36,6.82,3,0,0.0,0.0,0.0,0.0,0.0,0.0,0.0,0.0,0.0,0.0,0.0,0.0,0.0,0.0,15.0,1639.0,0.0,0.0,0.0,0.0,0.0,0.0,0.0,0.0,0.0,0.0,0.0,0.0,0.0
98,Vitaly,Janelt,Janelt,a,,,5.0,265,165,1.1,178,55,7.0,19,7,11,0,0,0,0,41895,6695,1.4,4.2,7.0,7.0,7.0,20,8,,,18,11,10,10,66,40,16,12,3.0,,,,,,,0.17,0.11,0.28,1.25,0.0,0.33,0.67,1.0,11.67,3,11,90.0,1.0,0.0,0.0,1.0,0.0,0.0,0.0,1.0,0.0,0.0,1.0,3.0,30.0,42116.0,6778.0,0.0,0.10999999999999999,0.010000000000000009,0.12,1.7100000000000004,0.0,0.0,0.0,0.0,4.0,3.0,5.0,12.0
99,Antoni,Milambo,Milambo,i,Knee injury - Unknown return date,,5.0,344,208,0.0,647,286,0.0,594,250,0,0,0,0,0,9,14,0.0,0.0,0.0,0.0,0.0,594,250,0.0,0.0,568,236,575,242,542,216,576,239,,,,,,,,0.0,0.0,0.0,0.0,0.0,0.0,0.0,0.0,0.0,3,0,0.0,0.0,0.0,0.0,0.0,0.0,0.0,0.0,0.0,0.0,0.0,0.0,0.0,0.0,9.0,16.0,0.0,0.0,0.0,0.0,0.0,0.0,0.0,0.0,0.0,0.0,0.0,0.0,0.0
100,Fábio,Freitas Gouveia Carvalho,Carvalho,a,,,5.0,288,176,0.0,565,233,0.0,570,235,0,0,0,0,0,162,123,0.0,0.0,0.0,0.0,0.0,570,235,100.0,100.0,542,219,544,225,504,195,550,222,,,,,,,,0.0,0.0,0.0,0.0,0.0,0.0,0.0,0.0,0.0,3,0,0.0,0.0,0.0,0.0,0.0,0.0,0.0,0.0,0.0,0.0,0.0,0.0,0.0,0.0,164.0,124.0,0.0,0.0,0.0,0.0,0.0,0.0,0.0,0.0,0.0,0.0,0.0,0.0,0.0
102,Yehor,Yarmoliuk,Yarmoliuk,a,,,4.9,405,244,0.9,206,65,0.7,300,135,0,0,0,-1,1,322,4851,0.1,0.4,0.7,0.7,0.7,375,176,,,268,120,159,96,169,81,228,101,,,,,,,,0.07,0.03,0.1,2.81,0.0,0.0,2.02,0.0,11.12,3,0,45.0,0.0,0.0,0.0,1.0,0.0,0.0,0.0,1.0,0.0,0.0,0.0,0.0,1.0,330.0,4983.0,0.0,0.030000000000000006,0.019999999999999997,0.05,1.3599999999999999,0.0,0.0,0.0,0.0,1.0,1.0,3.0,5.0
103,Josh,Dasilva,Dasilva,i,Hamstring injury - Expected back 10 Oct,,5.0,259,160,0.0,570,236,0.0,559,230,0,0,0,0,0,11,257,0.0,0.0,0.0,0.0,0.0,559,230,0.0,0.0,529,213,531,220,489,188,538,217,,,,,,,,0.0,0.0,0.0,0.0,0.0,0.0,0.0,0.0,0.0,3,0,0.0,0.0,0.0,0.0,0.0,0.0,0.0,0.0,0.0,0.0,0.0,0.0,0.0,0.0,12.0,261.0,0.0,0.0,0.0,0.0,0.0,0.0,0.0,0.0,0.0,0.0,0.0,0.0,0.0
4,Gabriel,dos Santos Magalhães,Gabriel,a,,,8.0,7,1,25.2,10,2,5.0,54,21,2,0,0,0,0,16881,73258,0.6,1.9,5.0,5.0,5.0,59,23,,,154,69,210,67,182,61,207,81,,,,,,,,0.16,0.02,0.18,0.31,0.0,0.67,0.33,1.0,7.0,3,2,90.0,0.0,0.0,0.0,1.0,0.0,0.0,0.0,0.0,0.0,0.0,1.0,0.0,10.0,17178.0,76925.0,0.0,0.31,0.020000000000000004,0.33000000000000007,0.39,0.0,0.0,0.0,0.0,0.0,7.0,4.0,7.0
105,Jaidon,Anthony,Anthony,a,,,6.0,73,49,0.1,368,134,1.3,237,107,1,0,0,0,0,244,826,0.2,0.7,1.3,1.3,1.3,260,117,,,214,86,19,17,109,58,78,44,,,,,,,,0.13,0.3,0.43,1.09,0.0,0.7,0.7,0.7,9.14,3,1,45.0,0.0,0.0,0.0,1.0,0.0,0.0,0.0,0.0,0.0,0.0,0.0,0.0,3.0,255.0,847.0,0.0,0.04999999999999999,0.010000000000000009,0.05999999999999994,1.36,0.0,0.0,0.0,0.0,0.0,0.0,4.0,4.0
106,Igor Thiago,Nascimento Rodrigues,Thiago,a,,,7.9,12,3,12.6,32,6,1.3,243,28,2,-1,1,-1,1,7297,110902,0.2,0.5,1.3,1.3,1.3,262,32,,,279,26,186,23,19,9,105,15,,,1.0,,,,,0.79,0.03,0.82,1.26,0.0,0.34,0.69,1.03,5.15,3,2,90.0,0.0,0.0,0.0,1.0,0.0,0.0,0.0,0.0,0.0,0.0,1.0,0.0,9.0,8112.0,113454.0,0.0,0.4999999999999998,0.010000000000000009,0.51,1.71,0.0,0.0,0.0,0.0,1.0,3.0,2.0,6.0
108,Callum,Wilson,Wilson,a,,,5.5,122,31,0.4,277,48,1.0,269,30,1,0,0,0,0,1101,1994,0.2,0.5,1.0,1.0,1.0,343,38,,,308,33,185,22,132,24,235,26,,,,,,,,0.48,0.28,0.76,1.04,0.0,0.0,0.0,0.0,13.85,3,1,4.0,0.0,0.0,0.0,0.0,0.0,0.0,0.0,0.0,0.0,0.0,0.0,0.0,2.0,1135.0,2037.0,0.0,0.0,0.0,0.0,0.07999999999999999,0.0,0.0,0.0,0.0,0.0,1.0,0.0,1.0
565,Mamadou,Sangaré,M.Sangaré,a,,,5.7,118,77,14.7,27,10,6.0,35,16,0,0,0,2,-2,51602,92369,1.1,3.2,6.0,6.0,6.0,40,18,,,41,19,36,29,59,34,33,26,,,,,,,,0.18,0.16,0.34,0.98,0.0,0.43,0.43,1.29,13.71,3,0,45.0,0.0,0.0,0.0,0.0,0.0,0.0,0.0,1.0,0.0,0.0,1.0,0.0,0.0,60134.0,94327.0,0.0,0.14999999999999997,0.010000000000000009,0.16000000000000003,0.34999999999999987,0.0,0.0,0.0,0.0,1.0,1.0,3.0,5.0
620,El Hadji Malick,Diouf,Diouf,a,,,4.5,553,146,0.1,435,153,0.0,517,194,0,0,0,0,0,685,814,0.0,0.0,0.0,0.0,0.0,517,194,,,478,188,479,189,423,179,488,188,,,,,,,,0.0,0.0,0.0,0.0,0.0,0.0,0.0,0.0,0.0,3,0,0.0,0.0,0.0,0.0,0.0,0.0,0.0,0.0,0.0,0.0,0.0,0.0,0.0,0.0,724.0,827.0,0.0,0.0,0.0,0.0,0.0,0.0,0.0,0.0,0.0,0.0,0.0,0.0,0.0
109,Bart,Verbruggen,Verbruggen,a,,,4.5,505,43,22.1,12,2,3.0,113,11,3,0,0,0,0,57733,48690,0.7,2.0,3.0,3.0,3.0,125,11,,,197,21,437,45,379,44,269,21,,,,,,,,0.0,0.07,0.07,1.9,1.33,0.33,1.67,1.0,0.0,3,3,90.0,0.0,0.0,0.0,1.0,0.0,0.0,0.0,0.0,0.0,3.0,1.0,0.0,17.0,61306.0,51903.0,0.0,0.0,0.2,0.2,2.4899999999999998,0.0,0.0,0.0,0.0,0.0,0.0,5.0,0.0
111,Jason,Steele,Steele,a,,,4.0,580,51,4.3,83,12,0.0,389,25,0,0,0,0,0,15006,8382,0.0,0.0,0.0,0.0,0.0,389,25,,,342,25,332,4,254,3,351,25,,,,,,,,0.0,0.0,0.0,0.0,0.0,0.0,0.0,0.0,0.0,3,0,0.0,0.0,0.0,0.0,0.0,0.0,0.0,0.0,0.0,0.0,0.0,0.0,0.0,0.0,15852.0,8958.0,0.0,0.0,0.0,0.0,0.0,0.0,0.0,0.0,0.0,0.0,0.0,0.0,0.0
113,Ferdi,Kadıoğlu,F.Kadıoğlu,a,,,4.4,571,154,1.9,129,53,0.7,287,102,2,0,0,-1,1,2074,7479,0.2,0.5,0.7,0.7,1.0,272,101,100.0,100.0,302,114,138,42,158,53,222,86,3.0,,,,,,,0.04,0.01,0.05,2.87,0.0,0.0,2.69,1.08,2.69,3,2,77.0,0.0,0.0,0.0,1.0,0.0,0.0,0.0,0.0,0.0,0.0,1.0,0.0,8.0,2183.0,7779.0,0.0,0.06,0.01,0.07,2.4,0.0,0.0,0.0,0.0,1.0,4.0,2.0,5.0
114,Olivier,Boscagli,Boscagli,a,,,4.5,458,99,0.3,305,111,2.3,151,61,2,0,0,0,0,650,782,0.5,1.6,2.3,2.3,2.3,169,67,,,130,58,68,16,99,28,91,29,,,,,,,,0.02,0.16,0.18,1.9,0.0,0.33,1.67,1.0,4.33,3,2,90.0,0.0,0.0,0.0,1.0,0.0,0.0,0.0,0.0,0.0,0.0,1.0,0.0,17.0,695.0,814.0,0.0,0.0,0.32999999999999996,0.33,2.4899999999999998,0.0,0.0,0.0,0.0,0.0,4.0,4.0,4.0
115,Maxim,De Cuyper,De Cuyper,a,,,4.7,421,79,18.6,19,5,7.0,18,9,4,0,0,2,-2,160921,31400,1.5,4.5,7.0,7.0,7.0,19,9,,,60,23,14,1,35,4,19,1,2.0,4.0,,,,,,0.56,0.15,0.71,2.08,0.0,0.37,1.85,1.11,2.96,3,4,76.0,0.0,1.0,0.0,1.0,0.0,0.0,0.0,1.0,0.0,0.0,1.0,0.0,17.0,174009.0,32321.0,0.0,0.0,0.14,0.1399999999999999,2.4,0.0,0.0,0.0,0.0,1.0,1.0,4.0,2.0
116,Lewis,Dunk,Dunk,a,,,4.5,429,82,1.3,159,64,3.3,95,35,5,0,0,0,0,4736,2352,0.7,2.2,3.3,3.3,3.3,106,41,,,139,62,193,61,328,141,202,78,,3.0,,,,,,0.0,0.02,0.02,1.9,0.0,0.33,1.67,1.0,5.67,3,5,90.0,0.0,0.0,0.0,1.0,0.0,0.0,0.0,0.0,0.0,0.0,1.0,1.0,20.0,4911.0,2441.0,0.0,0.0,0.009999999999999995,0.009999999999999995,2.4899999999999998,0.0,0.0,0.0,0.0,0.0,12.0,5.0,12.0
117,Diego,Coppola,Coppola,a,,,4.5,527,138,0.0,572,195,0.0,497,189,0,0,0,0,0,54,89,0.0,0.0,0.0,0.0,0.0,497,189,,,457,183,459,184,401,173,467,183,,,,,,,,0.0,0.0,0.0,0.0,0.0,0.0,0.0,0.0,0.0,3,0,0.0,0.0,0.0,0.0,0.0,0.0,0.0,0.0,0.0,0.0,0.0,0.0,0.0,0.0,55.0,90.0,0.0,0.0,0.0,0.0,0.0,0.0,0.0,0.0,0.0,0.0,0.0,0.0,0.0
118,Igor Julio,dos Santos de Paulo,Igor,u,Has joined Burnley permanently,,4.5,465,104,0.1,482,170,0.0,463,176,0,0,0,0,0,0,893,0.0,0.0,0.0,0.0,0.0,463,176,0.0,0.0,421,168,417,168,353,152,431,168,,,,,,,,0.0,0.0,0.0,0.0,0.0,0.0,0.0,0.0,0.0,3,0,0.0,0.0,0.0,0.0,0.0,0.0,0.0,0.0,0.0,0.0,0.0,0.0,0.0,0.0,0.0,909.0,0.0,0.0,0.0,0.0,0.0,0.0,0.0,0.0,0.0,0.0,0.0,0.0,0.0
119,João Pedro,Loureiro da Costa,Costinha,a,,,4.5,491,124,0.0,525,183,0.7,294,108,1,0,0,0,0,72,84,0.2,0.4,0.7,0.7,0.7,374,131,,,244,98,239,79,95,26,224,87,,,,,,,,0.22,0.3,0.52,0.45,0.0,0.0,0.0,0.0,9.38,3,1,12.0,0.0,0.0,0.0,0.0,0.0,0.0,0.0,0.0,0.0,0.0,0.0,0.0,7.0,78.0,87.0,0.0,0.0,0.16,0.16000000000000003,0.09999999999999998,0.0,0.0,0.0,0.0,0.0,1.0,0.0,1.0
120,Michael,Svoboda,Svoboda,a,,,5.0,298,51,0.1,492,173,0.0,573,205,0,0,0,0,0,256,310,0.0,0.0,0.0,0.0,0.0,573,205,,,546,204,550,204,512,198,554,204,,,,,,,,0.0,0.0,0.0,0.0,0.0,0.0,0.0,0.0,0.0,3,0,0.0,0.0,0.0,0.0,0.0,0.0,0.0,0.0,0.0,0.0,0.0,0.0,0.0,0.0,261.0,317.0,0.0,0.0,0.0,0.0,0.0,0.0,0.0,0.0,0.0,0.0,0.0,0.0,0.0
121,Mitoma,Kaoru,Mitoma,i,Hamstring injury - Unknown return date,,5.9,101,65,0.0,529,217,0.0,635,276,0,-1,1,-1,1,25,188,0.0,0.0,0.0,0.0,0.0,635,276,0.0,0.0,629,274,629,274,623,269,630,274,,,,,,,,0.0,0.0,0.0,0.0,0.0,0.0,0.0,0.0,0.0,3,0,0.0,0.0,0.0,0.0,0.0,0.0,0.0,0.0,0.0,0.0,0.0,0.0,0.0,0.0,25.0,191.0,0.0,0.0,0.0,0.0,0.0,0.0,0.0,0.0,0.0,0.0,0.0,0.0,0.0
122,Yankuba,Minteh,Minteh,i,Leg injury - Expected back 28 Nov,,5.9,111,71,0.0,512,209,0.0,637,278,0,0,0,-1,1,16,301,0.0,0.0,0.0,0.0,0.0,637,278,0.0,0.0,631,276,631,276,626,272,632,276,5.0,,,,,,,0.0,0.0,0.0,0.0,0.0,0.0,0.0,0.0,0.0,3,0,0.0,0.0,0.0,0.0,0.0,0.0,0.0,0.0,0.0,0.0,0.0,0.0,0.0,0.0,17.0,303.0,0.0,0.0,0.0,0.0,0.0,0.0,0.0,0.0,0.0,0.0,0.0,0.0,0.0
123,Jack,Hinshelwood,Hinshelwood,d,Unspecified injury - 50% chance of playing,,6.0,79,54,1.2,175,54,5.3,44,22,0,0,0,0,0,536,15590,0.9,2.7,2.6,2.6,16.0,1,1,50.0,50.0,12,8,158,95,24,14,26,20,,,,,,,,2.01,0.03,2.04,0.27,0.0,1.43,0.0,1.43,4.29,3,0,0.0,0.0,0.0,0.0,0.0,0.0,0.0,0.0,0.0,0.0,0.0,0.0,0.0,0.0,551.0,16104.0,0.0,0.0,0.0,0.0,0.0,0.0,0.0,0.0,0.0,0.0,0.0,0.0,0.0
124,Pascal,Groß,Groß,a,,,5.5,121,78,16.0,25,9,5.3,42,20,1,0,0,0,0,80822,50060,1.0,2.9,5.3,5.3,5.3,47,22,,,19,12,5,5,62,37,8,7,1.0,1.0,1.0,,,,,0.28,0.14,0.42,1.9,0.0,0.33,1.67,1.0,5.0,3,1,90.0,0.0,0.0,0.0,1.0,0.0,0.0,0.0,1.0,0.0,0.0,1.0,0.0,-1.0,88443.0,51388.0,0.0,0.7899999999999999,0.03999999999999998,0.8300000000000001,2.4899999999999998,0.0,0.0,0.0,0.0,0.0,2.0,2.0,4.0
125,Georginio,Rutter,Georginio,d,Unspecified injury - 75% chance of playing,,5.5,158,40,0.7,231,38,1.7,213,20,0,0,0,0,0,401,6132,0.3,0.9,1.3,1.3,5.0,53,5,75.0,75.0,177,14,176,19,116,22,183,20,,,,,,,,0.08,0.44,0.52,0.29,0.0,1.0,0.0,1.0,7.0,3,0,0.0,0.0,0.0,0.0,0.0,0.0,0.0,0.0,0.0,0.0,0.0,0.0,0.0,0.0,425.0,6349.0,0.0,0.0,0.0,0.0,0.0,0.0,0.0,0.0,0.0,0.0,0.0,0.0,0.0
126,Matt,O'Riley,O'Riley,a,,,5.5,142,86,0.1,422,166,0.0,625,269,0,0,0,0,0,319,495,0.0,0.0,0.0,0.0,0.0,625,269,,,609,262,613,263,599,252,614,263,,,3.0,,,,,0.0,0.0,0.0,0.0,0.0,0.0,0.0,0.0,0.0,3,0,0.0,0.0,0.0,0.0,0.0,0.0,0.0,0.0,0.0,0.0,0.0,0.0,0.0,0.0,322.0,505.0,0.0,0.0,0.0,0.0,0.0,0.0,0.0,0.0,0.0,0.0,0.0,0.0,0.0
127,Diego,Gómez Amarilla,Gomez,a,,,5.0,332,198,4.9,75,24,4.3,62,30,2,0,0,0,0,28673,25371,0.9,2.6,4.3,4.3,4.3,68,31,,,106,39,41,33,6,3,20,15,,5.0,,,,,,0.22,0.24,0.46,1.94,0.0,0.34,1.7,1.02,6.79,3,2,90.0,0.0,0.0,0.0,1.0,0.0,0.0,0.0,0.0,0.0,0.0,1.0,0.0,13.0,31585.0,26417.0,0.0,0.08999999999999997,0.04999999999999993,0.14000000000000012,2.4899999999999998,0.0,0.0,0.0,0.0,3.0,2.0,4.0,9.0
128,Facundo,Buonanotte,Buonanotte,u,Has joined Elche on loan for the rest of the season,,5.0,342,206,0.0,642,282,0.0,593,249,0,0,0,0,0,0,18,0.0,0.0,0.0,0.0,0.0,593,249,0.0,0.0,567,235,574,241,541,215,575,238,,,,,,,,0.0,0.0,0.0,0.0,0.0,0.0,0.0,0.0,0.0,3,0,0.0,0.0,0.0,0.0,0.0,0.0,0.0,0.0,0.0,0.0,0.0,0.0,0.0,0.0,0.0,18.0,0.0,0.0,0.0,0.0,0.0,0.0,0.0,0.0,0.0,0.0,0.0,0.0,0.0
129,Yasin,Ayari,Ayari,a,,,5.4,226,142,0.4,272,91,1.3,229,103,2,0,0,-1,1,546,2254,0.2,0.7,1.3,1.0,2.0,212,94,100.0,75.0,599,257,147,88,191,94,274,122,4.0,2.0,,,,,,0.16,0.04,0.2,1.58,0.0,0.59,0.59,1.18,4.12,3,2,90.0,0.0,0.0,0.0,1.0,0.0,0.0,0.0,0.0,0.0,0.0,1.0,0.0,18.0,547.0,2431.0,0.0,0.17000000000000004,0.04000000000000001,0.20999999999999996,2.49,0.0,0.0,0.0,0.0,0.0,1.0,2.0,3.0
130,Mats,Wieffer,Wieffer,i,Knee injury - Unknown return date,,5.0,304,53,0.4,280,104,2.3,159,64,0,0,0,0,0,31,8195,0.5,1.4,0.0,0.0,3.5,105,40,0.0,0.0,110,49,60,14,148,48,93,31,,,,,,,,0.07,0.08,0.15,1.83,0.0,0.58,2.31,1.15,8.65,3,0,0.0,0.0,0.0,0.0,0.0,0.0,0.0,0.0,0.0,0.0,0.0,0.0,0.0,0.0,32.0,8378.0,0.0,0.0,0.0,0.0,0.0,0.0,0.0,0.0,0.0,0.0,0.0,0.0,0.0
132,Harry,Howell,Howell,u,Has joined Leicester City on loan for the rest of the season,,4.5,548,281,0.0,519,213,0.0,513,201,0,0,0,0,0,0,227,0.0,0.0,0.0,0.0,0.0,513,201,0.0,0.0,474,179,475,188,419,146,484,184,,,,,,,,0.0,0.0,0.0,0.0,0.0,0.0,0.0,0.0,0.0,3,0,0.0,0.0,0.0,0.0,0.0,0.0,0.0,0.0,0.0,0.0,0.0,0.0,0.0,0.0,0.0,229.0,0.0,0.0,0.0,0.0,0.0,0.0,0.0,0.0,0.0,0.0,0.0,0.0,0.0
133,Tom,Watson,Watson,u,Has joined Leicester City on loan for the rest of the season,,5.0,347,211,0.0,650,288,0.0,596,252,0,0,0,0,0,0,9,0.0,0.0,0.0,0.0,0.0,596,252,0.0,0.0,570,238,577,244,545,219,578,241,,,,,,,,0.0,0.0,0.0,0.0,0.0,0.0,0.0,0.0,0.0,3,0,0.0,0.0,0.0,0.0,0.0,0.0,0.0,0.0,0.0,0.0,0.0,0.0,0.0,0.0,0.0,9.0,0.0,0.0,0.0,0.0,0.0,0.0,0.0,0.0,0.0,0.0,0.0,0.0,0.0
134,Nehemiah,Oriola,Oriola,a,,,4.5,531,274,0.3,308,107,0.0,500,195,0,0,0,0,0,841,996,0.0,0.0,0.0,0.0,0.0,500,195,,,460,173,462,182,404,140,470,178,,,,,,,,0.0,0.0,0.0,0.0,0.0,0.0,0.0,0.0,0.0,3,0,0.0,0.0,0.0,0.0,0.0,0.0,0.0,0.0,0.0,0.0,0.0,0.0,0.0,0.0,864.0,1017.0,0.0,0.0,0.0,0.0,0.0,0.0,0.0,0.0,0.0,0.0,0.0,0.0,0.0
135,Zadok,Yohanna,Yohanna,a,,,4.9,420,256,0.1,484,193,0.3,357,163,0,-1,1,-1,1,169,351,0.1,0.2,0.3,0.3,1.0,308,132,,,336,155,274,140,472,178,335,155,,,,,,,,0.0,0.22,0.22,0.0,0.0,0.0,0.0,0.0,0.0,3,0,0.0,0.0,0.0,0.0,0.0,0.0,0.0,0.0,0.0,0.0,0.0,0.0,0.0,0.0,172.0,360.0,0.0,0.0,0.0,0.0,0.0,0.0,0.0,0.0,0.0,0.0,0.0,0.0,0.0
138,Charalampos,Kostoulas,Kostoulas,a,,,5.5,188,43,0.5,251,41,2.7,141,13,2,0,0,0,0,4523,1912,0.5,1.5,2.7,2.7,2.7,156,17,,,276,25,145,14,71,16,184,21,,,,,,,,0.36,0.02,0.38,2.53,0.0,0.0,2.31,0.92,7.38,3,2,90.0,0.0,0.0,0.0,1.0,0.0,0.0,0.0,0.0,0.0,0.0,1.0,0.0,9.0,4794.0,1962.0,0.0,0.43000000000000005,0.02,0.44999999999999996,2.49,0.0,0.0,0.0,0.0,1.0,3.0,4.0,8.0
139,Evan,Ferguson,Ferguson,i,Ankle injury - Expected back 10 Oct,,5.0,313,57,0.0,534,71,0.0,579,63,0,0,0,0,0,161,214,0.0,0.0,0.0,0.0,0.0,579,63,0.0,0.0,552,52,558,57,522,54,560,57,,,,,,,,0.0,0.0,0.0,0.0,0.0,0.0,0.0,0.0,0.0,3,0,0.0,0.0,0.0,0.0,0.0,0.0,0.0,0.0,0.0,0.0,0.0,0.0,0.0,0.0,163.0,217.0,0.0,0.0,0.0,0.0,0.0,0.0,0.0,0.0,0.0,0.0,0.0,0.0,0.0
328,Pascal,Struijk,Struijk,a,,,5.0,279,46,0.2,340,124,0.3,360,132,1,0,0,0,0,415,809,0.1,0.2,0.3,0.3,1.0,314,124,100.0,100.0,536,202,538,202,497,195,544,202,,,,,,,,0.0,0.0,0.0,0.0,0.0,0.0,0.0,0.0,0.0,3,1,1.0,0.0,0.0,0.0,0.0,0.0,0.0,0.0,0.0,0.0,0.0,0.0,0.0,3.0,430.0,828.0,0.0,0.0,0.0,0.0,0.0,0.0,0.0,0.0,0.0,0.0,0.0,0.0,0.0
504,Luka,Vušković,Vuskovic,a,,,5.0,359,63,2.6,114,46,6.0,31,14,12,0,0,0,0,24093,6915,1.2,3.6,6.0,6.0,6.0,34,15,,,116,53,164,49,104,30,135,49,,,,,,,,0.12,0.02,0.14,1.9,0.0,0.33,1.67,1.0,7.33,3,12,90.0,1.0,0.0,0.0,1.0,0.0,0.0,0.0,0.0,0.0,0.0,1.0,2.0,27.0,24402.0,7245.0,0.0,0.18999999999999997,0.009999999999999995,0.19999999999999998,2.4899999999999998,0.0,0.0,0.0,0.0,2.0,8.0,4.0,10.0
594,Promise,David,David,a,,,6.0,80,17,0.2,317,52,0.3,382,45,0,0,0,0,0,1014,1704,0.0,0.2,0.3,0.3,0.5,386,47,,,638,73,222,31,634,73,321,38,,,2.0,,,,,1.64,0.0,1.64,0.55,0.0,0.0,0.0,0.0,0.0,3,0,13.0,0.0,0.0,0.0,0.0,0.0,0.0,0.0,1.0,0.0,0.0,0.0,0.0,-7.0,1038.0,1751.0,0.0,0.42,0.0,0.42,0.1,0.0,0.0,0.0,0.0,0.0,0.0,0.0,0.0
600,Ibrahim,Osman,Osman,a,,,5.0,360,220,0.0,576,237,0.7,311,141,0,0,0,0,0,60,91,0.1,0.4,0.7,0.7,1.0,325,144,,,251,110,139,84,189,93,219,97,,,,,,,,0.0,0.19,0.19,0.32,0.0,0.0,3.21,0.0,9.64,3,0,0.0,0.0,0.0,0.0,0.0,0.0,0.0,0.0,0.0,0.0,0.0,0.0,0.0,0.0,62.0,92.0,0.0,0.0,0.0,0.0,0.0,0.0,0.0,0.0,0.0,0.0,0.0,0.0,0.0
605,Malick,Yalcouyé,Yalcouyé,a,,,4.5,551,282,2.5,115,35,3.7,84,38,2,0,0,0,0,57305,13320,0.8,2.4,3.7,3.7,3.7,92,40,,,50,26,112,68,41,25,48,34,,,,,,,,0.4,0.14,0.54,2.87,0.0,0.0,2.16,1.08,6.47,3,2,90.0,0.0,0.0,0.0,1.0,0.0,0.0,0.0,0.0,0.0,0.0,1.0,0.0,16.0,59500.0,13721.0,0.0,0.050000000000000044,0.09,0.14,2.49,0.0,0.0,0.0,0.0,0.0,2.0,3.0,5.0
614,Jaouen,Hadjam,Hadjam,a,,,4.5,516,134,0.0,516,179,0.0,487,186,0,0,0,0,0,166,250,0.0,0.0,0.0,0.0,0.0,487,186,,,446,179,448,180,390,169,456,179,,,,,,,,0.0,0.0,0.0,0.0,0.0,0.0,0.0,0.0,0.0,3,0,0.0,0.0,0.0,0.0,0.0,0.0,0.0,0.0,0.0,0.0,0.0,0.0,0.0,0.0,172.0,251.0,0.0,0.0,0.0,0.0,0.0,0.0,0.0,0.0,0.0,0.0,0.0,0.0,0.0
624,Amario,Cozier-Duberry,Cozier-Duberry,u,Has joined Middlesbrough on loan for the rest of the season,,5.0,336,202,0.0,652,290,0.0,590,246,0,0,0,0,0,0,22,0.0,0.0,0.0,0.0,0.0,590,246,0.0,0.0,564,232,571,238,538,212,572,235,,,,,,,,0.0,0.0,0.0,0.0,0.0,0.0,0.0,0.0,0.0,3,0,0.0,0.0,0.0,0.0,0.0,0.0,0.0,0.0,0.0,0.0,0.0,0.0,0.0,0.0,0.0,22.0,0.0,0.0,0.0,0.0,0.0,0.0,0.0,0.0,0.0,0.0,0.0,0.0,0.0
639,José María,Andrés Baixauli,Andrés,a,,,5.5,185,116,0.0,627,271,0.0,630,274,0,0,0,0,0,207,61,0.0,0.0,2.0,2.0,0.0,630,274,,,619,271,623,272,612,264,623,271,,,,,,,,0.0,0.0,0.0,0.0,0.0,0.0,0.0,0.0,0.0,3,0,0.0,0.0,0.0,0.0,0.0,0.0,0.0,0.0,0.0,0.0,0.0,0.0,0.0,0.0,211.0,62.0,0.0,0.0,0.0,0.0,0.0,0.0,0.0,0.0,0.0,0.0,0.0,0.0,0.0
652,Femi,Azeez,Azeez,i,Unspecified injury - Expected back 13 Sep,,5.5,162,98,0.0,638,279,0.0,627,271,0,0,0,0,0,68,23,0.0,0.0,0.0,0.0,0.0,627,271,0.0,0.0,613,265,617,266,606,258,618,266,,,,,,,,0.0,0.0,0.0,0.0,0.0,0.0,0.0,0.0,0.0,3,0,0.0,0.0,0.0,0.0,0.0,0.0,0.0,0.0,0.0,0.0,0.0,0.0,0.0,0.0,70.0,25.0,0.0,0.0,0.0,0.0,0.0,0.0,0.0,0.0,0.0,0.0,0.0,0.0,0.0
28,Emiliano,Martínez Romero,Martinez,a,,,5.0,243,6,4.7,78,11,1.7,203,18,3,0,0,0,0,36922,14226,0.3,1.0,1.7,1.7,2.5,161,14,,,113,12,126,1,476,57,151,8,,,,,,,,0.0,0.0,0.0,1.73,6.0,0.0,2.5,1.0,0.0,3,3,90.0,0.0,0.0,0.0,2.0,0.0,0.0,0.0,0.0,0.0,8.0,1.0,0.0,26.0,37272.0,14590.0,0.0,0.0,0.0,0.0,2.05,0.0,0.0,0.0,0.0,0.0,0.0,8.0,0.0
40,Morgan,Rogers,Rogers,a,,,7.6,16,10,26.8,8,4,6.3,30,13,6,1,-1,1,-1,266526,39002,0.8,2.5,6.3,6.3,6.3,32,14,,,9,6,2,2,31,20,5,4,4.0,,,,,,,0.41,0.4,0.81,1.65,0.0,0.0,2.45,1.05,5.95,3,6,86.0,1.0,0.0,0.0,2.0,0.0,0.0,0.0,1.0,0.0,0.0,1.0,0.0,22.0,267785.0,42390.0,0.0,0.07999999999999985,0.029999999999999805,0.10999999999999988,2.0500000000000003,0.0,0.0,0.0,0.0,0.0,0.0,5.0,5.0
101,Jordan,Henderson,Henderson,d,Wrist injury - 75% chance of playing,,5.0,238,149,0.0,533,219,0.0,551,224,0,0,0,0,0,63,204,0.0,0.0,0.0,0.0,0.0,551,224,75.0,75.0,518,206,519,214,473,179,528,211,,,,,,,,0.0,0.0,0.0,0.0,0.0,0.0,0.0,0.0,0.0,3,0,0.0,0.0,0.0,0.0,0.0,0.0,0.0,0.0,0.0,0.0,0.0,0.0,0.0,0.0,63.0,208.0,0.0,0.0,0.0,0.0,0.0,0.0,0.0,0.0,0.0,0.0,0.0,0.0,0.0
136,Danny,Welbeck,Welbeck,a,,,5.9,86,21,0.8,215,36,0.3,378,44,1,0,0,-1,1,2429,4503,0.1,0.2,0.3,0.3,1.0,352,41,100.0,100.0,623,68,627,72,617,70,627,72,,,,,,,,0.0,0.0,0.0,0.0,0.0,0.0,0.0,0.0,0.0,3,1,3.0,0.0,0.0,0.0,0.0,0.0,0.0,0.0,0.0,0.0,0.0,0.0,0.0,3.0,2468.0,4609.0,0.0,0.0,0.0,0.0,0.0,0.0,0.0,0.0,0.0,0.0,0.0,0.0,0.0
140,Robert,Lynch Sánchez,Sánchez,u,Has joined Como on loan for the rest of the season,,4.9,381,19,1.1,176,27,0.7,298,21,0,0,0,-1,1,0,19026,0.1,0.4,0.0,0.0,2.0,198,18,0.0,0.0,172,18,499,54,446,53,252,18,,,,,,,,0.0,0.01,0.01,1.33,4.0,0.0,2.0,1.0,0.0,3,0,0.0,0.0,0.0,0.0,0.0,0.0,0.0,0.0,0.0,0.0,0.0,0.0,0.0,0.0,0.0,19616.0,0.0,0.0,0.0,0.0,0.0,0.0,0.0,0.0,0.0,0.0,0.0,0.0,0.0
141,Filip,Jörgensen,Jörgensen,u,Has joined RC Strasbourg on loan for the rest of the season,,5.0,330,16,0.0,605,70,0.0,589,71,0,0,0,0,0,0,53,0.0,0.0,0.0,0.0,0.0,589,71,0.0,0.0,563,71,570,67,536,67,571,71,,,,,,,,0.0,0.0,0.0,0.0,0.0,0.0,0.0,0.0,0.0,3,0,0.0,0.0,0.0,0.0,0.0,0.0,0.0,0.0,0.0,0.0,0.0,0.0,0.0,0.0,0.0,54.0,0.0,0.0,0.0,0.0,0.0,0.0,0.0,0.0,0.0,0.0,0.0,0.0,0.0
142,Reece,James,James,a,,,5.4,201,26,7.9,54,21,0.7,316,116,1,-1,1,-1,1,13959,29349,0.1,0.4,0.7,0.7,0.7,378,133,,,161,73,135,40,84,20,141,53,1.0,1.0,,,,,,0.08,0.05,0.13,1.57,0.0,0.0,2.23,0.89,4.01,3,1,90.0,0.0,0.0,0.0,2.0,0.0,0.0,0.0,0.0,0.0,0.0,1.0,0.0,9.0,14065.0,30931.0,0.0,0.07,0.04999999999999999,0.11999999999999997,2.05,0.0,0.0,0.0,0.0,0.0,3.0,6.0,3.0
143,Trevoh,Chalobah,Chalobah,u,Has joined Como permanently,,5.5,131,14,0.1,440,157,0.0,622,212,0,0,0,0,0,0,563,0.0,0.0,0.0,0.0,0.0,622,212,0.0,0.0,606,212,609,212,594,211,611,212,,,,,,,,0.0,0.0,0.0,0.0,0.0,0.0,0.0,0.0,0.0,3,0,0.0,0.0,0.0,0.0,0.0,0.0,0.0,0.0,0.0,0.0,0.0,0.0,0.0,0.0,0.0,575.0,0.0,0.0,0.0,0.0,0.0,0.0,0.0,0.0,0.0,0.0,0.0,0.0,0.0
144,Malo,Gusto,Gusto,a,,,5.0,309,54,1.1,179,70,1.0,260,98,1,0,0,0,0,2912,4672,0.2,0.6,1.0,1.0,1.0,316,125,,,207,88,183,59,187,65,214,83,,,,,,,,0.02,0.02,0.04,1.23,0.0,0.0,2.31,0.92,4.62,3,1,30.0,0.0,0.0,0.0,0.0,0.0,0.0,0.0,0.0,0.0,0.0,0.0,0.0,4.0,2950.0,4797.0,0.0,0.04,0.010000000000000002,0.049999999999999996,0.14000000000000012,0.0,0.0,0.0,0.0,2.0,0.0,2.0,2.0
145,Wesley,Fofana,Fofana,a,,,5.0,293,50,0.1,427,150,1.0,258,97,3,0,0,0,0,2231,481,0.2,0.6,1.0,1.0,1.5,241,87,100.0,100.0,179,78,285,104,507,197,258,95,,,,,,,,0.0,0.03,0.03,1.9,0.0,0.0,2.29,1.15,14.9,3,3,90.0,0.0,0.0,0.0,2.0,0.0,0.0,0.0,0.0,0.0,0.0,1.0,0.0,16.0,2239.0,485.0,0.0,0.0,0.04,0.04,2.05,0.0,0.0,0.0,0.0,3.0,14.0,3.0,17.0
146,Benoît,Badiashile Mukinayi,B.Badiashile,u,Has joined Napoli on loan for the rest of the season,,4.5,476,112,0.0,592,201,0.0,467,178,0,0,0,0,0,0,117,0.0,0.0,0.0,0.0,0.0,467,178,0.0,0.0,425,170,422,170,359,155,435,170,,,,,,,,0.0,0.0,0.0,0.0,0.0,0.0,0.0,0.0,0.0,3,0,0.0,0.0,0.0,0.0,0.0,0.0,0.0,0.0,0.0,0.0,0.0,0.0,0.0,0.0,0.0,119.0,0.0,0.0,0.0,0.0,0.0,0.0,0.0,0.0,0.0,0.0,0.0,0.0,0.0
148,Jorrel,Hato,Hato,a,,,4.5,528,139,0.8,221,83,2.7,128,52,3,0,0,0,0,16281,3848,0.6,1.8,2.7,2.7,2.7,145,59,,,98,45,72,20,138,46,92,30,,,,,,,,0.0,0.05,0.05,1.85,0.0,0.0,2.96,1.27,6.34,3,3,59.0,0.0,1.0,0.0,2.0,0.0,0.0,0.0,0.0,0.0,0.0,1.0,0.0,5.0,16409.0,3916.0,0.0,0.0,0.020000000000000004,0.01999999999999999,1.9100000000000001,0.0,0.0,0.0,0.0,2.0,4.0,2.0,6.0
149,Levi,Samuels Colwill,Colwill,a,,,4.9,397,73,1.2,171,67,0.3,352,130,0,-1,1,-1,1,2328,7097,0.1,0.2,0.3,0.3,0.5,382,134,,,180,79,248,84,167,59,220,85,,,,,,,,0.01,0.02,0.03,1.48,0.0,0.0,2.24,1.12,7.27,3,0,0.0,0.0,0.0,0.0,0.0,0.0,0.0,0.0,0.0,0.0,0.0,0.0,0.0,0.0,2369.0,7389.0,0.0,0.0,0.0,0.0,0.0,0.0,0.0,0.0,0.0,0.0,0.0,0.0,0.0
150,Mamadou,Sarr,M.Sarr,u,Has joined Real Sociedad on loan for the rest of the season,,4.5,537,141,0.0,515,178,0.0,505,191,0,0,0,0,0,0,415,0.0,0.0,0.0,0.0,0.0,505,191,0.0,0.0,466,185,467,186,410,175,476,185,,,,,,,,0.0,0.0,0.0,0.0,0.0,0.0,0.0,0.0,0.0,3,0,0.0,0.0,0.0,0.0,0.0,0.0,0.0,0.0,0.0,0.0,0.0,0.0,0.0,0.0,0.0,424.0,0.0,0.0,0.0,0.0,0.0,0.0,0.0,0.0,0.0,0.0,0.0,0.0,0.0
151,Josh,Acheampong,Acheampong,a,,,4.5,540,143,0.4,275,101,1.7,201,76,1,0,0,0,0,1581,1336,0.4,1.1,1.7,1.7,1.7,229,85,,,96,44,237,77,223,84,187,70,,,,,,,,0.0,0.01,0.01,1.57,0.0,0.0,2.23,0.89,8.47,3,1,90.0,0.0,0.0,0.0,2.0,0.0,0.0,0.0,0.0,0.0,0.0,1.0,0.0,-3.0,1597.0,1379.0,0.0,0.0,0.01,0.01,2.05,0.0,0.0,0.0,0.0,0.0,1.0,1.0,1.0
152,Marco,Palestra,Palestra,d,Unspecified injury - 75% chance of playing,,5.4,234,33,1.2,172,68,0.0,620,211,0,0,0,-1,1,271,10505,0.0,0.0,0.0,0.0,0.0,620,211,75.0,75.0,603,211,605,211,588,210,609,211,,,,,,,,0.0,0.0,0.0,0.0,0.0,0.0,0.0,0.0,0.0,3,0,0.0,0.0,0.0,0.0,0.0,0.0,0.0,0.0,0.0,0.0,0.0,0.0,0.0,0.0,277.0,11388.0,0.0,0.0,0.0,0.0,0.0,0.0,0.0,0.0,0.0,0.0,0.0,0.0,0.0
154,Cole,Palmer,Palmer,a,,,9.6,3,2,20.8,13,6,7.0,24,10,1,0,0,1,-1,197870,34886,0.7,2.2,7.0,7.0,7.0,25,11,100.0,100.0,3,3,15,14,9,5,3,3,,3.0,1.0,,,,,0.36,0.12,0.48,1.61,0.0,0.0,2.4,1.03,6.87,3,1,90.0,0.0,0.0,0.0,2.0,0.0,0.0,0.0,1.0,0.0,0.0,1.0,0.0,11.0,201764.0,37229.0,0.0,0.1100000000000001,0.03999999999999998,0.1499999999999999,2.0500000000000003,0.0,0.0,0.0,0.0,0.0,0.0,3.0,3.0
156,Pedro,Lomba Neto,Neto,a,,,6.5,37,25,1.3,158,49,3.3,107,48,2,0,0,0,0,7648,4678,0.5,1.5,3.3,3.3,3.3,118,50,,,53,27,83,51,43,26,42,31,2.0,4.0,,,,,,0.26,0.24,0.5,1.97,0.0,0.0,2.24,1.12,8.39,3,2,80.0,0.0,0.0,0.0,2.0,0.0,0.0,0.0,0.0,0.0,0.0,1.0,0.0,10.0,7737.0,4810.0,0.0,0.02999999999999997,0.02999999999999997,0.06000000000000005,2.05,0.0,0.0,0.0,0.0,1.0,2.0,4.0,7.0
157,Estêvão,Almeida de Oliveira Gonçalves,Estêvão,a,,,6.4,52,36,0.8,216,69,0.7,331,153,1,0,0,-1,1,1236,5177,0.1,0.3,0.7,0.7,1.0,366,171,,,339,158,312,157,642,283,348,163,5.0,,3.0,,,,,0.22,0.0,0.22,0.51,0.0,0.0,0.0,0.0,5.62,3,1,9.0,0.0,0.0,0.0,0.0,0.0,0.0,0.0,0.0,0.0,0.0,0.0,0.0,5.0,1247.0,5342.0,0.0,0.04,0.0,0.04,0.0,0.0,0.0,0.0,0.0,0.0,0.0,0.0,0.0
159,Moisés,Caicedo Corozo,Caicedo,d,Unspecified injury - 75% chance of playing,,5.4,221,138,1.8,137,41,0.3,372,173,0,0,0,-1,1,778,15489,0.1,0.2,0.2,0.2,1.0,337,152,75.0,75.0,595,253,329,167,580,242,602,255,,,,,,,,0.0,0.0,0.0,0.48,0.0,0.0,0.0,0.0,0.0,3,0,0.0,0.0,0.0,0.0,0.0,0.0,0.0,0.0,0.0,0.0,0.0,0.0,0.0,0.0,791.0,16019.0,0.0,0.0,0.0,0.0,0.0,0.0,0.0,0.0,0.0,0.0,0.0,0.0,0.0
161,Roméo,Lavia,Lavia,a,,,5.0,333,199,0.2,333,120,3.0,118,49,1,0,0,0,0,2899,1223,0.6,1.8,3.0,3.0,3.0,133,54,,,48,24,114,70,15,9,28,22,,,,,,,,0.36,0.02,0.38,2.0,0.0,0.0,2.84,1.42,10.42,3,1,59.0,0.0,0.0,0.0,2.0,0.0,0.0,0.0,0.0,0.0,0.0,1.0,0.0,7.0,2991.0,1246.0,0.0,0.0,0.010000000000000002,0.010000000000000009,1.9099999999999997,0.0,0.0,0.0,0.0,1.0,2.0,3.0,6.0
163,Dário,Luís Essugo,D.Essugo,u,Has joined RC Strasbourg on loan for the rest of the season,,4.5,507,267,0.1,379,139,0.0,478,188,0,0,0,0,0,0,1849,0.0,0.0,0.0,0.0,0.0,478,188,0.0,0.0,437,166,439,175,381,133,447,171,,,,,,,,0.0,0.0,0.0,0.0,0.0,0.0,0.0,0.0,0.0,3,0,0.0,0.0,0.0,0.0,0.0,0.0,0.0,0.0,0.0,0.0,0.0,0.0,0.0,0.0,0.0,1892.0,0.0,0.0,0.0,0.0,0.0,0.0,0.0,0.0,0.0,0.0,0.0,0.0,0.0
164,Geovany,Quenda,Quenda,a,,,5.4,233,147,0.0,524,215,0.3,376,176,0,0,0,-1,1,82,210,0.1,0.2,0.3,0.3,1.0,342,156,100.0,100.0,325,147,317,161,240,116,319,146,,,,,,,,0.0,0.0,0.0,1.01,0.0,0.0,0.0,0.0,11.25,3,0,0.0,0.0,0.0,0.0,0.0,0.0,0.0,0.0,0.0,0.0,0.0,0.0,0.0,0.0,84.0,216.0,0.0,0.0,0.0,0.0,0.0,0.0,0.0,0.0,0.0,0.0,0.0,0.0,0.0
165,João Pedro,Junqueira de Jesus,João Pedro,a,,,7.7,15,5,71.9,1,1,7.0,22,3,1,0,0,2,-2,125848,34789,0.9,2.7,7.0,7.0,7.0,23,3,,,4,1,40,1,7,4,4,1,,,,,,,,0.63,0.05,0.68,1.6,0.0,0.0,2.33,1.0,2.33,3,1,90.0,0.0,0.0,0.0,2.0,0.0,0.0,0.0,1.0,0.0,0.0,1.0,0.0,8.0,128547.0,37868.0,0.0,0.019999999999999796,0.04999999999999999,0.06999999999999984,2.05,0.0,0.0,0.0,0.0,0.0,0.0,1.0,1.0
168,Marc,Guiu Paz,Marc Guiu,u,Has joined RB Leipzig permanently,,5.0,324,58,0.3,304,51,0.0,586,64,0,0,0,0,0,0,3817,0.0,0.0,0.0,0.0,0.0,586,64,0.0,0.0,560,53,567,58,533,55,568,58,,,,,,,,0.0,0.0,0.0,0.0,0.0,0.0,0.0,0.0,0.0,3,0,0.0,0.0,0.0,0.0,0.0,0.0,0.0,0.0,0.0,0.0,0.0,0.0,0.0,0.0,0.0,3899.0,0.0,0.0,0.0,0.0,0.0,0.0,0.0,0.0,0.0,0.0,0.0,0.0,0.0
169,Shumaira,Mheuka,Mheuka,a,,,4.5,534,73,0.4,268,47,0.0,502,54,0,0,0,0,0,3065,1990,0.0,0.0,0.0,0.0,0.0,502,54,,,463,43,464,48,407,45,473,48,,,,,,,,0.0,0.0,0.0,0.0,0.0,0.0,0.0,0.0,0.0,3,0,0.0,0.0,0.0,0.0,0.0,0.0,0.0,0.0,0.0,0.0,0.0,0.0,0.0,0.0,3112.0,2013.0,0.0,0.0,0.0,0.0,0.0,0.0,0.0,0.0,0.0,0.0,0.0,0.0,0.0
170,Emmanuel,Emegha,Emegha,a,,,5.0,329,59,0.2,362,55,0.0,588,65,0,0,0,0,0,1129,987,0.0,0.0,0.0,0.0,0.0,588,65,100.0,100.0,562,54,569,59,535,56,570,59,,,,,,,,0.0,0.0,0.0,0.0,0.0,0.0,0.0,0.0,0.0,3,0,0.0,0.0,0.0,0.0,0.0,0.0,0.0,0.0,0.0,0.0,0.0,0.0,0.0,0.0,1149.0,1007.0,0.0,0.0,0.0,0.0,0.0,0.0,0.0,0.0,0.0,0.0,0.0,0.0,0.0
200,Maxence,Lacroix,Lacroix,a,,,6.0,71,7,8.2,53,20,3.0,124,49,2,0,0,0,0,17500,24271,0.5,1.5,3.0,3.0,3.0,140,56,,,38,13,177,56,162,55,110,38,,,,,,,,0.01,0.07,0.08,1.6,0.0,0.0,2.33,1.0,10.67,3,2,90.0,0.0,0.0,0.0,2.0,0.0,0.0,0.0,1.0,0.0,0.0,1.0,0.0,3.0,17589.0,25269.0,0.0,0.0,0.009999999999999981,0.010000000000000009,2.05,0.0,0.0,0.0,0.0,2.0,9.0,2.0,11.0
560,Mike,Penders,Penders,a,,,4.5,526,47,0.1,477,54,0.0,496,63,0,0,0,0,0,78,247,0.0,0.0,0.0,0.0,0.0,496,63,,,456,63,458,49,400,48,466,63,,,,,,,,0.0,0.0,0.0,0.0,0.0,0.0,0.0,0.0,0.0,3,0,0.0,0.0,0.0,0.0,0.0,0.0,0.0,0.0,0.0,0.0,0.0,0.0,0.0,0.0,78.0,251.0,0.0,0.0,0.0,0.0,0.0,0.0,0.0,0.0,0.0,0.0,0.0,0.0,0.0
561,Aaron,Anselmino,Anselmino,a,,,4.5,557,148,0.0,571,194,0.0,519,195,0,0,0,0,0,88,61,0.0,0.0,0.0,0.0,0.0,519,195,100.0,100.0,481,189,481,190,426,181,490,189,,,,,,,,0.0,0.0,0.0,0.0,0.0,0.0,0.0,0.0,0.0,3,0,0.0,0.0,0.0,0.0,0.0,0.0,0.0,0.0,0.0,0.0,0.0,0.0,0.0,0.0,90.0,64.0,0.0,0.0,0.0,0.0,0.0,0.0,0.0,0.0,0.0,0.0,0.0,0.0,0.0
568,Valentín,Barco,Barco,a,,,5.5,175,109,0.1,392,146,0.3,377,177,0,0,0,0,0,265,470,0.1,0.2,0.3,0.3,1.0,349,160,,,616,268,620,269,204,98,336,156,,,,,,,,0.45,0.0,0.45,0.79,0.0,0.0,11.25,0.0,11.25,3,0,0.0,0.0,0.0,0.0,0.0,0.0,0.0,0.0,0.0,0.0,0.0,0.0,0.0,0.0,269.0,482.0,0.0,0.0,0.0,0.0,0.0,0.0,0.0,0.0,0.0,0.0,0.0,0.0,0.0
583,Pep,Chavarría,Chavarria,a,,,4.9,403,75,0.2,354,132,1.0,255,96,1,-1,1,-1,1,204,700,0.2,0.6,1.0,1.0,1.0,300,120,,,239,97,307,115,226,85,287,104,,,,,,,,0.0,0.02,0.02,0.63,0.0,0.0,1.23,0.0,7.4,3,1,30.0,0.0,0.0,0.0,0.0,0.0,0.0,0.0,0.0,0.0,0.0,0.0,0.0,2.0,204.0,728.0,0.0,0.0,0.0,0.0,0.14,0.0,0.0,0.0,0.0,1.0,1.0,1.0,2.0
91,Ethan,Pinnock,Pinnock,a,,,4.5,471,109,0.1,470,167,1.3,219,81,3,0,0,0,0,221,217,0.3,0.9,1.3,1.3,2.0,193,76,,,291,108,295,108,355,153,310,111,,,,,,,,0.1,0.0,0.1,2.35,0.0,0.0,1.76,0.88,13.24,3,3,90.0,0.0,0.0,0.0,1.0,0.0,0.0,0.0,1.0,0.0,0.0,1.0,0.0,3.0,223.0,230.0,0.0,0.11,0.0,0.11,2.12,0.0,0.0,0.0,0.0,1.0,12.0,2.0,13.0
110,Carl,Rushworth,Rushworth,a,,,4.5,499,41,1.0,194,30,1.7,200,17,2,0,0,0,0,1511,5125,0.4,1.1,1.7,1.7,1.7,228,19,,,153,17,434,43,376,42,231,17,,,,,,,,0.0,0.0,0.0,1.57,1.67,0.0,1.67,1.0,0.0,3,2,90.0,0.0,0.0,0.0,1.0,0.0,0.0,0.0,0.0,0.0,2.0,1.0,0.0,13.0,1543.0,5366.0,0.0,0.0,0.0,0.0,2.1199999999999997,0.0,0.0,0.0,0.0,0.0,1.0,9.0,0.0
171,Oliver,Dovin,Dovin,u,Has joined Leyton Orient on loan for the rest of the season,,4.0,623,68,1.3,160,24,0.0,418,42,0,0,0,0,0,0,6690,0.0,0.0,0.0,0.0,0.0,418,42,0.0,0.0,371,42,363,21,288,20,381,42,,,,,,,,0.0,0.0,0.0,0.0,0.0,0.0,0.0,0.0,0.0,3,0,0.0,0.0,0.0,0.0,0.0,0.0,0.0,0.0,0.0,0.0,0.0,0.0,0.0,0.0,0.0,6875.0,0.0,0.0,0.0,0.0,0.0,0.0,0.0,0.0,0.0,0.0,0.0,0.0,0.0
172,Ben,Wilson,Wilson,a,,,4.5,436,29,0.4,273,36,0.0,451,50,0,0,0,0,0,88,683,0.0,0.0,0.0,0.0,0.0,451,50,,,406,50,400,31,334,30,416,50,,,,,,,,0.0,0.0,0.0,0.0,0.0,0.0,0.0,0.0,0.0,3,0,0.0,0.0,0.0,0.0,0.0,0.0,0.0,0.0,0.0,0.0,0.0,0.0,0.0,0.0,92.0,711.0,0.0,0.0,0.0,0.0,0.0,0.0,0.0,0.0,0.0,0.0,0.0,0.0,0.0
173,Bobby,Thomas,Thomas,a,,,4.0,619,184,8.6,50,18,5.0,46,19,4,0,0,0,0,35923,22299,1.2,3.8,5.0,5.0,5.0,50,21,,,89,40,172,53,248,91,159,59,,,,,,,,0.08,0.07,0.15,1.46,0.0,0.35,1.4,1.05,10.86,3,4,90.0,0.0,0.0,0.0,1.0,0.0,0.0,0.0,0.0,0.0,0.0,1.0,0.0,19.0,36773.0,23050.0,0.0,0.22,0.17,0.39,2.1199999999999997,0.0,0.0,0.0,0.0,1.0,11.0,3.0,12.0
174,Liam,Kitching,Kitching,u,Has joined Sheffield United on loan for the rest of the season,,4.0,612,179,0.5,255,96,0.0,411,145,0,0,0,0,0,0,3891,0.0,0.0,0.0,0.0,0.0,411,145,0.0,0.0,364,133,356,131,280,104,374,133,,,,,,,,0.0,0.0,0.0,0.0,0.0,0.0,0.0,0.0,0.0,3,0,0.0,0.0,0.0,0.0,0.0,0.0,0.0,0.0,0.0,0.0,0.0,0.0,0.0,0.0,0.0,4027.0,0.0,0.0,0.0,0.0,0.0,0.0,0.0,0.0,0.0,0.0,0.0,0.0,0.0
175,Milan,van Ewijk,van Ewijk,a,,,4.0,617,182,11.4,37,13,2.0,169,66,3,0,0,0,0,10464,42221,0.5,1.5,2.0,2.0,2.0,186,71,,,148,66,58,13,157,52,122,43,,,,,,,,0.0,0.09,0.09,1.57,0.0,0.0,1.67,1.0,6.67,3,3,90.0,0.0,0.0,0.0,1.0,0.0,0.0,0.0,1.0,0.0,0.0,1.0,0.0,5.0,10748.0,43474.0,0.0,0.0,0.06,0.06,2.1199999999999997,0.0,0.0,0.0,0.0,3.0,8.0,4.0,11.0
176,Jay,Dasilva,Dasilva,a,,,4.0,597,167,0.7,223,84,1.7,197,73,2,0,0,0,0,659,1288,0.4,1.2,1.7,1.7,1.7,227,84,,,136,61,178,57,98,27,148,56,,,,,,,,0.06,0.05,0.11,1.61,0.0,0.0,1.7,1.02,5.45,3,2,84.0,0.0,0.0,0.0,1.0,0.0,0.0,0.0,0.0,0.0,0.0,1.0,0.0,10.0,678.0,1353.0,0.0,0.0,0.07999999999999999,0.08000000000000002,2.1199999999999997,0.0,0.0,0.0,0.0,2.0,5.0,3.0,7.0
177,Kaine,Kesler-Hayden,Kesler-Hayden,i,Hamstring injury - Unknown return date,,4.0,621,185,0.0,504,176,0.0,416,147,0,0,0,0,0,46,227,0.0,0.0,0.0,0.0,0.0,416,147,0.0,0.0,369,135,361,133,286,107,379,135,,,,,,,,0.0,0.0,0.0,0.0,0.0,0.0,0.0,0.0,0.0,3,0,0.0,0.0,0.0,0.0,0.0,0.0,0.0,0.0,0.0,0.0,0.0,0.0,0.0,0.0,48.0,232.0,0.0,0.0,0.0,0.0,0.0,0.0,0.0,0.0,0.0,0.0,0.0,0.0,0.0
178,Jake,Bidwell,Bidwell,a,,,4.0,584,161,0.1,453,161,0.0,393,137,0,0,0,0,0,239,246,0.0,0.0,0.0,0.0,0.0,393,137,,,346,125,336,121,258,92,355,124,,,,,,,,0.0,0.0,0.0,0.0,0.0,0.0,0.0,0.0,0.0,3,0,0.0,0.0,0.0,0.0,0.0,0.0,0.0,0.0,0.0,0.0,0.0,0.0,0.0,0.0,244.0,254.0,0.0,0.0,0.0,0.0,0.0,0.0,0.0,0.0,0.0,0.0,0.0,0.0,0.0
179,Joel,Latibeaudiere,Latibeaudiere,a,,,4.0,601,171,0.0,521,180,0.0,404,141,0,0,0,0,0,96,116,0.0,0.0,0.0,0.0,0.0,404,141,,,357,129,349,127,273,100,367,129,,,,,,,,0.0,0.0,0.0,0.0,0.0,0.0,0.0,0.0,0.0,3,0,0.0,0.0,0.0,0.0,0.0,0.0,0.0,0.0,0.0,0.0,0.0,0.0,0.0,0.0,101.0,119.0,0.0,0.0,0.0,0.0,0.0,0.0,0.0,0.0,0.0,0.0,0.0,0.0,0.0
180,Luke,Woolfenden,Woolfenden,i,Knee injury - Unknown return date,,4.0,606,175,0.1,387,143,0.0,407,143,0,0,0,0,0,141,675,0.0,0.0,0.0,0.0,0.0,407,143,0.0,0.0,360,131,352,129,276,102,370,131,,,,,,,,0.0,0.0,0.0,0.0,0.0,0.0,0.0,0.0,0.0,3,0,0.0,0.0,0.0,0.0,0.0,0.0,0.0,0.0,0.0,0.0,0.0,0.0,0.0,0.0,143.0,689.0,0.0,0.0,0.0,0.0,0.0,0.0,0.0,0.0,0.0,0.0,0.0,0.0,0.0
181,Miguel,Brau,Brau,u,Has joined Academico de Viseu on loan for the rest of the season,,4.0,643,204,0.0,541,188,0.0,434,162,0,0,0,0,0,0,148,0.0,0.0,0.0,0.0,0.0,434,162,0.0,0.0,388,151,380,149,307,125,398,151,,,,,,,,0.0,0.0,0.0,0.0,0.0,0.0,0.0,0.0,0.0,3,0,0.0,0.0,0.0,0.0,0.0,0.0,0.0,0.0,0.0,0.0,0.0,0.0,0.0,0.0,0.0,154.0,0.0,0.0,0.0,0.0,0.0,0.0,0.0,0.0,0.0,0.0,0.0,0.0,0.0
182,Aurèle,Amenda,Amenda,a,,,4.0,633,194,0.8,219,81,1.3,216,78,2,0,0,0,0,1170,1928,0.3,1.0,1.3,1.3,1.3,249,88,,,90,41,229,72,192,66,173,64,,,,,,,,0.01,0.13,0.14,1.57,0.0,0.0,1.67,1.0,5.33,3,2,90.0,0.0,0.0,0.0,1.0,0.0,0.0,0.0,0.0,0.0,0.0,1.0,0.0,4.0,1197.0,1979.0,0.0,0.0,0.34,0.33999999999999997,2.1199999999999997,0.0,0.0,0.0,0.0,1.0,2.0,6.0,3.0
183,Jack,Rudoni,Rudoni,a,,,5.0,308,185,0.1,408,156,2.0,182,81,2,0,0,0,0,279,537,0.4,1.2,2.0,2.0,2.0,205,88,100.0,100.0,223,92,76,49,83,46,133,68,4.0,1.0,,,,,,0.3,0.11,0.41,0.88,0.0,0.59,0.59,1.18,9.47,3,2,62.0,0.0,0.0,0.0,1.0,0.0,0.0,0.0,0.0,0.0,0.0,1.0,0.0,9.0,281.0,565.0,0.0,0.29000000000000004,0.09,0.38000000000000006,1.17,0.0,0.0,0.0,0.0,1.0,2.0,2.0,5.0
184,Matt,Grimes,Grimes,a,,,5.0,254,158,0.2,364,132,2.0,178,77,2,0,0,0,0,176,802,0.4,1.2,2.0,2.0,2.0,201,85,,,144,52,107,64,228,109,157,74,1.0,,3.0,,,,,0.02,0.02,0.04,1.57,0.0,0.0,1.67,1.0,8.33,3,2,90.0,0.0,0.0,0.0,1.0,0.0,0.0,0.0,0.0,0.0,0.0,1.0,0.0,8.0,179.0,844.0,0.0,0.04,0.0,0.04000000000000001,2.1199999999999997,0.0,0.0,0.0,0.0,5.0,3.0,0.0,8.0
185,Tatsuhiro,Sakamoto,Sakamoto,a,,,4.9,404,243,0.1,458,182,0.3,354,160,0,0,0,-1,1,104,357,0.1,0.2,0.3,0.3,1.0,301,126,,,259,116,202,111,168,80,261,117,,,,,,,,0.06,0.06,0.12,2.0,0.0,0.0,2.9,0.0,11.61,3,0,0.0,0.0,0.0,0.0,0.0,0.0,0.0,0.0,0.0,0.0,0.0,0.0,0.0,0.0,108.0,368.0,0.0,0.0,0.0,0.0,0.0,0.0,0.0,0.0,0.0,0.0,0.0,0.0,0.0
186,Ephron,Mason-Clark,Mason-Clark,a,,,5.4,204,128,0.1,426,169,1.0,266,119,2,0,0,-1,1,68,312,0.2,0.6,1.0,1.0,1.5,245,110,100.0,100.0,284,131,143,85,570,236,259,116,,,,,,,,0.0,0.04,0.04,0.84,0.0,0.0,0.71,1.42,6.38,3,2,70.0,0.0,0.0,0.0,1.0,0.0,0.0,0.0,0.0,0.0,0.0,1.0,0.0,4.0,70.0,335.0,0.0,0.0,0.0,0.0,1.17,0.0,0.0,0.0,0.0,0.0,2.0,3.0,5.0
187,Josh,Eccles,Eccles,a,,,4.9,393,238,0.0,584,243,0.0,541,217,0,0,0,-1,1,37,87,0.0,0.0,0.0,0.0,0.0,541,217,,,505,197,506,205,455,166,515,202,,,,,,,,0.0,0.0,0.0,0.0,0.0,0.0,0.0,0.0,0.0,3,0,0.0,0.0,0.0,0.0,0.0,0.0,0.0,0.0,0.0,0.0,0.0,0.0,0.0,0.0,37.0,88.0,0.0,0.0,0.0,0.0,0.0,0.0,0.0,0.0,0.0,0.0,0.0,0.0,0.0
188,Victor,Torp,Torp,a,,,5.4,202,126,0.1,399,151,0.7,317,145,0,0,0,-1,1,23,473,0.1,0.4,0.7,0.7,1.0,331,149,,,255,113,128,77,569,235,229,102,2.0,2.0,2.0,,,,,0.0,0.23,0.23,1.93,0.0,0.0,1.91,0.0,5.74,3,0,0.0,0.0,0.0,0.0,0.0,0.0,0.0,0.0,0.0,0.0,0.0,0.0,0.0,0.0,24.0,489.0,0.0,0.0,0.0,0.0,0.0,0.0,0.0,0.0,0.0,0.0,0.0,0.0,0.0
190,Loum,Tchaouna,Tchaouna,a,,,5.5,161,97,0.1,405,154,1.3,231,105,1,0,0,0,0,58,429,0.2,0.7,1.3,1.3,1.3,256,115,,,240,100,108,65,159,78,190,85,5.0,,,,,,,0.1,0.1,0.2,1.48,0.0,0.0,1.63,1.08,8.13,3,1,27.0,0.0,0.0,0.0,0.0,0.0,0.0,0.0,0.0,0.0,0.0,0.0,0.0,9.0,59.0,463.0,0.0,0.1,0.03,0.13,0.95,0.0,0.0,0.0,0.0,0.0,0.0,1.0,1.0
191,Raphael,Borges Rodrigues,Borges Rodrigues,u,Has joined Burton Albion on loan for the rest of the season,,4.5,509,269,0.1,396,149,0.0,480,190,0,0,0,0,0,0,1313,0.0,0.0,0.0,0.0,0.0,480,190,0.0,0.0,439,168,441,177,383,135,449,173,,,,,,,,0.0,0.0,0.0,0.0,0.0,0.0,0.0,0.0,0.0,3,0,0.0,0.0,0.0,0.0,0.0,0.0,0.0,0.0,0.0,0.0,0.0,0.0,0.0,0.0,0.0,1334.0,0.0,0.0,0.0,0.0,0.0,0.0,0.0,0.0,0.0,0.0,0.0,0.0,0.0
192,Kai,Andrews,Andrews,u,Has joined Oxford United on loan for the rest of the season,,4.5,559,287,0.4,270,90,0.0,521,205,0,0,0,0,0,0,2773,0.0,0.0,0.0,0.0,0.0,521,205,0.0,0.0,483,184,483,192,428,150,492,188,,,,,,,,0.0,0.0,0.0,0.0,0.0,0.0,0.0,0.0,0.0,3,0,0.0,0.0,0.0,0.0,0.0,0.0,0.0,0.0,0.0,0.0,0.0,0.0,0.0,0.0,0.0,2858.0,0.0,0.0,0.0,0.0,0.0,0.0,0.0,0.0,0.0,0.0,0.0,0.0,0.0
193,Haji,Wright,Wright,i,Thigh injury - Unknown return date,,5.4,193,46,0.1,428,61,0.0,608,71,0,0,0,-1,1,63,685,0.0,0.0,0.0,0.0,0.0,608,71,0.0,0.0,583,60,590,65,563,62,591,65,,,1.0,,,,,0.0,0.0,0.0,0.0,0.0,0.0,0.0,0.0,0.0,3,0,0.0,0.0,0.0,0.0,0.0,0.0,0.0,0.0,0.0,0.0,0.0,0.0,0.0,0.0,65.0,700.0,0.0,0.0,0.0,0.0,0.0,0.0,0.0,0.0,0.0,0.0,0.0,0.0,0.0
194,Brandon,Thomas-Asante,Thomas-Asante,a,,,5.0,282,54,0.8,213,34,1.3,225,21,1,0,0,0,0,3960,3911,0.3,0.8,1.3,1.3,1.3,253,29,,,263,24,228,32,233,36,293,35,,,4.0,,,,,0.0,0.02,0.02,2.43,0.0,0.0,3.0,0.75,8.25,3,1,19.0,0.0,0.0,0.0,0.0,0.0,0.0,0.0,0.0,0.0,0.0,0.0,0.0,6.0,4052.0,4011.0,0.0,0.0,0.0,0.0,0.9500000000000002,0.0,0.0,0.0,0.0,0.0,1.0,2.0,3.0
195,Ellis,Simms,Simms,a,,,5.0,273,52,0.8,207,32,1.0,257,29,1,0,0,0,0,1918,4333,0.2,0.6,1.0,1.0,1.5,240,27,,,305,32,166,16,231,35,271,32,,,,,,,,0.31,0.01,0.32,2.61,0.0,0.0,3.07,1.02,3.07,3,1,19.0,0.0,0.0,0.0,0.0,0.0,0.0,0.0,0.0,0.0,0.0,0.0,0.0,3.0,1962.0,4502.0,0.0,0.3,0.0,0.3,0.9499999999999997,0.0,0.0,0.0,0.0,0.0,0.0,0.0,0.0
196,Jahnoah,Markelo,Markelo,u,Has joined Shabab Al-Ahli Dubai permanently,,5.0,349,61,0.0,610,76,0.0,597,66,0,0,0,0,0,0,49,0.0,0.0,0.0,0.0,0.0,597,66,0.0,0.0,572,55,579,60,547,57,580,60,,,,,,,,0.0,0.0,0.0,0.0,0.0,0.0,0.0,0.0,0.0,3,0,0.0,0.0,0.0,0.0,0.0,0.0,0.0,0.0,0.0,0.0,0.0,0.0,0.0,0.0,0.0,51.0,0.0,0.0,0.0,0.0,0.0,0.0,0.0,0.0,0.0,0.0,0.0,0.0,0.0
197,Norman,Bassette,Bassette,u,Has joined KVC Westerlo on loan for the rest of the season,,4.5,525,70,0.0,540,72,0.0,495,52,0,0,0,0,0,0,167,0.0,0.0,0.0,0.0,0.0,495,52,0.0,0.0,455,40,457,46,399,42,465,45,,,,,,,,0.0,0.0,0.0,0.0,0.0,0.0,0.0,0.0,0.0,3,0,0.0,0.0,0.0,0.0,0.0,0.0,0.0,0.0,0.0,0.0,0.0,0.0,0.0,0.0,0.0,168.0,0.0,0.0,0.0,0.0,0.0,0.0,0.0,0.0,0.0,0.0,0.0,0.0,0.0
492,Taiwo,Awoniyi,Awoniyi,a,,,5.5,141,36,0.7,232,39,1.7,212,19,2,0,0,0,0,2165,2845,0.3,0.9,1.7,1.7,1.7,237,26,,,234,20,104,9,16,7,69,11,,,5.0,,,,,0.62,0.02,0.64,1.09,0.0,0.0,1.0,1.0,4.5,3,2,70.0,0.0,0.0,0.0,1.0,0.0,0.0,0.0,0.0,0.0,0.0,1.0,0.0,6.0,2192.0,3004.0,0.0,0.30999999999999994,0.0,0.31000000000000005,1.1700000000000002,0.0,0.0,0.0,0.0,0.0,2.0,3.0,5.0
575,Caleb,Yirenkyi,Yirenkyi,a,,,4.9,419,255,0.2,344,125,1.7,202,92,1,-1,1,-1,1,134,1101,0.3,1.0,1.7,1.7,1.7,230,101,,,235,98,131,80,170,82,213,95,,,,,,,,0.02,0.07,0.09,1.44,0.0,0.57,1.71,1.14,9.11,3,1,27.0,0.0,0.0,0.0,0.0,0.0,0.0,0.0,0.0,0.0,0.0,0.0,0.0,4.0,138.0,1144.0,0.0,0.0,0.0,0.0,0.9499999999999997,0.0,0.0,0.0,0.0,0.0,2.0,4.0,6.0
584,Gustavo,Hamer,Hamer,a,,,5.4,196,122,0.1,412,160,1.0,264,117,1,-1,1,-1,1,57,405,0.2,0.6,1.0,1.0,1.0,329,147,,,330,151,256,134,566,232,330,153,3.0,,,,,,,0.0,0.06,0.06,2.31,0.0,0.0,2.81,0.0,8.44,3,1,5.0,0.0,0.0,0.0,0.0,0.0,0.0,0.0,0.0,0.0,0.0,0.0,0.0,1.0,57.0,422.0,0.0,0.0,0.0,0.0,0.0,0.0,0.0,0.0,0.0,1.0,0.0,1.0,2.0
599,Sidiki,Cherif,Cherif,a,,,5.0,364,63,0.1,424,60,0.0,602,68,0,0,0,0,0,451,538,0.0,0.0,0.0,0.0,0.0,602,68,,,577,57,584,62,555,59,585,62,,,,,,,,0.0,0.0,0.0,0.0,0.0,0.0,0.0,0.0,0.0,3,0,0.0,0.0,0.0,0.0,0.0,0.0,0.0,0.0,0.0,0.0,0.0,0.0,0.0,0.0,465.0,552.0,0.0,0.0,0.0,0.0,0.0,0.0,0.0,0.0,0.0,0.0,0.0,0.0,0.0
623,Dan,Bentley,Bentley,a,,,4.0,583,54,0.3,296,38,0.0,392,28,0,0,0,0,0,8674,1095,0.0,0.0,0.0,0.0,0.0,392,28,,,345,28,335,7,257,6,354,28,,,,,,,,0.0,0.0,0.0,0.0,0.0,0.0,0.0,0.0,0.0,3,0,0.0,0.0,0.0,0.0,0.0,0.0,0.0,0.0,0.0,0.0,0.0,0.0,0.0,0.0,10290.0,1220.0,0.0,0.0,0.0,0.0,0.0,0.0,0.0,0.0,0.0,0.0,0.0,0.0,0.0
42,Evann,Guessand,Guessand,a,,,5.5,167,102,0.0,503,205,0.7,322,147,0,0,0,0,0,380,357,0.1,0.4,0.7,0.7,1.0,347,158,,,266,119,247,129,180,89,277,124,,,,,,,,0.05,0.05,0.1,0.57,0.0,0.0,1.67,0.0,3.33,3,0,0.0,0.0,0.0,0.0,0.0,0.0,0.0,0.0,0.0,0.0,0.0,0.0,0.0,0.0,382.0,361.0,0.0,0.0,0.0,0.0,0.0,0.0,0.0,0.0,0.0,0.0,0.0,0.0,0.0
153,Axel,Disasi,Disasi,a,,,4.5,462,102,0.1,447,160,1.3,218,80,3,0,0,0,0,1399,512,0.3,0.9,1.3,1.3,2.0,192,75,,,321,119,415,167,351,151,341,122,,,,,,,,0.0,0.03,0.03,2.84,0.0,0.0,2.55,0.85,11.89,3,3,90.0,0.0,0.0,0.0,2.0,0.0,0.0,0.0,0.0,0.0,0.0,1.0,0.0,14.0,1419.0,515.0,0.0,0.0,0.04,0.04,3.1399999999999997,0.0,0.0,0.0,0.0,4.0,9.0,8.0,13.0
198,Dean,Henderson,Henderson,a,,,5.0,257,8,1.9,131,19,1.7,204,19,2,0,0,0,0,7532,4704,0.3,1.0,1.7,1.7,1.7,231,20,100.0,100.0,34,6,530,59,488,59,149,6,,,,,,,,0.0,0.0,0.0,2.16,4.0,0.0,2.67,1.0,0.0,3,2,90.0,0.0,0.0,0.0,2.0,0.0,0.0,0.0,0.0,0.0,5.0,1.0,0.0,19.0,7649.0,4781.0,0.0,0.0,0.0,0.0,3.1399999999999997,0.0,0.0,0.0,0.0,0.0,1.0,7.0,0.0
199,Walter,Benítez,Benitez,a,,,4.5,437,30,0.1,416,47,0.0,452,51,0,0,0,0,0,195,312,0.0,0.0,0.0,0.0,0.0,452,51,,,407,51,401,32,335,31,417,51,,,,,,,,0.0,0.0,0.0,0.0,0.0,0.0,0.0,0.0,0.0,3,0,0.0,0.0,0.0,0.0,0.0,0.0,0.0,0.0,0.0,0.0,0.0,0.0,0.0,0.0,198.0,319.0,0.0,0.0,0.0,0.0,0.0,0.0,0.0,0.0,0.0,0.0,0.0,0.0,0.0
202,Chris,Richards,Richards,a,,,5.0,289,48,0.7,233,86,1.3,226,85,1,0,0,0,0,2250,2493,0.3,0.8,1.3,1.3,1.3,254,91,,,36,12,290,107,102,29,111,39,,,,,,,,0.03,0.0,0.03,2.16,0.0,0.0,2.67,1.0,10.33,3,1,90.0,0.0,0.0,0.0,2.0,0.0,0.0,0.0,0.0,0.0,0.0,1.0,0.0,8.0,2308.0,2561.0,0.0,0.04,0.0,0.04,3.1399999999999997,0.0,0.0,0.0,0.0,1.0,8.0,4.0,9.0
203,Jaydee,Canvot,Canvot,a,,,4.9,418,78,0.3,316,115,0.7,304,112,1,0,0,-1,1,752,1239,0.1,0.4,0.7,0.7,0.7,376,132,,,54,17,201,65,194,68,143,54,,,,,,,,0.02,0.0,0.02,2.16,0.0,0.0,2.67,1.0,8.0,3,1,90.0,0.0,0.0,0.0,2.0,0.0,0.0,0.0,0.0,0.0,0.0,1.0,0.0,4.0,779.0,1282.0,0.0,0.0,0.0,0.0,3.1399999999999997,0.0,0.0,0.0,0.0,2.0,7.0,2.0,9.0
204,Tyrick,Mitchell,Mitchell,a,,,4.5,480,115,5.2,69,28,5.3,40,17,15,0,0,0,0,62984,9911,1.2,3.6,5.3,5.3,5.3,45,19,,,163,75,61,15,152,50,127,46,,,,,,,,0.27,0.06,0.33,2.1,0.0,0.0,2.85,1.07,5.69,3,15,73.0,2.0,0.0,0.0,2.0,0.0,0.0,0.0,0.0,0.0,0.0,1.0,2.0,31.0,63061.0,10478.0,0.0,0.66,0.009999999999999981,0.6699999999999999,2.5700000000000003,0.0,0.0,0.0,0.0,2.0,4.0,2.0,6.0
205,Borna,Sosa,Sosa,u,Has joined FC Cologne on loan for the rest of the season,,4.5,461,101,0.0,563,193,0.0,461,175,0,0,0,0,0,0,309,0.0,0.0,0.0,0.0,0.0,461,175,0.0,0.0,419,167,414,166,350,150,429,167,,,,,,,,0.0,0.0,0.0,0.0,0.0,0.0,0.0,0.0,0.0,3,0,0.0,0.0,0.0,0.0,0.0,0.0,0.0,0.0,0.0,0.0,0.0,0.0,0.0,0.0,0.0,316.0,0.0,0.0,0.0,0.0,0.0,0.0,0.0,0.0,0.0,0.0,0.0,0.0,0.0
206,Chadi,Riad Dnanou,Chadi Riad,i,Knee injury - Unknown return date,,4.4,574,157,0.0,545,190,0.3,339,122,0,0,0,-1,1,16,259,0.1,0.2,0.0,0.0,1.0,274,103,0.0,0.0,220,90,269,95,322,139,280,101,,,,,,,,0.0,0.01,0.01,1.22,0.0,0.0,2.5,1.25,8.75,3,0,0.0,0.0,0.0,0.0,0.0,0.0,0.0,0.0,0.0,0.0,0.0,0.0,0.0,0.0,17.0,267.0,0.0,0.0,0.0,0.0,0.0,0.0,0.0,0.0,0.0,0.0,0.0,0.0,0.0
207,Oscar,Mingueza,Mingueza,a,,,4.4,572,155,0.1,473,168,0.7,288,103,1,0,0,-1,1,224,314,0.2,0.5,0.7,0.7,1.0,273,102,,,306,115,325,120,320,137,331,118,,,,,,,,0.0,0.0,0.0,1.86,0.0,0.0,5.62,0.0,11.25,3,1,1.0,0.0,0.0,0.0,0.0,0.0,0.0,0.0,0.0,0.0,0.0,0.0,0.0,4.0,229.0,321.0,0.0,0.0,0.0,0.0,0.13,0.0,0.0,0.0,0.0,1.0,0.0,1.0,1.0
208,Ismaïla,Sarr,Sarr,i,Groin injury - Unknown return date,,6.3,54,38,1.0,197,61,0.0,645,285,0,0,0,-2,2,71,12268,0.0,0.0,0.0,0.0,0.0,645,285,0.0,0.0,643,284,643,284,639,280,643,284,,,2.0,,,,,0.0,0.0,0.0,0.0,0.0,0.0,0.0,0.0,0.0,3,0,0.0,0.0,0.0,0.0,0.0,0.0,0.0,0.0,0.0,0.0,0.0,0.0,0.0,0.0,76.0,13198.0,0.0,0.0,0.0,0.0,0.0,0.0,0.0,0.0,0.0,0.0,0.0,0.0,0.0
210,Adam,Wharton,Wharton,a,,,5.5,170,104,0.9,205,64,2.7,137,58,2,0,0,0,0,3048,3105,0.5,1.5,2.7,2.7,2.7,152,63,100.0,100.0,126,47,24,21,608,260,81,46,2.0,,,,,,,0.0,0.11,0.11,2.16,0.0,0.0,2.67,1.0,9.67,3,2,90.0,0.0,0.0,0.0,2.0,0.0,0.0,0.0,0.0,0.0,0.0,1.0,0.0,10.0,3092.0,3178.0,0.0,0.0,0.010000000000000009,0.010000000000000009,3.1399999999999997,0.0,0.0,0.0,0.0,1.0,7.0,0.0,8.0
211,Yéremy,Pino Santos,Yeremy,a,,,5.5,168,103,0.3,306,106,3.7,90,42,5,0,0,0,0,6689,1315,0.7,2.0,3.7,3.7,3.7,98,44,,,219,89,49,39,117,60,125,63,1.0,1.0,,,,,,0.17,0.18,0.35,2.51,0.0,0.0,2.37,0.95,9.47,3,5,88.0,0.0,1.0,0.0,2.0,0.0,0.0,0.0,0.0,0.0,0.0,1.0,0.0,25.0,6711.0,1336.0,0.0,0.25,0.30000000000000004,0.55,3.0100000000000002,0.0,0.0,0.0,0.0,1.0,1.0,3.0,5.0
212,Will,Hughes,Hughes,a,,,4.5,434,258,9.2,46,18,0.3,342,156,1,0,0,0,0,9201,31172,0.1,0.2,0.3,0.3,1.0,277,119,,,404,159,398,168,332,125,414,164,4.0,,,,,,,0.0,0.0,0.0,3.21,0.0,0.0,0.0,0.0,16.88,3,1,16.0,0.0,0.0,0.0,0.0,0.0,0.0,0.0,0.0,0.0,0.0,0.0,0.0,3.0,9426.0,32160.0,0.0,0.0,0.0,0.0,0.57,0.0,0.0,0.0,0.0,0.0,2.0,1.0,3.0
213,Jefferson,Lerma Solís,Lerma,a,,,4.9,375,226,0.1,439,172,0.0,534,211,0,0,0,-1,1,117,352,0.0,0.0,0.0,0.0,0.0,534,211,,,496,190,497,198,442,156,505,194,,,,,,,,0.0,0.0,0.0,0.0,0.0,0.0,0.0,0.0,0.0,3,0,0.0,0.0,0.0,0.0,0.0,0.0,0.0,0.0,0.0,0.0,0.0,0.0,0.0,0.0,123.0,367.0,0.0,0.0,0.0,0.0,0.0,0.0,0.0,0.0,0.0,0.0,0.0,0.0,0.0
214,Daichi,Kamada,Kamada,a,,,5.0,268,167,0.3,298,103,3.3,98,46,5,0,0,0,0,3819,1343,0.7,2.0,3.3,3.3,3.3,109,48,,,104,38,74,48,171,83,106,54,3.0,,,,,,,0.02,0.1,0.12,2.13,0.0,0.0,2.69,1.01,9.07,3,5,88.0,0.0,1.0,0.0,2.0,0.0,0.0,0.0,0.0,0.0,0.0,1.0,0.0,21.0,3840.0,1380.0,0.0,0.0,0.010000000000000009,0.009999999999999953,3.01,0.0,0.0,0.0,0.0,0.0,0.0,4.0,4.0
215,Justin,Devenny,Devenny,u,Has joined Stoke City permanently,,5.0,314,187,0.0,614,263,0.0,580,241,0,0,0,0,0,0,133,0.0,0.0,0.0,0.0,0.0,580,241,0.0,0.0,553,226,559,232,523,204,561,229,,2.0,3.0,,,,,0.0,0.0,0.0,0.0,0.0,0.0,0.0,0.0,0.0,3,0,0.0,0.0,0.0,0.0,0.0,0.0,0.0,0.0,0.0,0.0,0.0,0.0,0.0,0.0,0.0,134.0,0.0,0.0,0.0,0.0,0.0,0.0,0.0,0.0,0.0,0.0,0.0,0.0,0.0
216,Romain,Esse,Esse,u,Has joined Millwall on loan for the rest of the season,,5.0,356,217,0.0,552,226,0.0,599,254,0,0,0,0,0,0,449,0.0,0.0,0.0,0.0,0.0,599,254,0.0,0.0,574,241,581,247,551,224,582,244,,,,,,,,0.0,0.0,0.0,0.0,0.0,0.0,0.0,0.0,0.0,3,0,0.0,0.0,0.0,0.0,0.0,0.0,0.0,0.0,0.0,0.0,0.0,0.0,0.0,0.0,0.0,457.0,0.0,0.0,0.0,0.0,0.0,0.0,0.0,0.0,0.0,0.0,0.0,0.0,0.0
217,Matheus,França de Oliveira,M.França,a,,,4.9,409,247,0.0,558,230,0.0,548,221,0,0,0,-1,1,29,250,0.0,0.0,0.0,0.0,0.0,548,221,,,513,201,514,209,463,170,523,206,,,,,,,,0.0,0.0,0.0,0.0,0.0,0.0,0.0,0.0,0.0,3,0,0.0,0.0,0.0,0.0,0.0,0.0,0.0,0.0,0.0,0.0,0.0,0.0,0.0,0.0,29.0,260.0,0.0,0.0,0.0,0.0,0.0,0.0,0.0,0.0,0.0,0.0,0.0,0.0,0.0
218,Cheick,Doucouré,Doucouré,a,,,4.9,392,237,0.1,485,194,0.0,540,216,0,0,0,-1,1,191,306,0.0,0.0,0.0,0.0,0.0,540,216,,,504,196,505,204,454,165,514,201,,,,,,,,0.0,0.0,0.0,0.0,0.0,0.0,0.0,0.0,0.0,3,0,0.0,0.0,0.0,0.0,0.0,0.0,0.0,0.0,0.0,0.0,0.0,0.0,0.0,0.0,198.0,310.0,0.0,0.0,0.0,0.0,0.0,0.0,0.0,0.0,0.0,0.0,0.0,0.0,0.0
219,Jesurun,Rak-Sakyi,J.Rak-Sakyi,a,,,5.0,297,180,0.0,626,270,0.0,572,237,0,0,0,0,0,23,28,0.0,0.0,0.0,0.0,0.0,572,237,,,545,222,549,228,511,199,553,225,,,,,,,,0.0,0.0,0.0,0.0,0.0,0.0,0.0,0.0,0.0,3,0,0.0,0.0,0.0,0.0,0.0,0.0,0.0,0.0,0.0,0.0,0.0,0.0,0.0,0.0,23.0,28.0,0.0,0.0,0.0,0.0,0.0,0.0,0.0,0.0,0.0,0.0,0.0,0.0,0.0
220,Rio,Cardines,Cardines,u,Has joined Bristol City on loan for the rest of the season,,4.5,542,144,0.0,648,214,0.0,507,192,0,0,0,0,0,0,7,0.0,0.0,0.0,0.0,0.0,507,192,0.0,0.0,468,186,469,187,413,177,478,186,,,,,,,,0.0,0.0,0.0,0.0,0.0,0.0,0.0,0.0,0.0,3,0,0.0,0.0,0.0,0.0,0.0,0.0,0.0,0.0,0.0,0.0,0.0,0.0,0.0,0.0,0.0,7.0,0.0,0.0,0.0,0.0,0.0,0.0,0.0,0.0,0.0,0.0,0.0,0.0,0.0
221,Joél,Drakes-Thomas,Drakes-Thomas,a,,,4.5,564,289,0.1,456,181,0.0,526,207,0,0,0,0,0,365,328,0.0,0.0,0.0,0.0,0.0,526,207,,,488,186,488,194,433,152,497,190,,,,,,,,0.0,0.0,0.0,0.0,0.0,0.0,0.0,0.0,0.0,3,0,0.0,0.0,0.0,0.0,0.0,0.0,0.0,0.0,0.0,0.0,0.0,0.0,0.0,0.0,371.0,334.0,0.0,0.0,0.0,0.0,0.0,0.0,0.0,0.0,0.0,0.0,0.0,0.0,0.0
222,Jørgen,Strand Larsen,Strand Larsen,a,,,6.0,69,15,0.5,253,42,1.3,236,25,1,0,0,0,0,2362,2410,0.2,0.7,1.3,1.3,1.3,259,31,,,260,22,219,30,88,19,215,24,,,,,,,,0.2,0.01,0.21,2.48,0.0,0.0,2.01,0.67,5.37,3,1,45.0,0.0,0.0,0.0,0.0,0.0,0.0,0.0,0.0,0.0,0.0,0.0,0.0,4.0,2408.0,2469.0,0.0,0.0,0.0,0.0,1.54,0.0,0.0,0.0,0.0,0.0,1.0,3.0,4.0
223,Jean-Philippe,Mateta,Mateta,i,Hamstring injury - Expected back 11 Oct,,6.4,48,12,2.1,122,18,0.7,329,41,0,0,0,-1,1,133,25596,0.1,0.3,0.0,0.0,2.0,220,23,0.0,0.0,319,35,167,17,144,27,237,27,,,1.0,,,,,1.02,0.03,1.05,1.42,0.0,0.0,2.9,1.45,7.26,3,0,0.0,0.0,0.0,0.0,0.0,0.0,0.0,0.0,0.0,0.0,0.0,0.0,0.0,0.0,137.0,26960.0,0.0,0.0,0.0,0.0,0.0,0.0,0.0,0.0,0.0,0.0,0.0,0.0,0.0
224,Eddie,Nketiah,Nketiah,a,,,5.5,138,35,0.6,239,40,2.3,161,14,4,0,0,0,0,8606,2208,0.4,1.3,2.3,2.3,2.3,178,19,,,216,19,62,3,63,14,103,14,,,,,,,,0.59,0.31,0.9,2.4,0.0,0.0,3.77,1.62,5.93,3,4,45.0,0.0,1.0,0.0,2.0,0.0,0.0,0.0,0.0,0.0,0.0,1.0,0.0,16.0,8672.0,2260.0,0.0,0.14000000000000012,0.0,0.1399999999999999,1.6,0.0,0.0,0.0,0.0,1.0,0.0,1.0,2.0
225,Christantus,Uche,Uche,u,has returned to Getafe CF,,5.0,368,65,0.0,654,78,0.0,605,70,0,0,0,0,0,0,0,0.0,0.0,0.0,0.0,0.0,605,70,0.0,0.0,580,59,587,64,558,61,588,64,,,,,,,,0.0,0.0,0.0,0.0,0.0,0.0,0.0,0.0,0.0,3,0,0.0,0.0,0.0,0.0,0.0,0.0,0.0,0.0,0.0,0.0,0.0,0.0,0.0,0.0,0.0,0.0,0.0,0.0,0.0,0.0,0.0,0.0,0.0,0.0,0.0,0.0,0.0,0.0,0.0
241,Dwight,McNeil,McNeil,a,,,5.4,210,132,0.1,380,140,1.0,267,120,0,-1,1,-1,1,156,590,0.2,0.6,1.0,1.0,1.5,246,111,,,233,97,209,115,237,113,273,121,,,,,,,,0.05,0.02,0.07,1.26,0.0,0.0,3.21,1.07,7.5,3,0,0.0,0.0,0.0,0.0,0.0,0.0,0.0,0.0,0.0,0.0,0.0,0.0,0.0,0.0,162.0,605.0,0.0,0.0,0.0,0.0,0.0,0.0,0.0,0.0,0.0,0.0,0.0,0.0,0.0
555,Remi,Matthews,Matthews,a,,,4.0,596,61,1.8,136,20,0.0,402,35,0,0,0,0,0,1613,2446,0.0,0.0,0.0,0.0,0.0,402,35,,,355,35,347,14,269,13,365,35,,,,,,,,0.0,0.0,0.0,0.0,0.0,0.0,0.0,0.0,0.0,3,0,0.0,0.0,0.0,0.0,0.0,0.0,0.0,0.0,0.0,0.0,0.0,0.0,0.0,0.0,1700.0,2502.0,0.0,0.0,0.0,0.0,0.0,0.0,0.0,0.0,0.0,0.0,0.0,0.0,0.0
577,Takehiro,Tomiyasu,Tomiyasu,a,,,4.5,466,105,0.3,293,108,0.7,291,105,0,0,0,0,0,190,979,0.2,0.4,0.7,0.7,1.0,281,108,,,206,87,221,70,218,80,251,93,,,,,,,,0.0,0.01,0.01,2.13,0.0,0.0,2.97,0.99,8.9,3,0,0.0,0.0,0.0,0.0,0.0,0.0,0.0,0.0,0.0,0.0,0.0,0.0,0.0,0.0,194.0,1005.0,0.0,0.0,0.0,0.0,0.0,0.0,0.0,0.0,0.0,0.0,0.0,0.0,0.0
588,Anan,Khalaili,Khalaili,a,,,5.0,351,61,0.2,365,137,2.0,185,70,3,0,0,0,0,2163,647,0.4,1.2,2.0,2.0,2.0,208,80,,,52,16,89,27,173,60,85,26,,,,,,,,0.33,0.08,0.41,2.45,0.0,0.0,2.26,0.9,14.92,3,3,90.0,0.0,0.0,0.0,2.0,0.0,0.0,0.0,0.0,0.0,0.0,1.0,0.0,6.0,2229.0,662.0,0.0,0.72,0.010000000000000009,0.73,3.14,0.0,0.0,0.0,0.0,3.0,7.0,3.0,10.0
595,Zavier,Gozo,Gozo,a,,,5.0,350,213,0.0,587,245,0.3,365,169,0,0,0,0,0,32,64,0.1,0.2,0.3,0.3,1.0,323,142,,,318,144,275,141,548,221,328,151,,,,,,,,0.0,0.0,0.0,0.82,0.0,0.0,4.09,0.0,4.09,3,0,0.0,0.0,0.0,0.0,0.0,0.0,0.0,0.0,0.0,0.0,0.0,0.0,0.0,0.0,33.0,66.0,0.0,0.0,0.0,0.0,0.0,0.0,0.0,0.0,0.0,0.0,0.0,0.0,0.0
633,Honest,Ahanor,Ahanor,a,,,4.5,550,145,0.0,631,209,0.0,515,193,0,0,0,0,0,120,34,0.0,0.0,1.8,1.8,0.0,515,193,,,476,187,477,188,421,178,486,187,,,,,,,,0.0,0.0,0.0,0.0,0.0,0.0,0.0,0.0,0.0,3,0,0.0,0.0,0.0,0.0,0.0,0.0,0.0,0.0,0.0,0.0,0.0,0.0,0.0,0.0,123.0,34.0,0.0,0.0,0.0,0.0,0.0,0.0,0.0,0.0,0.0,0.0,0.0,0.0,0.0
643,Ben,Chilwell,Chilwell,a,,,4.5,449,92,0.2,343,127,7.0,17,8,7,0,0,0,0,9652,931,1.6,1.6,1.8,1.8,7.0,18,8,,,414,165,409,164,343,146,424,165,,,,,,,,0.84,0.0,0.84,3.21,0.0,0.0,0.0,0.0,0.0,3,7,16.0,1.0,0.0,0.0,0.0,0.0,0.0,0.0,0.0,0.0,0.0,0.0,0.0,20.0,9658.0,931.0,0.0,0.15,0.0,0.15,0.57,0.0,0.0,0.0,0.0,0.0,0.0,0.0,0.0
644,Quinten,Timber,Timber,a,,,5.0,296,179,0.0,588,246,2.0,181,80,2,0,0,0,0,645,130,0.4,0.4,1.5,1.5,2.0,204,87,,,544,221,548,227,510,198,552,224,,,,,,,,0.02,0.0,0.02,3.17,0.0,0.0,2.47,1.23,7.4,3,2,73.0,0.0,0.0,0.0,2.0,0.0,0.0,0.0,0.0,0.0,0.0,1.0,0.0,8.0,657.0,136.0,0.0,0.02,0.0,0.02,2.57,0.0,0.0,0.0,0.0,1.0,2.0,3.0,6.0
647,Darío,Osorio,Osorio,a,,,5.5,174,108,0.0,618,265,1.0,273,123,1,0,0,0,0,183,39,0.2,0.2,2.0,2.0,1.0,348,159,,,615,267,619,268,609,261,620,268,,,,,,,,0.0,0.0,0.0,11.7,0.0,0.0,0.0,0.0,90.0,3,1,1.0,0.0,0.0,0.0,0.0,0.0,0.0,0.0,0.0,0.0,0.0,0.0,0.0,2.0,188.0,40.0,0.0,0.0,0.0,0.0,0.13,0.0,0.0,0.0,0.0,1.0,0.0,0.0,1.0
21,Christian,Nørgaard,Nørgaard,i,Groin injury - Unknown return date,,4.9,374,225,0.1,483,192,0.0,533,210,0,0,0,-1,1,41,425,0.0,0.0,0.0,0.0,0.0,533,210,0.0,0.0,495,189,496,197,441,155,504,193,,,,,,,,0.0,0.0,0.0,0.0,0.0,0.0,0.0,0.0,0.0,3,0,0.0,0.0,0.0,0.0,0.0,0.0,0.0,0.0,0.0,0.0,0.0,0.0,0.0,0.0,43.0,434.0,0.0,0.0,0.0,0.0,0.0,0.0,0.0,0.0,0.0,0.0,0.0,0.0,0.0
209,Brennan,Johnson,Johnson,a,,,5.9,96,61,0.1,397,150,1.0,279,127,1,0,0,-1,1,426,672,0.2,0.5,1.0,1.0,1.0,356,164,,,273,125,321,163,622,268,313,144,,,,,,,,0.05,0.04,0.09,2.04,0.0,0.0,0.91,0.91,10.91,3,1,65.0,0.0,0.0,0.0,1.0,0.0,0.0,0.0,1.0,0.0,0.0,1.0,0.0,3.0,432.0,691.0,0.0,0.05,0.04,0.09,0.3700000000000001,0.0,0.0,0.0,0.0,1.0,3.0,4.0,8.0
226,Jordan,Pickford,Pickford,a,,,5.5,124,2,8.7,48,6,3.7,88,6,1,0,0,0,0,18871,19687,0.7,2.0,3.7,3.7,3.7,96,6,,,24,3,606,68,590,68,139,3,,,,,,,,0.0,0.01,0.01,1.6,3.0,0.33,1.0,1.0,0.0,3,1,90.0,0.0,0.0,0.0,2.0,0.0,0.0,0.0,0.0,0.0,1.0,1.0,0.0,6.0,19106.0,20218.0,0.0,0.0,0.0,0.0,0.6899999999999995,0.0,0.0,0.0,0.0,0.0,0.0,12.0,0.0
227,Mark,Travers,Travers,a,,,5.0,281,10,0.0,526,58,0.0,565,70,0,0,0,0,0,118,129,0.0,0.0,0.0,0.0,0.0,565,70,,,537,70,539,61,499,61,545,70,,,,,,,,0.0,0.0,0.0,0.0,0.0,0.0,0.0,0.0,0.0,3,0,0.0,0.0,0.0,0.0,0.0,0.0,0.0,0.0,0.0,0.0,0.0,0.0,0.0,0.0,118.0,131.0,0.0,0.0,0.0,0.0,0.0,0.0,0.0,0.0,0.0,0.0,0.0,0.0,0.0
228,Tom,King,King,a,,,4.5,440,32,0.0,505,56,0.0,454,53,0,0,0,0,0,97,148,0.0,0.0,0.0,0.0,0.0,454,53,,,409,53,403,34,337,33,419,53,,,,,,,,0.0,0.0,0.0,0.0,0.0,0.0,0.0,0.0,0.0,3,0,0.0,0.0,0.0,0.0,0.0,0.0,0.0,0.0,0.0,0.0,0.0,0.0,0.0,0.0,99.0,148.0,0.0,0.0,0.0,0.0,0.0,0.0,0.0,0.0,0.0,0.0,0.0,0.0,0.0
229,James,Tarkowski,Tarkowski,a,,,6.0,59,5,11.1,39,14,7.0,20,10,3,0,0,0,0,50078,25478,1.2,3.5,7.0,7.0,7.0,21,10,,,17,3,169,52,82,19,63,16,,,,,,,,0.06,0.01,0.07,1.6,0.0,0.33,1.0,1.0,10.33,3,3,90.0,0.0,0.0,0.0,2.0,0.0,0.0,0.0,0.0,0.0,0.0,1.0,0.0,11.0,51049.0,26437.0,0.0,0.020000000000000018,0.01,0.03,0.6899999999999995,0.0,0.0,0.0,0.0,3.0,9.0,3.0,12.0
230,Jarrad,Branthwaite,Branthwaite,a,,,5.5,166,21,1.8,134,56,4.3,66,27,3,0,0,0,0,9114,5077,0.8,2.4,4.3,4.3,4.3,71,29,,,86,39,238,78,48,7,95,33,,,,,,,,0.06,0.01,0.07,1.6,0.0,0.33,1.0,1.0,10.33,3,3,90.0,0.0,0.0,0.0,2.0,0.0,0.0,0.0,0.0,0.0,0.0,1.0,0.0,10.0,9182.0,5239.0,0.0,0.08000000000000002,0.0,0.08,0.6899999999999995,0.0,0.0,0.0,0.0,1.0,10.0,4.0,11.0
231,Michael,Keane,Keane,a,,,4.9,372,66,1.0,196,75,0.0,531,198,0,0,0,-1,1,446,5006,0.0,0.0,0.0,0.0,0.0,531,198,,,493,192,494,193,439,184,502,192,,,,,,,,0.0,0.0,0.0,0.0,0.0,0.0,0.0,0.0,0.0,3,0,0.0,0.0,0.0,0.0,0.0,0.0,0.0,0.0,0.0,0.0,0.0,0.0,0.0,0.0,458.0,5178.0,0.0,0.0,0.0,0.0,0.0,0.0,0.0,0.0,0.0,0.0,0.0,0.0,0.0
232,Jake,O'Brien,O'Brien,a,,,4.9,406,76,0.3,285,105,0.0,546,200,0,0,0,-1,1,240,1314,0.0,0.0,0.0,0.0,0.0,546,200,,,511,196,512,196,461,188,521,196,,,,,,,,0.0,0.0,0.0,0.0,0.0,0.0,0.0,0.0,0.0,3,0,0.0,0.0,0.0,0.0,0.0,0.0,0.0,0.0,0.0,0.0,0.0,0.0,0.0,0.0,243.0,1373.0,0.0,0.0,0.0,0.0,0.0,0.0,0.0,0.0,0.0,0.0,0.0,0.0,0.0
233,Vitalii,Mykolenko,Mykolenko,a,,,4.5,467,106,1.9,133,55,3.7,82,34,1,0,0,0,0,19329,9257,0.8,2.4,3.7,3.7,3.7,90,37,,,57,20,149,45,219,81,126,45,,,,,,,,0.0,0.02,0.02,1.6,0.0,0.33,1.0,1.0,7.33,3,1,90.0,0.0,0.0,0.0,2.0,0.0,0.0,0.0,0.0,0.0,0.0,1.0,0.0,8.0,19621.0,9488.0,0.0,0.0,0.010000000000000009,0.010000000000000009,0.6899999999999995,0.0,0.0,0.0,0.0,3.0,3.0,4.0,6.0
234,Nathan,Patterson,Patterson,u,Has joined Torino permanently,,4.5,479,114,0.0,561,192,0.0,468,179,0,0,0,0,0,0,340,0.0,0.0,0.0,0.0,0.0,468,179,0.0,0.0,427,172,424,172,361,157,437,172,,,,,,,,0.0,0.0,0.0,0.0,0.0,0.0,0.0,0.0,0.0,3,0,0.0,0.0,0.0,0.0,0.0,0.0,0.0,0.0,0.0,0.0,0.0,0.0,0.0,0.0,0.0,345.0,0.0,0.0,0.0,0.0,0.0,0.0,0.0,0.0,0.0,0.0,0.0,0.0,0.0
235,Adam,Aznou,Aznou,u,Has joined Malaga on loan for the rest of the season,,4.0,627,189,0.1,393,145,0.0,421,150,0,0,0,0,0,0,1288,0.0,0.0,0.0,0.0,0.0,421,150,0.0,0.0,375,139,367,137,292,111,385,139,,,,,,,,0.0,0.0,0.0,0.0,0.0,0.0,0.0,0.0,0.0,3,0,0.0,0.0,0.0,0.0,0.0,0.0,0.0,0.0,0.0,0.0,0.0,0.0,0.0,0.0,0.0,1315.0,0.0,0.0,0.0,0.0,0.0,0.0,0.0,0.0,0.0,0.0,0.0,0.0,0.0
236,Kiernan,Dewsbury-Hall,Dewsbury-Hall,a,,,6.5,35,23,4.4,80,27,5.0,52,25,2,0,0,0,0,35331,25156,0.8,2.3,5.0,5.0,5.0,57,26,,,26,14,9,9,52,30,12,10,2.0,,,,,,,0.15,0.13,0.28,1.59,0.0,0.33,1.0,1.0,9.67,3,2,90.0,0.0,0.0,0.0,2.0,0.0,0.0,0.0,0.0,0.0,0.0,1.0,0.0,20.0,36001.0,25859.0,0.0,0.27,0.07,0.33999999999999997,0.6899999999999995,0.0,0.0,0.0,0.0,4.0,2.0,5.0,11.0
238,Jack,Grealish,Grealish,a,,,6.5,34,22,0.3,288,97,0.7,332,154,1,0,0,0,0,5875,1925,0.1,0.3,0.7,0.7,1.0,367,172,100.0,100.0,328,150,303,153,643,284,339,158,,,,,,,,0.06,0.37,0.43,0.87,0.0,0.0,2.81,0.0,5.62,3,1,24.0,0.0,0.0,0.0,1.0,0.0,0.0,0.0,0.0,0.0,0.0,0.0,0.0,8.0,5974.0,1961.0,0.0,0.02,0.13,0.15,0.31,0.0,0.0,0.0,0.0,1.0,0.0,0.0,1.0
11,Cristhian,Mosquera,Mosquera,d,Unspecified injury - 75% chance of playing,,5.4,224,30,3.9,86,33,4.0,77,32,0,-1,1,-1,1,447,54543,0.7,2.2,3.0,3.0,6.0,36,17,75.0,75.0,156,70,249,85,583,208,227,88,,,,,,,,0.0,0.01,0.01,0.28,0.0,1.07,0.0,1.07,5.36,3,0,0.0,0.0,0.0,0.0,0.0,0.0,0.0,0.0,0.0,0.0,0.0,0.0,0.0,0.0,455.0,57712.0,0.0,0.0,0.0,0.0,0.0,0.0,0.0,0.0,0.0,0.0,0.0,0.0,0.0
239,James,Garner,Garner,d,Unspecified injury - 75% chance of playing,,6.0,68,47,0.1,381,141,1.3,235,106,2,0,0,0,0,1482,1410,0.2,0.7,1.0,1.3,1.3,258,116,75.0,100.0,245,104,163,99,243,118,241,108,1.0,1.0,2.0,,,,,0.0,0.07,0.07,0.8,0.0,0.0,1.22,1.22,11.55,3,2,76.0,0.0,0.0,0.0,1.0,0.0,0.0,0.0,0.0,0.0,0.0,1.0,0.0,19.0,1523.0,1433.0,0.0,0.0,0.08,0.08,0.4,0.0,0.0,0.0,0.0,1.0,2.0,5.0,8.0
242,Tyrique,George,George,a,,,5.5,179,112,0.3,291,99,5.0,49,23,10,0,0,0,0,8444,1624,0.9,2.7,5.0,5.0,5.0,54,24,,,217,87,59,44,44,27,82,47,,,,,,,,0.1,0.06,0.16,1.13,0.0,0.38,1.15,1.15,5.0,3,10,90.0,1.0,0.0,0.0,2.0,0.0,0.0,0.0,0.0,0.0,0.0,1.0,3.0,35.0,8458.0,1662.0,0.0,0.04000000000000001,0.07,0.10999999999999999,0.69,0.0,0.0,0.0,0.0,0.0,1.0,3.0,4.0
243,Carlos,Alcaraz Durán,Alcaraz,a,,,5.0,328,196,0.1,450,178,0.3,363,167,0,0,0,0,0,233,389,0.1,0.2,0.3,0.3,0.5,383,181,,,275,126,291,147,75,42,225,99,,,,,,,,0.9,0.36,1.26,0.72,0.0,0.0,0.0,0.0,54.0,3,0,0.0,0.0,0.0,0.0,0.0,0.0,0.0,0.0,0.0,0.0,0.0,0.0,0.0,0.0,240.0,393.0,0.0,0.0,0.0,0.0,0.0,0.0,0.0,0.0,0.0,0.0,0.0,0.0,0.0
244,Harrison,Armstrong,Armstrong,a,,,5.0,358,219,0.4,265,89,3.7,87,40,1,0,0,0,0,4748,2739,0.7,2.2,3.7,3.7,3.7,95,42,,,92,33,92,57,200,97,117,59,,,,,,,,0.03,0.03,0.06,1.63,0.0,0.34,1.02,1.02,10.15,3,1,90.0,0.0,0.0,0.0,2.0,0.0,0.0,0.0,1.0,0.0,0.0,1.0,0.0,5.0,4875.0,2786.0,0.0,0.09,0.03,0.12,0.6899999999999995,0.0,0.0,0.0,0.0,1.0,3.0,1.0,5.0
245,Tyler,Dibling,Dibling,a,,,5.4,222,139,0.0,536,220,0.0,617,264,0,0,0,-1,1,93,157,0.0,0.0,0.0,0.0,0.0,617,264,,,596,254,601,258,581,243,603,256,,,,,,,,0.0,0.0,0.0,0.0,0.0,0.0,0.0,0.0,0.0,3,0,0.0,0.0,0.0,0.0,0.0,0.0,0.0,0.0,0.0,0.0,0.0,0.0,0.0,0.0,96.0,164.0,0.0,0.0,0.0,0.0,0.0,0.0,0.0,0.0,0.0,0.0,0.0,0.0,0.0
246,Merlin,Röhl,Röhl,a,,,5.0,331,197,0.1,496,199,2.0,184,83,1,0,0,0,0,203,312,0.4,1.2,2.0,2.0,2.0,206,89,,,167,60,146,87,234,111,192,86,,,,,,,,0.0,0.07,0.07,1.63,0.0,0.36,0.72,1.08,8.67,3,1,74.0,0.0,0.0,0.0,1.0,0.0,0.0,0.0,1.0,0.0,0.0,1.0,0.0,10.0,208.0,321.0,0.0,0.0,0.13,0.13,0.39999999999999947,0.0,0.0,0.0,0.0,0.0,2.0,4.0,6.0
247,Hayden,Hackney,Hackney,a,,,5.5,145,88,0.2,337,123,2.7,134,56,4,0,0,0,0,451,637,0.5,1.5,2.7,2.7,2.7,151,62,100.0,100.0,199,78,156,93,178,88,204,90,3.0,,,,,,,0.04,0.08,0.12,2.6,0.0,0.74,0.74,0.74,8.18,3,4,15.0,0.0,1.0,0.0,1.0,0.0,0.0,0.0,0.0,0.0,0.0,0.0,0.0,14.0,451.0,662.0,0.0,0.04,0.09,0.13,0.29000000000000004,0.0,0.0,0.0,0.0,1.0,0.0,0.0,1.0
248,Norberto Bercique,Gomes Betuncal,Beto,u,Has joined Fiorentina permanently,,5.4,220,50,1.3,165,25,0.7,319,37,0,0,0,-1,1,0,26506,0.1,0.4,0.0,0.0,1.0,336,37,0.0,0.0,301,31,316,38,195,33,302,36,,,,,,,,0.26,0.0,0.26,5.57,0.0,0.0,0.0,0.0,2.9,3,0,0.0,0.0,0.0,0.0,0.0,0.0,0.0,0.0,0.0,0.0,0.0,0.0,0.0,0.0,0.0,27197.0,0.0,0.0,0.0,0.0,0.0,0.0,0.0,0.0,0.0,0.0,0.0,0.0,0.0
249,Thierno,Barry,Barry,a,,,5.6,120,30,5.3,68,10,4.0,81,8,2,1,-1,1,-1,74646,26696,0.7,2.1,4.0,4.0,4.0,87,9,,,66,4,80,7,3,3,14,4,,,1.0,,,,,0.88,0.04,0.92,1.1,0.0,0.38,1.14,1.14,3.8,3,2,90.0,0.0,0.0,0.0,2.0,0.0,0.0,0.0,0.0,0.0,0.0,1.0,0.0,7.0,76506.0,27454.0,0.0,0.3800000000000001,0.020000000000000004,0.3999999999999999,0.69,0.0,0.0,0.0,0.0,0.0,0.0,4.0,4.0
649,Ainsley,Maitland-Niles,Maitland-Niles,a,,,4.5,443,87,0.1,494,174,7.0,16,7,7,0,0,0,0,3148,357,1.6,1.6,1.8,1.8,7.0,17,7,,,411,163,406,162,340,144,421,163,,,,,,,,0.21,0.0,0.21,2.01,0.0,0.0,6.92,0.0,0.0,3,7,13.0,1.0,0.0,0.0,1.0,0.0,0.0,0.0,0.0,0.0,0.0,0.0,0.0,13.0,3155.0,358.0,0.0,0.03,0.0,0.03,0.29,0.0,0.0,0.0,0.0,0.0,0.0,0.0,0.0
654,Braiden,Graham,Graham,a,,,4.5,558,286,0.0,580,241,0.0,520,204,0,0,0,0,0,1045,128,0.0,0.0,1.0,1.0,0.0,520,204,,,482,183,482,191,427,149,491,187,,,,,,,,0.0,0.0,0.0,0.0,0.0,0.0,0.0,0.0,0.0,3,0,0.0,0.0,0.0,0.0,0.0,0.0,0.0,0.0,0.0,0.0,0.0,0.0,0.0,0.0,1045.0,128.0,0.0,0.0,0.0,0.0,0.0,0.0,0.0,0.0,0.0,0.0,0.0,0.0,0.0
250,Bernd,Leno,Leno,a,,,4.5,427,25,3.1,103,18,2.0,170,14,1,0,0,0,0,7018,9059,0.4,1.3,2.0,2.0,2.0,187,15,,,62,8,394,27,326,26,174,9,,,,,,,,0.0,0.0,0.0,2.08,2.67,0.0,2.33,1.0,0.0,3,1,90.0,0.0,0.0,0.0,3.0,0.0,0.0,0.0,0.0,0.0,2.0,1.0,0.0,8.0,7512.0,9351.0,0.0,0.0,0.0,0.0,1.9700000000000006,0.0,0.0,0.0,0.0,0.0,0.0,8.0,0.0
251,Benjamin,Lecomte,Lecomte,a,,,4.0,585,55,1.2,174,26,0.0,394,29,0,0,0,0,0,2795,1692,0.0,0.0,0.0,0.0,0.0,394,29,,,347,29,337,8,259,7,356,29,,,,,,,,0.0,0.0,0.0,0.0,0.0,0.0,0.0,0.0,0.0,3,0,0.0,0.0,0.0,0.0,0.0,0.0,0.0,0.0,0.0,0.0,0.0,0.0,0.0,0.0,3162.0,1848.0,0.0,0.0,0.0,0.0,0.0,0.0,0.0,0.0,0.0,0.0,0.0,0.0,0.0
252,Alfie,McNally,McNally,u,Has joined York City on loan for the rest of the season,,4.0,630,70,0.1,378,43,0.0,424,44,0,0,0,0,0,0,688,0.0,0.0,0.0,0.0,0.0,424,44,0.0,0.0,378,44,370,23,295,22,388,44,,,,,,,,0.0,0.0,0.0,0.0,0.0,0.0,0.0,0.0,0.0,3,0,0.0,0.0,0.0,0.0,0.0,0.0,0.0,0.0,0.0,0.0,0.0,0.0,0.0,0.0,0.0,705.0,0.0,0.0,0.0,0.0,0.0,0.0,0.0,0.0,0.0,0.0,0.0,0.0,0.0
253,Joachim,Andersen,Andersen,a,,,5.0,258,40,0.1,382,142,0.7,308,114,1,0,0,0,0,739,758,0.1,0.4,0.7,0.7,1.0,312,123,100.0,100.0,191,82,161,48,229,86,211,82,,,,,,,,0.0,0.05,0.05,2.0,0.0,0.0,2.0,1.0,7.5,3,1,90.0,0.0,0.0,0.0,3.0,0.0,0.0,0.0,0.0,0.0,0.0,1.0,0.0,8.0,797.0,772.0,0.0,0.0,0.060000000000000005,0.060000000000000005,1.9700000000000002,0.0,0.0,0.0,0.0,2.0,5.0,7.0,7.0
254,Antonee,Robinson,Robinson,a,,,4.5,447,91,1.5,148,62,1.3,217,79,1,0,0,0,0,1853,7719,0.3,0.9,1.3,1.3,1.3,250,89,,,132,60,82,25,209,76,138,51,,,2.0,,,,,0.08,0.06,0.14,2.24,0.0,0.0,2.53,1.08,5.42,3,1,78.0,0.0,0.0,0.0,3.0,0.0,0.0,0.0,0.0,0.0,0.0,1.0,0.0,7.0,2024.0,7839.0,0.0,0.07999999999999999,0.1,0.18,1.9699999999999998,0.0,0.0,0.0,0.0,2.0,3.0,5.0,5.0
255,Jorge,Cuenca Barreno,J.Cuenca,a,,,4.5,483,118,0.0,532,185,1.0,251,94,0,0,0,0,0,35,174,0.2,0.7,1.0,1.0,3.0,121,48,,,127,56,121,37,364,160,156,58,,,,,,,,0.0,0.03,0.03,2.24,0.0,0.0,3.0,1.0,10.0,3,0,0.0,0.0,0.0,0.0,0.0,0.0,0.0,0.0,0.0,0.0,0.0,0.0,0.0,0.0,37.0,177.0,0.0,0.0,0.0,0.0,0.0,0.0,0.0,0.0,0.0,0.0,0.0,0.0,0.0
256,Kenny,Tete,Tete,a,,,4.5,446,90,0.2,329,121,0.0,456,174,0,0,0,0,0,49,711,0.0,0.0,0.0,0.0,0.0,456,174,,,412,164,407,163,341,145,422,164,,,,,,,,0.0,0.0,0.0,0.0,0.0,0.0,0.0,0.0,0.0,3,0,0.0,0.0,0.0,0.0,0.0,0.0,0.0,0.0,0.0,0.0,0.0,0.0,0.0,0.0,52.0,726.0,0.0,0.0,0.0,0.0,0.0,0.0,0.0,0.0,0.0,0.0,0.0,0.0,0.0
257,Calvin,Bassey,Bassey,a,,,4.5,474,111,0.7,224,85,1.0,250,93,1,0,0,0,0,764,2736,0.2,0.7,1.0,1.0,1.0,283,110,,,124,55,199,64,220,82,189,72,,,,,,,,0.01,0.02,0.03,2.08,0.0,0.0,2.33,1.0,4.33,3,1,90.0,0.0,0.0,0.0,3.0,0.0,0.0,0.0,0.0,0.0,0.0,1.0,0.0,2.0,827.0,2789.0,0.0,0.0,0.04000000000000001,0.039999999999999994,1.9700000000000006,0.0,0.0,0.0,0.0,1.0,1.0,2.0,2.0
258,Timothy,Castagne,Castagne,a,,,4.5,445,89,0.9,204,79,4.3,59,23,1,0,0,0,0,2703,4289,1.0,2.9,4.3,4.3,4.3,65,26,,,103,46,87,26,81,18,80,23,,,,,,,,0.24,0.13,0.37,1.63,0.0,0.36,2.19,1.09,5.47,3,1,90.0,0.0,0.0,0.0,3.0,0.0,0.0,0.0,0.0,0.0,0.0,1.0,0.0,-1.0,3069.0,4388.0,0.0,0.5800000000000001,0.19,0.77,1.9699999999999998,0.0,0.0,0.0,0.0,2.0,5.0,5.0,7.0
261,Alex,Iwobi,Iwobi,a,,,5.5,126,80,0.8,211,67,2.0,190,87,2,0,0,0,0,861,4659,0.4,1.1,2.0,2.0,2.0,214,95,,,158,57,37,30,241,117,114,58,1.0,1.0,3.0,,,,,0.02,0.24,0.26,2.14,0.0,0.0,2.4,1.03,6.18,3,2,82.0,0.0,0.0,0.0,3.0,0.0,0.0,0.0,0.0,0.0,0.0,1.0,0.0,15.0,919.0,4763.0,0.0,0.04,0.25999999999999995,0.3,1.9700000000000006,0.0,0.0,0.0,0.0,1.0,0.0,3.0,4.0
262,Emile,Smith Rowe,Smith Rowe,a,,,5.4,197,123,0.3,299,104,0.7,315,144,1,-1,1,-1,1,343,1673,0.1,0.4,0.7,0.7,1.0,330,148,,,271,123,113,69,175,86,208,92,,,,,,,,0.22,0.07,0.29,1.48,0.0,0.0,0.0,0.0,3.6,3,1,11.0,0.0,0.0,0.0,0.0,0.0,0.0,0.0,0.0,0.0,0.0,0.0,0.0,3.0,350.0,1707.0,0.0,0.0,0.0,0.0,0.0,0.0,0.0,0.0,0.0,0.0,0.0,0.0,0.0
263,Kevin,Santos Lopes de Macedo,Kevin,a,,,5.4,230,145,0.0,502,204,0.7,320,146,0,0,0,-1,1,102,406,0.1,0.4,0.7,0.7,1.0,339,154,,,272,124,224,121,586,247,303,136,4.0,,,,,,,0.0,0.19,0.19,0.75,0.0,0.0,0.0,0.0,11.25,3,0,0.0,0.0,0.0,0.0,0.0,0.0,0.0,0.0,0.0,0.0,0.0,0.0,0.0,0.0,107.0,410.0,0.0,0.0,0.0,0.0,0.0,0.0,0.0,0.0,0.0,0.0,0.0,0.0,0.0
264,Oscar,Bobb,Bobb,a,,,5.5,165,101,0.3,290,98,2.3,163,71,2,0,0,0,0,919,1882,0.4,1.3,2.3,2.3,2.3,180,77,,,198,77,97,60,133,67,154,73,2.0,,,,,,,0.14,0.39,0.53,1.89,0.0,0.43,2.56,1.28,6.4,3,2,78.0,0.0,0.0,0.0,3.0,0.0,0.0,0.0,0.0,0.0,0.0,1.0,0.0,17.0,951.0,1912.0,0.0,0.32,0.65,0.97,1.9700000000000002,0.0,0.0,0.0,0.0,0.0,0.0,4.0,4.0
265,Sander,Berge,Berge,a,,,5.0,266,166,0.3,284,95,1.7,205,93,1,0,0,0,0,269,1500,0.3,1.0,1.7,1.7,1.7,232,102,,,178,69,32,26,156,77,99,51,,,,,,,,0.01,0.16,0.17,2.41,0.0,0.0,2.46,0.98,3.93,3,1,29.0,0.0,0.0,0.0,1.0,0.0,0.0,0.0,0.0,0.0,0.0,0.0,0.0,9.0,285.0,1536.0,0.0,0.0,0.1,0.09999999999999998,0.8400000000000007,0.0,0.0,0.0,0.0,0.0,0.0,2.0,2.0
266,Tom,Cairney,Cairney,i,Knee injury - Expected back 10 Oct,,5.0,239,150,0.0,637,278,0.0,552,225,0,0,0,0,0,7,12,0.0,0.0,0.0,0.0,0.0,552,225,0.0,0.0,519,207,520,215,474,180,529,212,,,,,,,,0.0,0.0,0.0,0.0,0.0,0.0,0.0,0.0,0.0,3,0,0.0,0.0,0.0,0.0,0.0,0.0,0.0,0.0,0.0,0.0,0.0,0.0,0.0,0.0,7.0,13.0,0.0,0.0,0.0,0.0,0.0,0.0,0.0,0.0,0.0,0.0,0.0,0.0,0.0
268,Josh,King,King,a,,,5.5,183,115,0.9,200,62,6.3,28,11,10,0,0,0,0,26734,6484,1.1,3.5,6.3,6.3,6.3,30,12,,,49,25,124,75,20,11,34,27,,,,,,,,0.32,0.11,0.43,2.08,0.0,0.0,2.33,1.0,6.33,3,10,90.0,1.0,0.0,0.0,3.0,0.0,0.0,0.0,0.0,0.0,0.0,1.0,3.0,38.0,26921.0,6584.0,0.0,0.30999999999999994,0.27,0.5800000000000001,1.9700000000000006,0.0,0.0,0.0,0.0,1.0,1.0,5.0,7.0
269,Ryan,Sessegnon,Sessegnon,a,,,4.5,452,94,0.4,279,103,1.0,247,90,1,0,0,0,0,106,1289,0.2,0.7,1.0,1.0,1.0,278,105,,,204,85,174,55,70,15,155,57,3.0,,,,,,,0.23,0.79,1.02,3.24,0.0,0.0,1.8,0.0,5.4,3,1,11.0,0.0,0.0,0.0,0.0,0.0,0.0,0.0,0.0,0.0,0.0,0.0,0.0,3.0,115.0,1330.0,0.0,0.08,0.32,0.3999999999999999,0.0,0.0,0.0,0.0,0.0,0.0,1.0,1.0,1.0
270,Harrison,Reed,Reed,a,,,4.5,442,259,1.2,166,52,0.0,455,182,0,0,0,0,0,1540,4919,0.0,0.0,0.0,0.0,0.0,455,182,,,410,160,405,169,339,126,420,165,,,,,,,,0.0,0.0,0.0,0.0,0.0,0.0,0.0,0.0,0.0,3,0,0.0,0.0,0.0,0.0,0.0,0.0,0.0,0.0,0.0,0.0,0.0,0.0,0.0,0.0,1593.0,5037.0,0.0,0.0,0.0,0.0,0.0,0.0,0.0,0.0,0.0,0.0,0.0,0.0,0.0
271,Rodrigo,Muniz Carvalho,Muniz,a,,,5.4,206,47,0.5,259,45,0.7,318,36,1,-1,1,-1,1,745,2375,0.1,0.4,0.7,0.7,1.0,332,35,,,261,23,175,18,176,30,234,25,,,,,,,,2.4,0.0,2.4,0.18,0.0,0.0,0.0,0.0,6.0,3,1,7.0,0.0,0.0,0.0,0.0,0.0,0.0,0.0,0.0,0.0,0.0,0.0,0.0,5.0,774.0,2458.0,0.0,0.38,0.0,0.38,0.0,0.0,0.0,0.0,0.0,0.0,0.0,0.0,0.0
272,Jonah,Kusi-Asare,Kusi-Asare,a,,,4.5,560,77,6.5,62,9,0.0,522,58,0,0,0,0,0,13299,22645,0.0,0.0,0.0,0.0,0.0,522,58,,,484,47,484,52,429,49,493,52,,,,,,,,0.0,0.0,0.0,0.0,0.0,0.0,0.0,0.0,0.0,3,0,0.0,0.0,0.0,0.0,0.0,0.0,0.0,0.0,0.0,0.0,0.0,0.0,0.0,0.0,13666.0,23175.0,0.0,0.0,0.0,0.0,0.0,0.0,0.0,0.0,0.0,0.0,0.0,0.0,0.0
569,Gonzalo,García,Gonzalo,a,,,6.0,81,18,4.4,81,11,3.3,106,11,2,0,0,0,0,13763,31262,0.6,1.7,3.3,3.3,3.3,117,14,,,82,7,198,25,17,8,51,7,,,1.0,,,,,0.48,0.07,0.55,2.08,0.0,0.0,2.33,1.0,4.33,3,2,90.0,0.0,0.0,0.0,3.0,0.0,0.0,0.0,0.0,0.0,0.0,1.0,0.0,10.0,14407.0,31928.0,0.0,0.43999999999999995,0.2,0.6399999999999999,1.9700000000000006,0.0,0.0,0.0,0.0,1.0,3.0,3.0,7.0
570,César,Palacios,Palacios,a,,,5.5,181,114,0.2,347,127,3.7,91,43,8,0,0,0,0,628,588,0.7,2.0,3.7,3.7,3.7,99,45,,,264,117,192,107,141,71,236,105,,,,,,,,0.43,0.01,0.44,2.16,0.0,0.0,2.61,1.3,5.65,3,8,60.0,1.0,0.0,0.0,2.0,0.0,0.0,0.0,0.0,0.0,0.0,1.0,1.0,27.0,631.0,608.0,0.0,0.8,0.019999999999999997,0.8200000000000001,1.1399999999999997,0.0,0.0,0.0,0.0,0.0,0.0,0.0,0.0
580,Shea,Charles,Charles,a,,,5.0,301,182,0.1,463,183,1.3,227,101,2,0,0,0,0,127,263,0.3,0.8,1.3,1.3,1.3,255,114,,,289,133,217,119,186,91,283,126,,,,,,,,0.07,0.09,0.16,2.76,0.0,0.0,2.93,0.73,11.71,3,2,78.0,0.0,0.0,0.0,3.0,0.0,0.0,0.0,0.0,0.0,0.0,1.0,0.0,18.0,127.0,269.0,0.0,0.0,0.09,0.09,1.97,0.0,0.0,0.0,0.0,0.0,3.0,8.0,11.0
610,Luc,De Fougerolles,De Fougerolles,d,Unspecified injury - 75% chance of playing,,4.0,636,197,0.1,436,154,0.0,429,157,0,0,0,0,0,226,445,0.0,0.0,0.0,0.0,0.0,429,157,75.0,75.0,383,146,375,144,300,118,393,146,,,,,,,,0.0,0.0,0.0,0.0,0.0,0.0,0.0,0.0,0.0,3,0,0.0,0.0,0.0,0.0,0.0,0.0,0.0,0.0,0.0,0.0,0.0,0.0,0.0,0.0,233.0,450.0,0.0,0.0,0.0,0.0,0.0,0.0,0.0,0.0,0.0,0.0,0.0,0.0,0.0
626,Macauley,Zepa,Zepa,a,,,4.5,554,284,0.3,281,93,0.0,518,203,0,0,0,0,0,6507,2574,0.0,0.0,0.0,0.0,0.0,518,203,,,479,181,480,190,424,148,489,186,,,,,,,,0.0,0.0,0.0,0.0,0.0,0.0,0.0,0.0,0.0,3,0,0.0,0.0,0.0,0.0,0.0,0.0,0.0,0.0,0.0,0.0,0.0,0.0,0.0,0.0,6652.0,2605.0,0.0,0.0,0.0,0.0,0.0,0.0,0.0,0.0,0.0,0.0,0.0,0.0,0.0
635,Hugo,Larsson,Larsson,a,,,5.0,348,212,0.0,629,273,1.0,263,116,1,0,0,0,0,119,27,0.2,0.2,1.5,1.5,1.0,322,141,,,571,239,578,245,546,220,579,242,,,,,,,,1.06,1.8,2.86,0.0,0.0,0.0,0.0,0.0,8.18,3,1,11.0,0.0,0.0,0.0,0.0,0.0,0.0,0.0,0.0,0.0,0.0,0.0,0.0,3.0,124.0,28.0,0.0,0.13,0.22,0.35,0.0,0.0,0.0,0.0,0.0,1.0,0.0,0.0,1.0
636,Manuel Ángel,Morán Ibáñez,Ángel,a,,,5.0,326,194,0.0,645,284,0.0,587,245,0,0,0,0,0,57,20,0.0,0.0,1.5,1.5,0.0,587,245,,,561,231,568,237,534,210,569,234,,,,,,,,0.0,0.0,0.0,0.0,0.0,0.0,0.0,0.0,0.0,3,0,0.0,0.0,0.0,0.0,0.0,0.0,0.0,0.0,0.0,0.0,0.0,0.0,0.0,0.0,60.0,21.0,0.0,0.0,0.0,0.0,0.0,0.0,0.0,0.0,0.0,0.0,0.0,0.0,0.0
650,David,Affengruber,Affengruber,a,,,4.5,489,123,0.0,633,210,0.0,473,183,0,0,0,0,0,109,35,0.0,0.0,1.8,1.8,0.0,473,183,,,432,176,429,176,368,163,442,176,,,,,,,,0.0,0.0,0.0,0.0,0.0,0.0,0.0,0.0,0.0,3,0,0.0,0.0,0.0,0.0,0.0,0.0,0.0,0.0,0.0,0.0,0.0,0.0,0.0,0.0,111.0,35.0,0.0,0.0,0.0,0.0,0.0,0.0,0.0,0.0,0.0,0.0,0.0,0.0,0.0
240,Tim,Iroegbunam,Iroegbunam,a,,,5.0,315,188,0.0,585,244,0.3,362,166,0,0,0,0,0,135,73,0.1,0.2,0.3,0.3,1.0,317,137,100.0,100.0,554,227,560,233,524,205,562,230,,,,,,,,0.0,0.0,0.0,0.0,0.0,0.0,0.0,0.0,0.0,3,0,0.0,0.0,0.0,0.0,0.0,0.0,0.0,0.0,0.0,0.0,0.0,0.0,0.0,0.0,138.0,76.0,0.0,0.0,0.0,0.0,0.0,0.0,0.0,0.0,0.0,0.0,0.0,0.0,0.0
273,Dillon,Phillips,Phillips,a,,,4.0,594,60,1.5,151,21,0.0,401,34,0,0,0,0,0,3038,2641,0.0,0.0,0.0,0.0,0.0,401,34,,,354,34,345,13,267,12,363,34,,,,,,,,0.0,0.0,0.0,0.0,0.0,0.0,0.0,0.0,0.0,3,0,0.0,0.0,0.0,0.0,0.0,0.0,0.0,0.0,0.0,0.0,0.0,0.0,0.0,0.0,3147.0,2745.0,0.0,0.0,0.0,0.0,0.0,0.0,0.0,0.0,0.0,0.0,0.0,0.0,0.0
274,Jack,Butland,Butland,i,Arm injury - Unknown return date,,4.5,433,27,0.1,459,51,0.0,449,48,0,0,0,0,0,54,306,0.0,0.0,0.0,0.0,0.0,449,48,0.0,0.0,403,48,397,29,331,28,413,48,,,,,,,,0.0,0.0,0.0,0.0,0.0,0.0,0.0,0.0,0.0,3,0,0.0,0.0,0.0,0.0,0.0,0.0,0.0,0.0,0.0,0.0,0.0,0.0,0.0,0.0,56.0,311.0,0.0,0.0,0.0,0.0,0.0,0.0,0.0,0.0,0.0,0.0,0.0,0.0,0.0
275,Harvey,Cartwright,Cartwright,u,Has joined Grimsby Town on loan for the rest of the season,,4.0,625,69,0.0,615,71,0.0,420,43,0,0,0,0,0,0,33,0.0,0.0,0.0,0.0,0.0,420,43,0.0,0.0,373,43,365,22,290,21,383,43,,,,,,,,0.0,0.0,0.0,0.0,0.0,0.0,0.0,0.0,0.0,3,0,0.0,0.0,0.0,0.0,0.0,0.0,0.0,0.0,0.0,0.0,0.0,0.0,0.0,0.0,0.0,34.0,0.0,0.0,0.0,0.0,0.0,0.0,0.0,0.0,0.0,0.0,0.0,0.0,0.0
276,Thimothée,Lo-Tutala,Lo-Tutala,u,Has joined Colchester United on loan for the rest of the season,,4.0,614,66,0.0,548,63,0.0,413,40,0,0,0,0,0,0,74,0.0,0.0,0.0,0.0,0.0,413,40,0.0,0.0,366,40,358,19,282,18,376,40,,,,,,,,0.0,0.0,0.0,0.0,0.0,0.0,0.0,0.0,0.0,3,0,0.0,0.0,0.0,0.0,0.0,0.0,0.0,0.0,0.0,0.0,0.0,0.0,0.0,0.0,0.0,77.0,0.0,0.0,0.0,0.0,0.0,0.0,0.0,0.0,0.0,0.0,0.0,0.0,0.0
277,John,Egan,Egan,a,,,4.1,576,159,6.0,65,27,7.7,10,3,6,1,-1,1,-1,119738,15138,1.9,5.6,7.7,7.7,7.7,11,3,,,21,5,305,114,217,79,123,44,,,,,,,,0.0,0.0,0.0,1.68,0.0,1.0,0.0,1.0,13.67,3,6,90.0,0.0,0.0,1.0,0.0,0.0,0.0,0.0,0.0,0.0,0.0,1.0,0.0,18.0,123930.0,16072.0,0.0,0.0,0.0,0.0,1.9299999999999997,0.0,0.0,0.0,0.0,3.0,4.0,1.0,7.0
278,Charlie,Hughes,Hughes,i,Groin injury - Unknown return date,,4.0,629,191,0.1,446,159,0.0,423,152,0,0,0,0,0,36,354,0.0,0.0,0.0,0.0,0.0,423,152,0.0,0.0,377,141,369,139,294,113,387,141,,,,,,,,0.0,0.0,0.0,0.0,0.0,0.0,0.0,0.0,0.0,3,0,0.0,0.0,0.0,0.0,0.0,0.0,0.0,0.0,0.0,0.0,0.0,0.0,0.0,0.0,38.0,358.0,0.0,0.0,0.0,0.0,0.0,0.0,0.0,0.0,0.0,0.0,0.0,0.0,0.0
279,Semi,Ajayi,Ajayi,a,,,4.1,577,160,10.4,43,16,8.3,4,1,5,0,0,1,-1,106929,19227,2.0,6.1,8.3,8.3,8.3,5,1,100.0,100.0,31,9,282,101,54,10,73,19,,,,,,,,0.19,0.0,0.19,1.51,0.0,1.11,0.0,1.11,7.41,3,5,90.0,0.0,0.0,1.0,0.0,0.0,0.0,0.0,1.0,0.0,0.0,1.0,0.0,17.0,111100.0,20554.0,0.0,0.0,0.0,0.0,1.9300000000000002,0.0,0.0,0.0,0.0,1.0,5.0,1.0,6.0
280,Lewie,Coyle,Coyle,a,,,4.0,600,170,0.5,246,92,4.0,73,29,6,0,0,0,0,1363,1246,1.0,3.0,4.0,3.0,4.0,78,31,100.0,75.0,231,95,173,54,272,99,245,91,,,,,,,,0.0,0.01,0.01,2.06,0.0,1.02,0.0,1.53,3.05,3,6,63.0,0.0,0.0,1.0,0.0,0.0,0.0,0.0,0.0,0.0,0.0,1.0,0.0,19.0,1375.0,1331.0,0.0,0.0,0.01,0.01,1.8099999999999996,0.0,0.0,0.0,0.0,0.0,0.0,0.0,0.0
281,Cody,Drameh,Drameh,u,Has joined Genoa permanently,,4.0,611,178,0.1,486,171,0.7,285,100,0,0,0,0,0,0,732,0.2,0.5,0.0,0.0,1.0,267,96,0.0,0.0,256,100,311,117,247,90,299,108,,,,,,,,0.07,0.0,0.07,1.2,0.0,0.0,0.0,0.0,8.31,3,0,0.0,0.0,0.0,0.0,0.0,0.0,0.0,0.0,0.0,0.0,0.0,0.0,0.0,0.0,0.0,743.0,0.0,0.0,0.0,0.0,0.0,0.0,0.0,0.0,0.0,0.0,0.0,0.0,0.0
282,Ryan,Giles,Giles,a,,,4.0,608,177,1.2,173,69,6.7,25,11,8,0,0,0,0,10597,2518,1.7,5.0,6.7,6.7,6.7,26,11,,,162,74,69,17,183,62,137,50,1.0,1.0,,,,,,0.01,0.06,0.07,1.7,0.0,1.02,0.0,1.02,4.09,3,8,90.0,0.0,0.0,1.0,0.0,0.0,0.0,0.0,0.0,0.0,0.0,1.0,2.0,30.0,10821.0,2586.0,0.0,0.0,0.03999999999999998,0.04000000000000001,1.9300000000000006,0.0,0.0,0.0,0.0,1.0,3.0,5.0,4.0
283,Matty,Jacob,Jacob,u,Has joined Newport County on loan until January,,4.0,615,180,0.0,604,204,0.0,414,146,0,0,0,0,0,0,51,0.0,0.0,0.0,0.0,0.0,414,146,0.0,0.0,367,134,359,132,283,105,377,134,,,,,,,,0.0,0.0,0.0,0.0,0.0,0.0,0.0,0.0,0.0,3,0,0.0,0.0,0.0,0.0,0.0,0.0,0.0,0.0,0.0,0.0,0.0,0.0,0.0,0.0,0.0,52.0,0.0,0.0,0.0,0.0,0.0,0.0,0.0,0.0,0.0,0.0,0.0,0.0,0.0
285,Paddy,McNair,McNair,a,,,4.0,592,164,0.1,402,147,0.3,335,118,0,0,0,0,0,162,330,0.1,0.2,0.3,0.3,1.0,263,92,,,282,105,344,124,266,95,314,112,,,,,,,,0.0,0.0,0.0,3.32,0.0,0.0,0.0,0.0,6.92,3,0,0.0,0.0,0.0,0.0,0.0,0.0,0.0,0.0,0.0,0.0,0.0,0.0,0.0,0.0,173.0,339.0,0.0,0.0,0.0,0.0,0.0,0.0,0.0,0.0,0.0,0.0,0.0,0.0,0.0
286,Mohamed,Belloumi,Belloumi,a,,,5.0,343,207,0.9,202,63,4.7,56,27,5,0,0,0,0,8451,2906,0.9,2.8,4.7,4.7,4.7,61,28,,,121,44,153,92,96,50,130,66,3.0,2.0,,,,,,0.07,0.02,0.09,1.73,0.0,1.07,0.0,1.07,11.38,3,5,81.0,0.0,0.0,1.0,0.0,0.0,0.0,0.0,0.0,0.0,0.0,1.0,0.0,15.0,8578.0,2969.0,0.0,0.03,0.009999999999999995,0.04000000000000001,1.9300000000000002,0.0,0.0,0.0,0.0,3.0,8.0,1.0,12.0
287,Liam,Millar,Millar,u,Has joined Birmingham on loan for the rest of the season,,5.0,284,174,0.1,490,196,2.0,180,79,0,0,0,0,0,0,1170,0.4,1.2,0.0,0.0,3.0,130,52,0.0,0.0,114,42,281,144,114,59,165,79,,,,,,,,1.04,0.0,1.04,1.57,0.0,0.0,0.0,0.0,7.2,3,0,0.0,0.0,0.0,0.0,0.0,0.0,0.0,0.0,0.0,0.0,0.0,0.0,0.0,0.0,0.0,1186.0,0.0,0.0,0.0,0.0,0.0,0.0,0.0,0.0,0.0,0.0,0.0,0.0,0.0
288,Kieran,Dowell,Dowell,a,,,4.5,448,260,0.4,278,92,0.0,457,183,0,0,0,0,0,1263,1569,0.0,0.0,0.0,0.0,0.0,457,183,,,413,161,408,170,342,127,423,166,,,,,,,,0.0,0.0,0.0,0.0,0.0,0.0,0.0,0.0,0.0,3,0,0.0,0.0,0.0,0.0,0.0,0.0,0.0,0.0,0.0,0.0,0.0,0.0,0.0,0.0,1295.0,1603.0,0.0,0.0,0.0,0.0,0.0,0.0,0.0,0.0,0.0,0.0,0.0,0.0,0.0
289,Matt,Crooks,Crooks,d,Thigh injury - 75% chance of playing,,4.5,432,257,0.5,244,82,0.7,290,132,0,0,0,0,0,283,3269,0.2,0.4,0.5,0.5,2.0,188,82,75.0,75.0,182,70,234,126,330,124,250,113,,,,,,,,0.0,0.0,0.0,1.83,0.0,1.0,0.0,1.0,9.0,3,0,0.0,0.0,0.0,0.0,0.0,0.0,0.0,0.0,0.0,0.0,0.0,0.0,0.0,0.0,293.0,3373.0,0.0,0.0,0.0,0.0,0.0,0.0,0.0,0.0,0.0,0.0,0.0,0.0,0.0
290,Regan,Slater,Slater,a,,,4.5,477,263,5.0,74,23,3.7,83,37,3,0,0,0,0,41526,21087,0.8,2.4,3.7,3.7,3.7,91,39,,,140,51,116,71,221,105,160,75,2.0,,,,,,,0.01,0.15,0.16,1.68,0.0,1.0,0.0,1.0,6.33,3,3,90.0,0.0,0.0,1.0,0.0,0.0,0.0,0.0,0.0,0.0,0.0,1.0,0.0,10.0,43058.0,21724.0,0.0,0.04,0.010000000000000009,0.04999999999999999,1.9299999999999997,0.0,0.0,0.0,0.0,1.0,3.0,2.0,6.0
291,Eliot,Matazo,Matazo,i,Knee injury - Unknown return date,,4.5,495,265,0.0,622,267,0.0,475,186,0,0,0,0,0,39,38,0.0,0.0,0.0,0.0,0.0,475,186,0.0,0.0,434,164,432,173,372,131,444,169,,,,,,,,0.0,0.0,0.0,0.0,0.0,0.0,0.0,0.0,0.0,3,0,0.0,0.0,0.0,0.0,0.0,0.0,0.0,0.0,0.0,0.0,0.0,0.0,0.0,0.0,40.0,41.0,0.0,0.0,0.0,0.0,0.0,0.0,0.0,0.0,0.0,0.0,0.0,0.0,0.0
292,Abdülkadir,Ömür,Ömür,a,,,4.9,378,228,0.0,579,240,0.0,535,212,0,0,0,-1,1,125,133,0.0,0.0,0.0,0.0,0.0,535,212,,,499,192,498,199,445,158,508,196,,,,,,,,0.0,0.0,0.0,0.0,0.0,0.0,0.0,0.0,0.0,3,0,0.0,0.0,0.0,0.0,0.0,0.0,0.0,0.0,0.0,0.0,0.0,0.0,0.0,0.0,133.0,137.0,0.0,0.0,0.0,0.0,0.0,0.0,0.0,0.0,0.0,0.0,0.0,0.0,0.0
293,Abu,Kamara,Kamara,u,Has joined Portsmouth permanently,,5.0,316,189,0.0,643,283,0.0,581,242,0,0,0,0,0,0,19,0.0,0.0,0.0,0.0,0.0,581,242,0.0,0.0,555,228,561,234,525,206,563,231,,,,,,,,0.0,0.0,0.0,0.0,0.0,0.0,0.0,0.0,0.0,3,0,0.0,0.0,0.0,0.0,0.0,0.0,0.0,0.0,0.0,0.0,0.0,0.0,0.0,0.0,0.0,19.0,0.0,0.0,0.0,0.0,0.0,0.0,0.0,0.0,0.0,0.0,0.0,0.0,0.0
294,Óscar,Zambrano,Zambrano,i,Thigh injury - Unknown return date,,4.5,529,273,0.1,443,174,0.0,498,194,0,0,0,0,0,123,391,0.0,0.0,0.0,0.0,0.0,498,194,0.0,0.0,458,172,460,181,402,139,468,177,,,,,,,,0.0,0.0,0.0,0.0,0.0,0.0,0.0,0.0,0.0,3,0,0.0,0.0,0.0,0.0,0.0,0.0,0.0,0.0,0.0,0.0,0.0,0.0,0.0,0.0,123.0,394.0,0.0,0.0,0.0,0.0,0.0,0.0,0.0,0.0,0.0,0.0,0.0,0.0,0.0
295,Oli,McBurnie,McBurnie,a,,,5.5,128,33,2.0,126,19,2.7,132,12,2,0,0,0,0,7586,13332,0.5,1.5,2.7,2.7,2.7,149,16,,,188,17,64,5,23,10,53,8,,,1.0,,,,,0.18,0.02,0.2,1.68,0.0,1.0,0.0,1.0,4.0,3,2,90.0,0.0,0.0,1.0,0.0,0.0,0.0,0.0,0.0,0.0,0.0,1.0,0.0,2.0,7797.0,13788.0,0.0,0.38,0.05,0.43,1.9299999999999997,0.0,0.0,0.0,0.0,2.0,1.0,0.0,3.0
296,David,Akintola,Akintola,a,,,5.0,270,169,0.0,506,206,0.0,561,231,0,0,0,0,0,275,343,0.0,0.0,0.0,0.0,0.0,561,231,,,532,215,534,221,493,190,540,218,,,,,,,,0.0,0.0,0.0,0.0,0.0,0.0,0.0,0.0,0.0,3,0,0.0,0.0,0.0,0.0,0.0,0.0,0.0,0.0,0.0,0.0,0.0,0.0,0.0,0.0,278.0,346.0,0.0,0.0,0.0,0.0,0.0,0.0,0.0,0.0,0.0,0.0,0.0,0.0,0.0
297,Darko,Gyabi,Gyabi,i,Thigh injury - Unknown return date,,4.5,496,266,0.0,569,235,0.0,476,187,0,0,0,0,0,40,112,0.0,0.0,0.0,0.0,0.0,476,187,0.0,0.0,435,165,433,174,373,132,445,170,,,,,,,,0.0,0.0,0.0,0.0,0.0,0.0,0.0,0.0,0.0,3,0,0.0,0.0,0.0,0.0,0.0,0.0,0.0,0.0,0.0,0.0,0.0,0.0,0.0,0.0,41.0,113.0,0.0,0.0,0.0,0.0,0.0,0.0,0.0,0.0,0.0,0.0,0.0,0.0,0.0
298,Enis,Destan,Destan,u,Has joined Konyaspor permanently,,4.5,514,68,0.2,319,53,0.0,485,50,0,0,0,0,0,0,1369,0.0,0.0,0.0,0.0,0.0,485,50,0.0,0.0,444,38,446,44,388,40,454,43,,,,,,,,0.0,0.0,0.0,0.0,0.0,0.0,0.0,0.0,0.0,3,0,0.0,0.0,0.0,0.0,0.0,0.0,0.0,0.0,0.0,0.0,0.0,0.0,0.0,0.0,0.0,1383.0,0.0,0.0,0.0,0.0,0.0,0.0,0.0,0.0,0.0,0.0,0.0,0.0,0.0
340,Joe,Gelhardt,Gelhardt,a,,,5.0,300,181,0.0,601,255,0.0,575,238,0,0,0,0,0,81,51,0.0,0.0,0.0,0.0,0.0,575,238,100.0,100.0,548,223,552,229,514,200,556,226,,,,,,,,0.0,0.0,0.0,0.0,0.0,0.0,0.0,0.0,0.0,3,0,0.0,0.0,0.0,0.0,0.0,0.0,0.0,0.0,0.0,0.0,0.0,0.0,0.0,0.0,83.0,51.0,0.0,0.0,0.0,0.0,0.0,0.0,0.0,0.0,0.0,0.0,0.0,0.0,0.0
556,Matt,Targett,Targett,a,,,4.0,595,166,2.0,125,51,0.3,337,120,0,0,0,0,0,1573,6214,0.1,0.2,0.3,0.3,1.0,265,94,,,331,123,346,125,268,96,364,127,,,,,,,,0.0,0.0,0.0,1.26,0.0,0.0,0.0,0.0,0.0,3,0,0.0,0.0,0.0,0.0,0.0,0.0,0.0,0.0,0.0,0.0,0.0,0.0,0.0,0.0,1627.0,6326.0,0.0,0.0,0.0,0.0,0.0,0.0,0.0,0.0,0.0,0.0,0.0,0.0,0.0
563,Hidemasa,Morita,Morita,a,,,5.0,294,177,0.0,556,228,0.3,361,165,0,0,0,0,0,66,120,0.1,0.2,0.3,0.3,1.0,315,136,100.0,100.0,230,95,157,94,508,196,239,107,,,,,,,,0.0,0.0,0.0,2.18,0.0,0.0,0.0,2.0,6.0,3,0,0.0,0.0,0.0,0.0,0.0,0.0,0.0,0.0,0.0,0.0,0.0,0.0,0.0,0.0,69.0,123.0,0.0,0.0,0.0,0.0,0.0,0.0,0.0,0.0,0.0,0.0,0.0,0.0,0.0
572,Konstantinos,Tzolakis,Tzolakis,a,,,4.6,422,22,8.6,49,7,8.7,3,1,6,0,0,1,-1,81162,14825,1.9,5.7,8.7,8.7,8.7,4,1,,,29,5,491,51,436,50,142,4,,,,,,,,0.0,0.0,0.0,1.68,3.0,1.0,0.0,1.0,0.0,3,6,90.0,0.0,0.0,1.0,0.0,0.0,0.0,0.0,0.0,0.0,1.0,1.0,0.0,25.0,83222.0,15957.0,0.0,0.0,0.0,0.0,1.9299999999999997,0.0,0.0,0.0,0.0,0.0,0.0,10.0,0.0
574,Jens,Hjertø-Dahl,Hjertø-Dahl,a,,,4.9,411,248,0.1,478,190,0.3,355,161,1,-1,1,-1,1,182,268,0.1,0.2,0.3,0.3,1.0,303,127,,,514,202,515,210,465,171,524,207,,,,,,,,0.0,0.0,0.0,0.0,0.0,0.0,0.0,0.0,11.25,3,1,8.0,0.0,0.0,0.0,0.0,0.0,0.0,0.0,0.0,0.0,0.0,0.0,0.0,4.0,182.0,278.0,0.0,0.0,0.0,0.0,0.0,0.0,0.0,0.0,0.0,0.0,0.0,1.0,1.0
576,Elliot,Stroud,Stroud,a,,,5.0,357,218,0.1,441,173,2.0,187,85,3,0,0,0,0,201,300,0.4,1.2,2.0,2.0,2.0,210,92,,,243,103,189,105,174,85,247,111,,,,,,,,0.02,0.02,0.04,1.92,0.0,0.95,0.0,1.42,7.11,3,3,62.0,0.0,0.0,1.0,0.0,0.0,0.0,0.0,0.0,0.0,0.0,1.0,0.0,5.0,203.0,310.0,0.0,0.04,0.010000000000000002,0.05,1.8099999999999996,0.0,0.0,0.0,0.0,0.0,0.0,2.0,2.0
585,Lucas,Herrington,Herrington,a,,,4.0,647,207,0.6,241,89,1.0,246,89,1,0,0,0,0,599,1284,0.2,0.8,1.0,1.0,1.0,271,100,,,228,93,322,118,311,128,291,105,,,,,,,,0.0,0.0,0.0,1.52,0.0,0.0,0.0,0.0,8.29,3,1,19.0,0.0,0.0,0.0,0.0,0.0,0.0,0.0,0.0,0.0,0.0,0.0,0.0,2.0,609.0,1320.0,0.0,0.0,0.0,0.0,0.1200000000000001,0.0,0.0,0.0,0.0,1.0,1.0,1.0,2.0
586,Nobel,Mendy,Mendy,a,,,4.0,649,209,6.3,63,25,8.0,6,2,8,0,0,0,0,86512,14727,2.0,6.0,8.0,8.0,8.0,7,2,100.0,100.0,7,1,296,109,45,5,43,6,,,,,,,,0.15,0.0,0.15,1.77,0.0,0.94,0.0,1.41,15.08,3,8,70.0,0.0,0.0,1.0,0.0,0.0,0.0,0.0,0.0,0.0,0.0,1.0,0.0,22.0,88115.0,15162.0,0.0,0.030000000000000027,0.0,0.030000000000000027,1.8099999999999998,0.0,0.0,0.0,0.0,3.0,7.0,2.0,10.0
589,Lucas,Gourna-Douath,Gourna-Douath,a,,,5.0,306,184,0.0,551,225,1.0,259,113,2,0,0,0,0,58,89,0.2,0.6,1.0,1.0,1.5,242,107,,,218,88,286,145,518,202,284,127,,,,,,,,0.0,0.01,0.01,1.52,0.0,0.71,0.0,0.71,11.43,3,2,81.0,0.0,0.0,1.0,0.0,0.0,0.0,0.0,1.0,0.0,0.0,1.0,0.0,7.0,59.0,94.0,0.0,0.0,0.01,0.01,1.93,0.0,0.0,0.0,0.0,1.0,4.0,5.0,10.0
617,Mohamed-Ali,Cho,Cho,a,,,5.0,318,191,0.0,606,257,1.0,261,114,1,0,0,0,0,148,68,0.2,0.4,1.0,1.0,1.0,318,138,,,332,152,315,160,527,208,344,161,,,,,,,,0.3,0.0,0.3,1.08,0.0,0.0,0.0,0.0,0.0,3,1,8.0,0.0,0.0,0.0,0.0,0.0,0.0,0.0,0.0,0.0,0.0,0.0,0.0,5.0,152.0,68.0,0.0,0.05,0.0,0.05,0.0,0.0,0.0,0.0,0.0,0.0,0.0,0.0,0.0
632,Ilyas,Ansah,Ansah,a,,,5.0,363,62,0.0,508,69,0.0,601,67,0,0,0,0,0,1666,345,0.0,0.0,1.4,1.4,0.0,601,67,,,576,56,583,61,554,58,584,61,,,,,,,,0.0,0.0,0.0,0.0,0.0,0.0,0.0,0.0,0.0,3,0,0.0,0.0,0.0,0.0,0.0,0.0,0.0,0.0,0.0,0.0,0.0,0.0,0.0,0.0,1705.0,348.0,0.0,0.0,0.0,0.0,0.0,0.0,0.0,0.0,0.0,0.0,0.0,0.0,0.0
637,Robinio,Vaz,Vaz,a,,,5.0,365,64,0.0,543,73,0.0,603,69,0,0,0,0,0,1055,214,0.0,0.0,1.4,1.4,0.0,603,69,,,578,58,585,63,556,60,586,63,,,,,,,,0.0,0.0,0.0,0.0,0.0,0.0,0.0,0.0,0.0,3,0,0.0,0.0,0.0,0.0,0.0,0.0,0.0,0.0,0.0,0.0,0.0,0.0,0.0,0.0,1081.0,220.0,0.0,0.0,0.0,0.0,0.0,0.0,0.0,0.0,0.0,0.0,0.0,0.0,0.0
638,Brooke,Norton-Cuffy,Norton-Cuffy,a,,,4.0,626,188,0.2,350,130,1.0,244,87,1,0,0,0,0,5907,1095,0.2,0.2,1.0,1.0,1.0,268,97,,,374,138,366,136,291,110,384,138,,,,,,,,0.0,0.0,0.0,0.42,0.0,0.0,0.0,0.0,3.46,3,1,26.0,0.0,0.0,0.0,0.0,0.0,0.0,0.0,0.0,0.0,0.0,0.0,0.0,3.0,6040.0,1112.0,0.0,0.0,0.0,0.0,0.12,0.0,0.0,0.0,0.0,0.0,1.0,2.0,1.0
642,Sorba,Thomas,Thomas,a,,,5.5,144,87,0.0,608,259,1.0,270,122,1,0,0,0,0,341,82,0.2,0.2,2.0,2.0,1.0,345,157,,,610,263,614,264,600,253,615,264,,,,,,,,0.0,0.13,0.13,0.4,0.0,0.0,0.0,0.0,3.33,3,1,27.0,0.0,0.0,0.0,0.0,0.0,0.0,0.0,0.0,0.0,0.0,0.0,0.0,5.0,352.0,84.0,0.0,0.0,0.04,0.04,0.12,0.0,0.0,0.0,0.0,0.0,0.0,1.0,1.0
645,Christos,Mouzakitis,Mouzakitis,a,,,5.0,366,222,0.0,630,274,0.0,604,255,0,0,0,0,0,117,31,0.0,0.0,1.5,1.5,0.0,604,255,,,579,242,586,248,557,226,587,245,,,,,,,,0.0,0.0,0.0,0.0,0.0,0.0,0.0,0.0,0.0,3,0,0.0,0.0,0.0,0.0,0.0,0.0,0.0,0.0,0.0,0.0,0.0,0.0,0.0,0.0,118.0,32.0,0.0,0.0,0.0,0.0,0.0,0.0,0.0,0.0,0.0,0.0,0.0,0.0,0.0
259,Issa,Diop,Diop,a,,,4.0,605,174,15.2,26,8,2.3,146,56,3,0,0,0,0,10396,40365,0.6,1.8,2.3,2.3,2.3,166,64,,,65,27,278,99,216,78,168,61,,,,,,,,0.0,0.01,0.01,2.04,0.0,0.0,2.67,1.0,9.33,3,3,90.0,0.0,0.0,0.0,2.0,0.0,0.0,0.0,0.0,0.0,0.0,1.0,0.0,10.0,10753.0,41931.0,0.0,0.0,0.01,0.01,0.6900000000000004,0.0,0.0,0.0,0.0,2.0,9.0,2.0,11.0
267,Saša,Lukić,Lukić,a,,,5.0,269,168,0.1,410,158,2.7,130,54,2,0,0,0,0,244,417,0.5,1.6,2.7,2.7,2.7,147,60,,,88,31,93,58,199,96,121,61,4.0,,,,,,,0.01,0.02,0.03,1.88,0.0,0.0,2.5,1.07,7.5,3,2,90.0,0.0,0.0,0.0,2.0,0.0,0.0,0.0,0.0,0.0,0.0,1.0,0.0,13.0,249.0,425.0,0.0,0.0,0.019999999999999997,0.020000000000000004,0.6899999999999995,0.0,0.0,0.0,0.0,1.0,1.0,2.0,4.0
300,Christian,Walton,Walton,a,,,4.5,435,28,0.4,264,34,0.0,450,49,0,0,0,0,0,98,843,0.0,0.0,0.0,0.0,0.0,450,49,,,405,49,399,30,333,29,415,49,,,,,,,,0.0,0.0,0.0,0.0,0.0,0.0,0.0,0.0,0.0,3,0,0.0,0.0,0.0,0.0,0.0,0.0,0.0,0.0,0.0,0.0,0.0,0.0,0.0,0.0,101.0,872.0,0.0,0.0,0.0,0.0,0.0,0.0,0.0,0.0,0.0,0.0,0.0,0.0,0.0
302,David,Button,Button,a,,,4.0,581,52,0.5,252,33,0.0,390,26,0,0,0,0,0,3131,957,0.0,0.0,0.0,0.0,0.0,390,26,,,343,26,333,5,255,4,352,26,,,,,,,,0.0,0.0,0.0,0.0,0.0,0.0,0.0,0.0,0.0,3,0,0.0,0.0,0.0,0.0,0.0,0.0,0.0,0.0,0.0,0.0,0.0,0.0,0.0,0.0,3312.0,1028.0,0.0,0.0,0.0,0.0,0.0,0.0,0.0,0.0,0.0,0.0,0.0,0.0,0.0
303,Cédric,Kipré,Kipré,a,,,4.0,599,169,0.5,247,93,0.0,403,140,0,0,0,0,0,178,1250,0.0,0.0,0.0,0.0,0.0,403,140,,,356,128,348,126,271,98,366,128,,,,,,,,0.0,0.0,0.0,0.0,0.0,0.0,0.0,0.0,0.0,3,0,0.0,0.0,0.0,0.0,0.0,0.0,0.0,0.0,0.0,0.0,0.0,0.0,0.0,0.0,183.0,1303.0,0.0,0.0,0.0,0.0,0.0,0.0,0.0,0.0,0.0,0.0,0.0,0.0,0.0
304,Dara,O'Shea,O'Shea,a,,,4.0,604,173,3.1,102,39,2.3,145,55,3,0,0,0,0,3867,11706,0.6,1.8,2.3,2.3,2.3,165,63,,,64,26,102,31,135,43,88,27,,,,,,,,0.02,0.06,0.08,2.04,0.0,0.0,2.67,1.0,10.0,3,3,90.0,0.0,0.0,0.0,2.0,0.0,0.0,0.0,0.0,0.0,0.0,1.0,0.0,5.0,4178.0,12597.0,0.0,0.0,0.009999999999999981,0.010000000000000009,0.6900000000000004,0.0,0.0,0.0,0.0,3.0,8.0,3.0,11.0
305,Leif,Davis,Davis,a,,,4.0,618,183,5.1,71,29,3.0,108,40,1,0,0,0,0,13817,18651,0.8,2.2,3.0,3.0,3.0,119,46,,,25,7,136,41,34,3,36,3,2.0,2.0,,,,,,0.22,0.08,0.3,2.04,0.0,0.0,2.67,1.0,5.67,3,1,90.0,0.0,0.0,0.0,2.0,0.0,0.0,0.0,0.0,0.0,0.0,1.0,0.0,4.0,14447.0,19139.0,0.0,0.10999999999999999,0.12,0.22999999999999998,0.6900000000000004,0.0,0.0,0.0,0.0,2.0,4.0,3.0,6.0
306,Jacob,Greaves,Greaves,a,,,4.0,616,181,1.3,162,65,0.7,286,101,1,0,0,0,0,595,2340,0.2,0.5,0.7,0.7,0.7,372,129,,,118,54,232,74,284,106,199,76,,,,,,,,0.0,0.02,0.02,2.04,0.0,0.0,2.67,1.0,8.0,3,1,90.0,0.0,0.0,0.0,2.0,0.0,0.0,0.0,0.0,0.0,0.0,1.0,0.0,6.0,621.0,2462.0,0.0,0.0,0.04,0.04,0.6900000000000004,0.0,0.0,0.0,0.0,1.0,6.0,3.0,7.0
307,Ben,Johnson,Johnson,u,Has joined Stoke City on loan for the rest of the season,,4.0,607,176,0.1,437,155,0.0,408,144,0,0,0,0,0,0,981,0.0,0.0,0.0,0.0,0.0,408,144,0.0,0.0,361,132,353,130,277,103,371,132,,,,,,,,0.0,0.0,0.0,0.0,0.0,0.0,0.0,0.0,0.0,3,0,0.0,0.0,0.0,0.0,0.0,0.0,0.0,0.0,0.0,0.0,0.0,0.0,0.0,0.0,0.0,1000.0,0.0,0.0,0.0,0.0,0.0,0.0,0.0,0.0,0.0,0.0,0.0,0.0,0.0
309,Marcelino,Núñez,Núñez,a,,,5.0,327,195,0.1,394,147,2.0,183,82,0,0,0,0,0,126,634,0.4,1.2,2.0,2.0,3.0,132,53,,,155,56,129,78,188,92,170,82,1.0,1.0,,,,,,0.02,0.03,0.05,2.24,0.0,0.0,2.57,1.29,13.5,3,0,0.0,0.0,0.0,0.0,0.0,0.0,0.0,0.0,0.0,0.0,0.0,0.0,0.0,0.0,133.0,648.0,0.0,0.0,0.0,0.0,0.0,0.0,0.0,0.0,0.0,0.0,0.0,0.0,0.0
310,Azor,Matusiwa,Matusiwa,i,Muscular injury - Unknown return date,,5.0,286,175,0.0,639,280,0.0,568,234,0,0,0,0,0,5,11,0.0,0.0,0.0,0.0,0.0,568,234,0.0,0.0,540,218,542,224,502,194,548,221,,,,,,,,0.0,0.0,0.0,0.0,0.0,0.0,0.0,0.0,0.0,3,0,0.0,0.0,0.0,0.0,0.0,0.0,0.0,0.0,0.0,0.0,0.0,0.0,0.0,0.0,5.0,11.0,0.0,0.0,0.0,0.0,0.0,0.0,0.0,0.0,0.0,0.0,0.0,0.0,0.0
311,Wes,Burns,Burns,u,Has joined Leicester City permanently,,5.0,249,153,0.0,640,281,0.0,554,226,0,0,0,0,0,0,19,0.0,0.0,0.0,0.0,0.0,554,226,0.0,0.0,524,209,525,216,481,182,533,213,,,,,,,,0.0,0.0,0.0,0.0,0.0,0.0,0.0,0.0,0.0,3,0,0.0,0.0,0.0,0.0,0.0,0.0,0.0,0.0,0.0,0.0,0.0,0.0,0.0,0.0,0.0,19.0,0.0,0.0,0.0,0.0,0.0,0.0,0.0,0.0,0.0,0.0,0.0,0.0,0.0
312,Jack,Taylor,Taylor,i,Knee injury - Unknown return date,,4.5,472,262,0.0,530,218,0.0,465,185,0,0,0,0,0,53,184,0.0,0.0,0.0,0.0,0.0,465,185,0.0,0.0,423,163,419,172,356,129,433,168,,,,,,,,0.0,0.0,0.0,0.0,0.0,0.0,0.0,0.0,0.0,3,0,0.0,0.0,0.0,0.0,0.0,0.0,0.0,0.0,0.0,0.0,0.0,0.0,0.0,0.0,56.0,188.0,0.0,0.0,0.0,0.0,0.0,0.0,0.0,0.0,0.0,0.0,0.0,0.0,0.0
313,Jack,Clarke,Clarke,a,,,5.5,154,93,0.2,322,116,2.7,136,57,1,0,0,0,0,181,1283,0.5,1.5,2.7,2.7,4.0,85,38,,,123,45,302,152,97,51,166,80,3.0,3.0,1.0,,,,,0.31,0.04,0.35,0.19,0.0,0.0,0.0,0.0,8.37,3,1,24.0,0.0,0.0,0.0,0.0,0.0,0.0,0.0,0.0,0.0,0.0,0.0,0.0,3.0,186.0,1325.0,0.0,0.04999999999999999,0.02,0.07,0.06,0.0,0.0,0.0,0.0,0.0,1.0,1.0,2.0
314,Chiedozie,Ogbene,Ogbene,u,Has joined Lincoln City on loan until January,,4.9,385,231,0.0,602,256,0.0,537,214,0,0,0,-1,1,0,149,0.0,0.0,0.0,0.0,0.0,537,214,0.0,0.0,501,194,501,201,448,160,510,198,,,,,,,,0.0,0.0,0.0,0.0,0.0,0.0,0.0,0.0,0.0,3,0,0.0,0.0,0.0,0.0,0.0,0.0,0.0,0.0,0.0,0.0,0.0,0.0,0.0,0.0,0.0,155.0,0.0,0.0,0.0,0.0,0.0,0.0,0.0,0.0,0.0,0.0,0.0,0.0,0.0
315,Abdul,Fatawu,Fatawu,a,,,5.5,173,107,0.2,336,122,2.7,139,60,2,0,0,0,0,727,766,0.5,1.5,2.7,2.7,2.7,154,65,,,73,29,13,13,149,73,40,30,6.0,,,,,,,0.01,0.31,0.32,2.36,0.0,0.0,3.2,1.2,6.8,3,2,78.0,0.0,0.0,0.0,2.0,0.0,0.0,0.0,0.0,0.0,0.0,1.0,0.0,14.0,743.0,786.0,0.0,0.03,0.15000000000000002,0.18000000000000005,0.6900000000000004,0.0,0.0,0.0,0.0,2.0,2.0,2.0,6.0
316,Emersonn,Correia da Silva,Emersonn,a,,,5.5,176,41,1.7,138,20,4.0,80,7,2,0,0,0,0,10661,8942,0.7,2.2,4.0,4.0,4.0,86,8,100.0,100.0,70,5,54,2,42,13,41,6,,,2.0,,,,,0.53,0.03,0.56,1.04,0.0,0.0,2.06,1.54,3.6,3,2,65.0,0.0,0.0,0.0,2.0,0.0,0.0,0.0,0.0,0.0,0.0,1.0,0.0,8.0,10830.0,9114.0,0.0,0.22000000000000008,0.0,0.22000000000000008,0.6200000000000001,0.0,0.0,0.0,0.0,1.0,1.0,1.0,3.0
317,George,Hirst,Hirst,u,Has joined Stoke City permanently,,5.0,278,53,0.1,413,59,0.0,564,60,0,0,0,0,0,0,659,0.0,0.0,0.0,0.0,0.0,564,60,0.0,0.0,535,49,537,54,496,51,543,54,,,,,,,,0.0,0.0,0.0,0.0,0.0,0.0,0.0,0.0,0.0,3,0,0.0,0.0,0.0,0.0,0.0,0.0,0.0,0.0,0.0,0.0,0.0,0.0,0.0,0.0,0.0,681.0,0.0,0.0,0.0,0.0,0.0,0.0,0.0,0.0,0.0,0.0,0.0,0.0,0.0
318,Jaden,Philogene,Philogene,i,Ankle injury - Unknown return date,,5.4,218,136,0.1,444,175,0.0,616,263,0,0,0,-1,1,6,513,0.0,0.0,0.0,0.0,0.0,616,263,0.0,0.0,594,252,600,257,578,240,601,254,5.0,,3.0,,,,,0.0,0.0,0.0,0.0,0.0,0.0,0.0,0.0,0.0,3,0,0.0,0.0,0.0,0.0,0.0,0.0,0.0,0.0,0.0,0.0,0.0,0.0,0.0,0.0,6.0,532.0,0.0,0.0,0.0,0.0,0.0,0.0,0.0,0.0,0.0,0.0,0.0,0.0,0.0
319,Sam,Szmodics,Szmodics,u,Has joined Derby County on loan for the rest of the season,,5.0,256,159,0.0,632,275,0.0,558,229,0,0,0,0,0,0,39,0.0,0.0,0.0,0.0,0.0,558,229,0.0,0.0,528,212,529,219,487,187,537,216,,,,,,,,0.0,0.0,0.0,0.0,0.0,0.0,0.0,0.0,0.0,3,0,0.0,0.0,0.0,0.0,0.0,0.0,0.0,0.0,0.0,0.0,0.0,0.0,0.0,0.0,0.0,41.0,0.0,0.0,0.0,0.0,0.0,0.0,0.0,0.0,0.0,0.0,0.0,0.0,0.0
320,Chuba,Akpom,Akpom,a,,,5.0,248,51,1.1,181,28,2.0,177,16,0,0,0,0,0,13534,5858,0.4,1.2,2.0,2.0,3.0,128,15,,,119,10,259,35,92,20,153,17,,,,,,,,1.27,0.0,1.27,5.27,0.0,0.0,5.22,0.0,3.91,3,0,0.0,0.0,0.0,0.0,0.0,0.0,0.0,0.0,0.0,0.0,0.0,0.0,0.0,0.0,14060.0,5973.0,0.0,0.0,0.0,0.0,0.0,0.0,0.0,0.0,0.0,0.0,0.0,0.0,0.0
321,Sindre,Walle Egeli,Walle Egeli,a,,,4.5,532,71,3.4,95,14,0.3,345,42,0,0,0,0,0,28816,16881,0.1,0.2,0.3,0.3,1.0,290,33,,,461,41,326,41,405,43,471,46,,,,,,,,0.0,0.0,0.0,0.27,0.0,0.0,0.0,0.0,0.0,3,0,0.0,0.0,0.0,0.0,0.0,0.0,0.0,0.0,0.0,0.0,0.0,0.0,0.0,0.0,29739.0,17325.0,0.0,0.0,0.0,0.0,0.0,0.0,0.0,0.0,0.0,0.0,0.0,0.0,0.0
322,Ali,Al-Hamadi,Al-Hamadi,u,Has joined Sheffield Wednesday on loan for the rest of the season,,5.0,299,56,0.1,464,66,0.0,574,62,0,0,0,0,0,0,635,0.0,0.0,0.0,0.0,0.0,574,62,0.0,0.0,547,51,551,56,513,53,555,56,,,,,,,,0.0,0.0,0.0,0.0,0.0,0.0,0.0,0.0,0.0,3,0,0.0,0.0,0.0,0.0,0.0,0.0,0.0,0.0,0.0,0.0,0.0,0.0,0.0,0.0,0.0,650.0,0.0,0.0,0.0,0.0,0.0,0.0,0.0,0.0,0.0,0.0,0.0,0.0,0.0
323,Kasey,McAteer,McAteer,a,,,4.5,493,264,1.3,164,51,1.0,252,110,1,0,0,0,0,2826,4232,0.2,0.7,1.0,1.0,1.0,285,120,,,317,143,272,139,371,130,324,148,,,,,,,,0.11,0.0,0.11,0.45,0.0,0.0,0.0,0.0,10.71,3,1,11.0,0.0,0.0,0.0,0.0,0.0,0.0,0.0,0.0,0.0,0.0,0.0,0.0,5.0,2909.0,4330.0,0.0,0.05,0.0,0.05,0.0,0.0,0.0,0.0,0.0,0.0,0.0,1.0,1.0
324,Anis,Mehmeti,Mehmeti,a,,,4.9,386,232,0.0,518,212,0.0,538,215,0,0,0,-1,1,47,178,0.0,0.0,0.0,0.0,0.0,538,215,,,502,195,502,202,449,161,511,199,,,,,,,,0.0,0.0,0.0,0.0,0.0,0.0,0.0,0.0,0.0,3,0,0.0,0.0,0.0,0.0,0.0,0.0,0.0,0.0,0.0,0.0,0.0,0.0,0.0,0.0,47.0,179.0,0.0,0.0,0.0,0.0,0.0,0.0,0.0,0.0,0.0,0.0,0.0,0.0,0.0
554,Kayne,van Oevelen,Van Oevelen,u,Has joined Valencia on loan for the rest of the season,,4.5,523,46,0.0,562,65,0.0,493,62,0,0,0,0,0,0,103,0.0,0.0,0.0,0.0,0.0,493,62,0.0,0.0,453,62,455,48,397,47,463,62,,,,,,,,0.0,0.0,0.0,0.0,0.0,0.0,0.0,0.0,0.0,3,0,0.0,0.0,0.0,0.0,0.0,0.0,0.0,0.0,0.0,0.0,0.0,0.0,0.0,0.0,0.0,103.0,0.0,0.0,0.0,0.0,0.0,0.0,0.0,0.0,0.0,0.0,0.0,0.0,0.0
562,Daizen,Maeda,Maeda,a,,,5.4,211,133,0.3,297,102,2.0,188,86,2,-1,1,-1,1,351,1425,0.4,1.1,2.0,2.0,2.0,211,93,,,174,66,231,125,72,41,175,83,,,,,,,,0.3,0.0,0.3,2.15,0.0,0.0,2.92,1.25,7.92,3,2,65.0,0.0,0.0,0.0,2.0,0.0,0.0,0.0,0.0,0.0,0.0,1.0,0.0,9.0,361.0,1472.0,0.0,0.039999999999999925,0.0,0.039999999999999925,0.6200000000000001,0.0,0.0,0.0,0.0,2.0,2.0,1.0,5.0
564,Kjell,Scherpen,Scherpen,a,,,4.5,475,37,0.6,240,32,2.0,174,15,2,0,0,0,0,1620,1425,0.4,1.3,2.0,2.0,2.0,194,16,,,28,4,421,39,358,38,145,5,,,,,,,,0.0,0.0,0.0,2.04,4.33,0.0,2.67,1.0,0.0,3,2,90.0,0.0,0.0,0.0,2.0,0.0,0.0,0.0,0.0,0.0,5.0,1.0,0.0,13.0,1676.0,1553.0,0.0,0.0,0.0,0.0,0.6900000000000004,0.0,0.0,0.0,0.0,0.0,0.0,7.0,0.0
571,Florentino Ibrain,Morris Luís,Florentino,a,,,4.9,383,230,0.1,434,171,0.0,536,213,0,0,0,-1,1,139,298,0.0,0.0,0.0,0.0,0.0,536,213,100.0,100.0,500,193,500,200,447,159,509,197,,,,,,,,0.0,0.0,0.0,0.0,0.0,0.0,0.0,0.0,0.0,3,0,0.0,0.0,0.0,0.0,0.0,0.0,0.0,0.0,0.0,0.0,0.0,0.0,0.0,0.0,142.0,308.0,0.0,0.0,0.0,0.0,0.0,0.0,0.0,0.0,0.0,0.0,0.0,0.0,0.0
591,Julio,Enciso,Enciso,a,,,5.5,163,99,0.8,212,68,3.7,89,41,1,0,0,0,0,8679,4395,0.7,2.0,3.7,3.7,3.7,97,43,100.0,100.0,77,30,96,59,47,28,58,38,,,,,,,,0.31,0.23,0.54,2.19,0.0,0.0,2.88,1.08,7.56,3,1,90.0,0.0,0.0,0.0,2.0,0.0,0.0,0.0,1.0,0.0,0.0,1.0,0.0,16.0,9078.0,4497.0,0.0,0.24,0.020000000000000018,0.26,0.6899999999999995,0.0,0.0,0.0,0.0,0.0,2.0,3.0,5.0
592,Abdoul,Ouattara,Ouattara,a,,,4.0,641,202,0.9,199,76,1.0,245,88,1,0,0,0,0,993,1645,0.2,0.8,1.0,1.0,1.0,270,99,,,262,101,182,58,305,123,275,100,,,,,,,,0.0,0.05,0.05,2.05,0.0,0.0,2.31,0.0,4.62,3,1,12.0,0.0,0.0,0.0,0.0,0.0,0.0,0.0,0.0,0.0,0.0,0.0,0.0,4.0,1013.0,1705.0,0.0,0.0,0.02,0.02,0.0,0.0,0.0,0.0,0.0,0.0,0.0,2.0,0.0
602,Cameron,Humphreys,Humphreys,u,Has joined Huddersfield Town on loan for the rest of the season,,4.5,521,272,0.0,528,216,0.0,491,193,0,0,0,0,0,0,491,0.0,0.0,0.0,0.0,0.0,491,193,0.0,0.0,451,171,453,180,395,138,461,176,,,,,,,,0.0,0.0,0.0,0.0,0.0,0.0,0.0,0.0,0.0,3,0,0.0,0.0,0.0,0.0,0.0,0.0,0.0,0.0,0.0,0.0,0.0,0.0,0.0,0.0,0.0,495.0,0.0,0.0,0.0,0.0,0.0,0.0,0.0,0.0,0.0,0.0,0.0,0.0,0.0
619,Exequiel,Palacios,Palacios,a,,,5.0,272,170,0.0,560,231,2.5,144,64,4,0,0,0,0,968,266,0.5,1.0,2.5,2.5,2.5,162,69,,,250,109,170,100,230,110,253,114,,,,,,,,0.0,0.03,0.03,2.24,0.0,0.0,3.43,0.86,21.43,3,4,77.0,0.0,0.0,0.0,2.0,0.0,0.0,0.0,0.0,0.0,0.0,1.0,0.0,24.0,971.0,266.0,0.0,0.0,0.019999999999999997,0.019999999999999997,0.69,0.0,0.0,0.0,0.0,4.0,3.0,12.0,19.0
640,Zian,Flemming,Flemming,a,,,5.5,147,37,0.0,553,74,1.0,271,31,1,0,0,0,0,872,211,0.2,0.2,1.8,1.8,1.0,346,40,,,611,65,615,69,601,67,616,69,,,,,,,,0.08,0.04,0.12,0.22,0.0,0.0,0.0,0.0,0.0,3,1,24.0,0.0,0.0,0.0,0.0,0.0,0.0,0.0,0.0,0.0,0.0,0.0,0.0,4.0,899.0,215.0,0.0,0.02,0.01,0.03,0.06,0.0,0.0,0.0,0.0,0.0,0.0,0.0,0.0
260,Harry,Wilson,Wilson,a,,,6.4,46,31,3.6,92,29,1.3,238,108,0,0,0,-1,1,1179,42491,0.2,0.6,1.3,1.3,1.3,261,118,,,209,83,90,56,150,74,164,78,2.0,,,,,,,0.01,0.04,0.05,2.11,0.0,0.71,0.0,0.71,6.38,3,0,17.0,0.0,0.0,0.0,0.0,0.0,0.0,0.0,1.0,0.0,0.0,0.0,0.0,0.0,1216.0,43747.0,0.0,0.0,0.0,0.0,1.32,0.0,0.0,0.0,0.0,0.0,0.0,1.0,1.0
326,Lucas Estella,Perri,Perri,u,Has joined Torino on loan for the rest of the season,,4.5,457,34,0.4,271,35,0.0,459,55,0,0,0,0,0,0,2738,0.0,0.0,0.0,0.0,0.0,459,55,0.0,0.0,417,55,412,36,347,35,427,55,,,,,,,,0.0,0.0,0.0,0.0,0.0,0.0,0.0,0.0,0.0,3,0,0.0,0.0,0.0,0.0,0.0,0.0,0.0,0.0,0.0,0.0,0.0,0.0,0.0,0.0,0.0,2798.0,0.0,0.0,0.0,0.0,0.0,0.0,0.0,0.0,0.0,0.0,0.0,0.0,0.0
327,Jaka,Bijol,Bijol,a,,,5.0,292,49,0.9,203,78,4.0,76,31,1,0,0,0,0,1647,5067,0.8,2.4,4.0,4.0,4.0,81,34,,,131,59,298,111,115,35,179,66,,,,,,,,0.06,0.0,0.06,1.73,0.0,0.55,1.1,1.1,11.52,3,1,29.0,0.0,0.0,0.0,1.0,0.0,0.0,0.0,0.0,0.0,0.0,0.0,0.0,1.0,1710.0,5169.0,0.0,0.0,0.0,0.0,1.9500000000000002,0.0,0.0,0.0,0.0,2.0,2.0,0.0,4.0
329,Joe,Rodon,Rodon,i,Hamstring injury - Expected back 21 Nov,,4.4,570,153,1.9,132,54,2.3,148,58,0,-1,1,-1,1,61,39918,0.5,1.6,0.0,0.0,3.5,103,38,0.0,0.0,164,76,151,46,164,56,185,69,,,,,,,,0.02,0.04,0.06,0.74,0.0,0.73,0.0,1.46,8.05,3,0,0.0,0.0,0.0,0.0,0.0,0.0,0.0,0.0,0.0,0.0,0.0,0.0,0.0,0.0,69.0,43218.0,0.0,0.0,0.0,0.0,0.0,0.0,0.0,0.0,0.0,0.0,0.0,0.0,0.0
330,Jayden,Bogle,Bogle,a,,,4.5,468,107,1.0,192,73,7.3,12,4,14,0,0,0,0,31885,4243,1.6,4.9,7.3,7.3,7.3,13,4,,,150,68,165,50,197,70,188,71,,,,,,,,0.37,0.01,0.38,0.68,0.0,0.83,0.41,1.24,4.98,3,14,60.0,1.0,0.0,1.0,0.0,0.0,0.0,0.0,1.0,0.0,0.0,1.0,3.0,30.0,31928.0,4295.0,0.0,0.9,0.019999999999999997,0.92,0.24,0.0,0.0,0.0,0.0,0.0,2.0,0.0,2.0
331,Gabriel,Gudmundsson,Gudmundsson,a,,,4.5,478,113,0.0,499,175,0.7,292,106,2,0,0,0,0,320,151,0.2,0.4,0.7,0.7,2.0,195,77,100.0,100.0,426,171,423,171,360,156,436,171,,,,,,,,0.0,0.0,0.0,2.19,0.0,0.0,1.0,1.0,5.0,3,2,90.0,0.0,0.0,0.0,1.0,0.0,0.0,0.0,0.0,0.0,0.0,1.0,0.0,9.0,327.0,152.0,0.0,0.0,0.0,0.0,2.19,0.0,0.0,0.0,0.0,3.0,2.0,9.0,5.0
332,James,Justin,Justin,a,,,4.5,463,103,1.5,150,63,5.3,39,16,4,0,0,0,0,6751,5060,1.2,3.6,5.3,5.3,5.3,44,18,,,61,24,154,47,137,45,113,40,,,,,,,,0.06,0.01,0.07,1.51,0.0,0.33,0.67,1.0,10.0,3,4,90.0,0.0,0.0,0.0,1.0,0.0,0.0,0.0,0.0,0.0,0.0,1.0,0.0,9.0,7025.0,5225.0,0.0,0.14,0.0,0.14,2.1899999999999995,0.0,0.0,0.0,0.0,3.0,7.0,4.0,10.0
333,Sebastiaan,Bornauw,Bornauw,u,Has joined Hamburg SV on loan for the rest of the season,,4.5,487,121,0.0,641,212,0.0,472,182,0,0,0,0,0,0,16,0.0,0.0,0.0,0.0,0.0,472,182,0.0,0.0,431,175,428,175,367,162,441,175,,,,,,,,0.0,0.0,0.0,0.0,0.0,0.0,0.0,0.0,0.0,3,0,0.0,0.0,0.0,0.0,0.0,0.0,0.0,0.0,0.0,0.0,0.0,0.0,0.0,0.0,0.0,17.0,0.0,0.0,0.0,0.0,0.0,0.0,0.0,0.0,0.0,0.0,0.0,0.0,0.0
334,Tarik,Muharemović,Muharemović,a,,,5.0,337,60,3.3,98,38,4.7,55,22,4,0,0,0,0,17701,13599,0.9,2.8,4.7,4.7,4.7,60,24,,,22,6,268,94,93,24,84,25,,,,,,,,0.03,0.01,0.04,1.51,0.0,0.33,0.67,1.0,13.0,3,4,90.0,0.0,0.0,0.0,1.0,0.0,0.0,0.0,0.0,0.0,0.0,1.0,0.0,10.0,18119.0,14331.0,0.0,0.0,0.01,0.009999999999999995,2.1899999999999995,0.0,0.0,0.0,0.0,1.0,12.0,2.0,13.0
335,Anton,Stach,Stach,a,,,6.0,75,50,2.9,106,32,6.3,29,12,2,0,0,0,0,9895,14926,1.0,3.2,6.3,6.3,6.3,31,13,,,14,9,130,79,91,49,54,36,1.0,1.0,,,,,,0.16,0.05,0.21,1.51,0.0,0.33,0.67,1.0,12.67,3,2,90.0,0.0,0.0,0.0,1.0,0.0,0.0,0.0,0.0,0.0,0.0,1.0,0.0,7.0,10426.0,15310.0,0.0,0.31999999999999995,0.1,0.42000000000000004,2.1899999999999995,0.0,0.0,0.0,0.0,2.0,2.0,2.0,6.0
336,Noah,Okafor,Okafor,a,,,5.9,97,62,0.3,294,100,2.0,193,89,3,0,0,-1,1,692,1796,0.3,1.0,2.0,2.0,2.0,218,97,,,200,79,120,74,122,62,167,81,,,,,,,,0.05,0.11,0.16,0.65,0.0,0.59,0.59,1.18,4.12,3,3,61.0,0.0,0.0,1.0,0.0,0.0,0.0,0.0,0.0,0.0,0.0,1.0,0.0,9.0,704.0,1884.0,0.0,0.0,0.009999999999999981,0.010000000000000009,0.2400000000000001,0.0,0.0,0.0,0.0,0.0,0.0,0.0,0.0
337,Brenden,Aaronson,Aaronson,a,,,5.4,208,130,0.7,237,80,1.7,210,96,1,-1,1,-1,1,403,3577,0.3,0.9,1.7,1.7,1.7,236,105,,,232,96,262,136,177,87,263,118,,3.0,,,,,,0.01,0.01,0.02,1.8,0.0,0.58,1.17,1.17,5.84,3,1,28.0,0.0,0.0,0.0,1.0,0.0,0.0,0.0,0.0,0.0,0.0,0.0,0.0,5.0,415.0,3710.0,0.0,0.0,0.0,0.0,1.9500000000000002,0.0,0.0,0.0,0.0,0.0,0.0,0.0,0.0
338,Ethan,Ampadu,Ampadu,a,,,5.5,133,81,1.1,183,57,3.0,122,51,2,0,0,0,0,925,4883,0.5,1.6,3.0,3.0,3.0,137,56,,,101,36,52,41,251,123,102,53,,,,,,,,0.0,0.05,0.05,1.51,0.0,0.33,0.67,1.0,11.33,3,2,90.0,0.0,0.0,0.0,1.0,0.0,0.0,0.0,0.0,0.0,0.0,1.0,0.0,13.0,939.0,5071.0,0.0,0.0,0.010000000000000009,0.009999999999999981,2.1899999999999995,0.0,0.0,0.0,0.0,4.0,6.0,1.0,11.0
339,Sean,Longstaff,Longstaff,a,,,4.9,376,227,0.1,419,164,0.3,347,157,0,-1,1,-1,1,265,605,0.1,0.2,0.3,0.3,1.0,293,122,,,497,191,323,164,443,157,506,195,3.0,2.0,,,,,,0.0,0.0,0.0,0.79,0.0,0.0,0.0,0.0,0.0,3,0,0.0,0.0,0.0,0.0,0.0,0.0,0.0,0.0,0.0,0.0,0.0,0.0,0.0,0.0,268.0,625.0,0.0,0.0,0.0,0.0,0.0,0.0,0.0,0.0,0.0,0.0,0.0,0.0,0.0
341,Wilfried,Gnonto,Gnonto,u,Has joined ACF Fiorentina on loan for the rest of the season,,5.0,321,192,0.0,598,252,0.0,584,244,0,0,0,0,0,0,199,0.0,0.0,0.0,0.0,0.0,584,244,0.0,0.0,558,230,564,236,530,209,566,233,,,,,,,,0.0,0.0,0.0,0.0,0.0,0.0,0.0,0.0,0.0,3,0,0.0,0.0,0.0,0.0,0.0,0.0,0.0,0.0,0.0,0.0,0.0,0.0,0.0,0.0,0.0,200.0,0.0,0.0,0.0,0.0,0.0,0.0,0.0,0.0,0.0,0.0,0.0,0.0,0.0
342,Jack,Harrison,Harrison,u,Has joined New England Revolution permanently,,5.0,275,171,0.0,653,291,0.0,562,232,0,0,0,0,0,0,5,0.0,0.0,0.0,0.0,0.0,562,232,0.0,0.0,533,216,535,222,494,191,541,219,,,,,,,,0.0,0.0,0.0,0.0,0.0,0.0,0.0,0.0,0.0,3,0,0.0,0.0,0.0,0.0,0.0,0.0,0.0,0.0,0.0,0.0,0.0,0.0,0.0,0.0,0.0,5.0,0.0,0.0,0.0,0.0,0.0,0.0,0.0,0.0,0.0,0.0,0.0,0.0,0.0
343,Daniel,James,James,a,,,5.0,261,162,0.1,414,161,0.3,359,164,0,0,0,0,0,295,628,0.1,0.2,0.3,0.3,1.0,313,135,,,530,214,280,143,128,65,292,131,,,,,,,,0.98,0.04,1.02,3.8,0.0,0.0,0.0,0.0,8.18,3,0,0.0,0.0,0.0,0.0,0.0,0.0,0.0,0.0,0.0,0.0,0.0,0.0,0.0,0.0,305.0,646.0,0.0,0.0,0.0,0.0,0.0,0.0,0.0,0.0,0.0,0.0,0.0,0.0,0.0
344,Ilia,Gruev,Gruev,d,Knee injury - 25% chance of playing,,5.0,312,186,0.0,635,277,0.0,578,240,0,0,0,0,0,5,15,0.0,0.0,0.0,0.0,0.0,578,240,25.0,25.0,551,225,557,231,521,203,559,228,,,,,,,,0.0,0.0,0.0,0.0,0.0,0.0,0.0,0.0,0.0,3,0,0.0,0.0,0.0,0.0,0.0,0.0,0.0,0.0,0.0,0.0,0.0,0.0,0.0,0.0,5.0,15.0,0.0,0.0,0.0,0.0,0.0,0.0,0.0,0.0,0.0,0.0,0.0,0.0,0.0
345,Tanaka,Ao,Tanaka,a,,,4.9,388,234,0.2,324,117,2.0,176,76,5,0,0,-1,1,2084,878,0.4,1.2,2.0,2.0,3.0,126,51,,,175,67,253,133,450,162,246,110,4.0,,,,,,,0.41,0.02,0.43,1.54,0.0,0.0,0.77,0.77,14.62,3,5,72.0,0.0,1.0,0.0,1.0,0.0,0.0,0.0,0.0,0.0,0.0,1.0,0.0,18.0,2097.0,899.0,0.0,0.53,0.01,0.54,0.8700000000000001,0.0,0.0,0.0,0.0,2.0,3.0,3.0,8.0
346,Dominic,Calvert-Lewin,Calvert-Lewin,a,,,6.0,62,14,24.9,11,3,3.3,105,10,1,0,0,0,0,33164,137668,0.6,1.7,3.3,3.3,3.3,116,13,,,100,9,213,28,37,12,90,13,,,1.0,,,,,0.58,0.03,0.61,1.14,0.0,0.36,0.71,1.07,3.21,3,1,72.0,0.0,0.0,0.0,1.0,0.0,0.0,0.0,1.0,0.0,0.0,1.0,0.0,0.0,34437.0,143341.0,0.0,0.56,0.06,0.6199999999999999,0.8700000000000001,0.0,0.0,0.0,0.0,0.0,1.0,2.0,3.0
347,Lukas,Nmecha,Nmecha,a,,,5.4,192,45,0.5,257,43,1.7,208,18,1,-1,1,-1,1,968,2289,0.3,0.9,1.7,1.7,2.5,163,18,,,186,15,123,11,190,32,186,22,,,2.0,,,,,0.64,0.33,0.97,5.33,0.0,0.0,0.0,0.0,2.37,3,1,17.0,0.0,0.0,0.0,0.0,0.0,0.0,0.0,0.0,0.0,0.0,0.0,0.0,2.0,1006.0,2343.0,0.0,0.17,0.14,0.30999999999999994,1.3199999999999998,0.0,0.0,0.0,0.0,0.0,0.0,0.0,0.0
348,Joël,Piroe,Piroe,u,Has joined West Ham United on loan for the rest of the season,,5.0,285,55,0.1,457,64,0.0,567,61,0,0,0,0,0,0,570,0.0,0.0,0.0,0.0,0.0,567,61,0.0,0.0,539,50,541,55,501,52,547,55,,,3.0,,,,,0.0,0.0,0.0,0.0,0.0,0.0,0.0,0.0,0.0,3,0,0.0,0.0,0.0,0.0,0.0,0.0,0.0,0.0,0.0,0.0,0.0,0.0,0.0,0.0,0.0,580.0,0.0,0.0,0.0,0.0,0.0,0.0,0.0,0.0,0.0,0.0,0.0,0.0,0.0
349,Mateo,Joseph Fernández-Regatillo,Mateo Joseph,i,Knee injury - Unknown return date,,4.5,533,72,0.1,493,68,0.0,501,53,0,0,0,0,0,271,357,0.0,0.0,0.0,0.0,0.0,501,53,0.0,0.0,462,42,463,47,406,44,472,47,,,,,,,,0.0,0.0,0.0,0.0,0.0,0.0,0.0,0.0,0.0,3,0,0.0,0.0,0.0,0.0,0.0,0.0,0.0,0.0,0.0,0.0,0.0,0.0,0.0,0.0,285.0,364.0,0.0,0.0,0.0,0.0,0.0,0.0,0.0,0.0,0.0,0.0,0.0,0.0,0.0
385,James,Trafford,Trafford,a,,,5.0,290,11,5.3,67,10,5.0,48,2,3,0,0,0,0,19197,12644,1.0,3.0,5.0,5.0,5.0,52,3,,,39,7,545,62,505,62,150,7,,,,,,,,0.0,0.0,0.0,1.51,3.67,0.33,0.67,1.0,0.0,3,3,90.0,0.0,0.0,0.0,1.0,0.0,0.0,0.0,0.0,0.0,4.0,1.0,0.0,18.0,19728.0,13062.0,0.0,0.0,0.0,0.0,2.1899999999999995,0.0,0.0,0.0,0.0,0.0,2.0,11.0,0.0
598,Nico,Elvedi,Elvedi,a,,,4.5,450,93,0.0,535,186,1.7,199,75,4,0,0,0,0,421,212,0.4,1.1,1.7,1.7,2.5,160,62,,,202,84,279,100,184,63,243,90,,,,,,,,0.0,0.35,0.35,2.16,0.0,0.0,1.23,0.62,9.86,3,4,90.0,0.0,0.0,0.0,1.0,0.0,0.0,0.0,0.0,0.0,0.0,1.0,0.0,12.0,432.0,217.0,0.0,0.0,0.57,0.57,2.1899999999999995,0.0,0.0,0.0,0.0,0.0,10.0,0.0,10.0
603,Jayden,Lienou,Lienou,a,,,4.0,652,212,0.1,429,151,0.0,441,168,0,0,0,0,0,508,371,0.0,0.0,0.0,0.0,0.0,441,168,,,395,157,387,155,315,132,405,157,,,,,,,,0.0,0.0,0.0,0.0,0.0,0.0,0.0,0.0,0.0,3,0,0.0,0.0,0.0,0.0,0.0,0.0,0.0,0.0,0.0,0.0,0.0,0.0,0.0,0.0,524.0,377.0,0.0,0.0,0.0,0.0,0.0,0.0,0.0,0.0,0.0,0.0,0.0,0.0,0.0
604,Alfie,Cresswell,Cresswell,a,,,4.5,544,279,0.1,386,142,0.0,509,199,0,0,0,0,0,1417,765,0.0,0.0,0.0,0.0,0.0,509,199,,,470,177,471,186,415,144,480,182,,,,,,,,0.0,0.0,0.0,0.0,0.0,0.0,0.0,0.0,0.0,3,0,0.0,0.0,0.0,0.0,0.0,0.0,0.0,0.0,0.0,0.0,0.0,0.0,0.0,0.0,1452.0,774.0,0.0,0.0,0.0,0.0,0.0,0.0,0.0,0.0,0.0,0.0,0.0,0.0,0.0
625,Alex,Cairns,Cairns,a,,,4.0,586,56,0.2,360,40,0.0,395,30,0,0,0,0,0,2430,593,0.0,0.0,0.0,0.0,0.0,395,30,,,348,30,338,9,260,8,357,30,,,,,,,,0.0,0.0,0.0,0.0,0.0,0.0,0.0,0.0,0.0,3,0,0.0,0.0,0.0,0.0,0.0,0.0,0.0,0.0,0.0,0.0,0.0,0.0,0.0,0.0,2539.0,616.0,0.0,0.0,0.0,0.0,0.0,0.0,0.0,0.0,0.0,0.0,0.0,0.0,0.0
629,Michael,Zetterer,Zetterer,a,,,4.0,590,58,0.3,282,37,0.0,399,32,0,0,0,0,0,8407,1201,0.0,0.0,1.0,1.0,0.0,399,32,,,352,32,342,11,264,10,361,32,,,,,,,,0.0,0.0,0.0,0.0,0.0,0.0,0.0,0.0,0.0,3,0,0.0,0.0,0.0,0.0,0.0,0.0,0.0,0.0,0.0,0.0,0.0,0.0,0.0,0.0,8646.0,1229.0,0.0,0.0,0.0,0.0,0.0,0.0,0.0,0.0,0.0,0.0,0.0,0.0,0.0
641,Melvin,Bard,Bard,a,,,4.5,486,120,0.0,636,211,0.0,471,181,0,0,0,0,0,107,28,0.0,0.0,1.8,1.8,0.0,471,181,,,430,174,427,174,366,161,440,174,,,,,,,,0.0,0.0,0.0,0.0,0.0,0.0,0.0,0.0,0.0,3,0,0.0,0.0,0.0,0.0,0.0,0.0,0.0,0.0,0.0,0.0,0.0,0.0,0.0,0.0,109.0,28.0,0.0,0.0,0.0,0.0,0.0,0.0,0.0,0.0,0.0,0.0,0.0,0.0,0.0
648,Jean-Mattéo,Bahoya,Bahoya,a,,,5.0,354,216,0.0,594,249,0.0,598,253,0,0,0,0,0,394,119,0.0,0.0,1.5,1.5,0.0,598,253,,,573,240,580,246,550,223,581,243,,,,,,,,0.0,0.0,0.0,0.0,0.0,0.0,0.0,0.0,0.0,3,0,0.0,0.0,0.0,0.0,0.0,0.0,0.0,0.0,0.0,0.0,0.0,0.0,0.0,0.0,404.0,121.0,0.0,0.0,0.0,0.0,0.0,0.0,0.0,0.0,0.0,0.0,0.0,0.0,0.0
12,Bukayo,Saka,Saka,a,,,9.5,4,3,11.2,38,14,7.3,15,6,2,0,0,0,0,64240,32116,0.8,2.3,7.3,7.3,7.3,16,7,,,6,5,66,45,10,6,7,6,2.0,2.0,1.0,,,,,0.55,0.13,0.68,0.29,0.0,0.73,0.37,1.1,8.05,3,2,89.0,0.0,0.0,0.0,1.0,0.0,0.0,0.0,0.0,0.0,0.0,1.0,0.0,13.0,67709.0,33715.0,0.0,0.22999999999999998,0.22999999999999998,0.4600000000000002,0.39,0.0,0.0,0.0,0.0,1.0,1.0,2.0,4.0
350,Alisson,Becker,A.Becker,a,,,5.5,125,3,3.8,88,14,3.3,101,8,8,0,0,0,0,11214,8732,0.6,1.8,3.3,3.3,3.3,112,8,,,151,16,607,69,591,69,230,16,,,,,,,,0.0,0.0,0.0,1.54,3.0,0.33,1.33,1.0,0.0,3,8,90.0,0.0,0.0,1.0,0.0,0.0,0.0,0.0,0.0,0.0,5.0,1.0,1.0,35.0,11598.0,9076.0,0.0,0.0,0.0,0.0,0.75,0.0,0.0,0.0,0.0,0.0,2.0,14.0,0.0
351,Giorgi,Mamardashvili,Mamardashvili,a,,,4.9,396,21,0.1,383,44,0.0,543,68,0,0,0,-1,1,266,838,0.0,0.0,0.0,0.0,0.0,543,68,,,508,68,509,56,458,55,518,68,,,,,,,,0.0,0.0,0.0,0.0,0.0,0.0,0.0,0.0,0.0,3,0,0.0,0.0,0.0,0.0,0.0,0.0,0.0,0.0,0.0,0.0,0.0,0.0,0.0,0.0,274.0,842.0,0.0,0.0,0.0,0.0,0.0,0.0,0.0,0.0,0.0,0.0,0.0,0.0,0.0
352,Freddie,Woodman,Woodman,a,,,4.0,591,59,1.1,185,28,0.0,400,33,0,0,0,0,0,1271,2462,0.0,0.0,0.0,0.0,0.0,400,33,,,353,33,343,12,265,11,362,33,,,,,,,,0.0,0.0,0.0,0.0,0.0,0.0,0.0,0.0,0.0,3,0,0.0,0.0,0.0,0.0,0.0,0.0,0.0,0.0,0.0,0.0,0.0,0.0,0.0,0.0,1303.0,2512.0,0.0,0.0,0.0,0.0,0.0,0.0,0.0,0.0,0.0,0.0,0.0,0.0,0.0
353,Armin,Pecsi,Pecsi,u,Has joined TSV Hartberg on loan for the rest of the season,,4.0,646,71,0.0,567,66,0.0,437,45,0,0,0,0,0,0,68,0.0,0.0,0.0,0.0,0.0,437,45,0.0,0.0,391,45,383,24,310,23,401,45,,,,,,,,0.0,0.0,0.0,0.0,0.0,0.0,0.0,0.0,0.0,3,0,0.0,0.0,0.0,0.0,0.0,0.0,0.0,0.0,0.0,0.0,0.0,0.0,0.0,0.0,0.0,70.0,0.0,0.0,0.0,0.0,0.0,0.0,0.0,0.0,0.0,0.0,0.0,0.0,0.0
354,Vitezslav,Jaros,Jaros,i,Knee injury - Unknown return date,,4.0,610,64,0.0,575,68,0.0,410,38,0,0,0,0,0,241,117,0.0,0.0,0.0,0.0,0.0,410,38,0.0,0.0,363,38,355,17,279,16,373,38,,,,,,,,0.0,0.0,0.0,0.0,0.0,0.0,0.0,0.0,0.0,3,0,0.0,0.0,0.0,0.0,0.0,0.0,0.0,0.0,0.0,0.0,0.0,0.0,0.0,0.0,270.0,128.0,0.0,0.0,0.0,0.0,0.0,0.0,0.0,0.0,0.0,0.0,0.0,0.0,0.0
355,Harvey,Davies,Davies,a,,,4.0,620,67,0.2,363,41,0.0,415,41,0,0,0,0,0,424,365,0.0,0.0,0.0,0.0,0.0,415,41,,,368,41,360,20,285,19,378,41,,,,,,,,0.0,0.0,0.0,0.0,0.0,0.0,0.0,0.0,0.0,3,0,0.0,0.0,0.0,0.0,0.0,0.0,0.0,0.0,0.0,0.0,0.0,0.0,0.0,0.0,443.0,376.0,0.0,0.0,0.0,0.0,0.0,0.0,0.0,0.0,0.0,0.0,0.0,0.0,0.0
356,Virgil,van Dijk,Virgil,a,,,6.5,33,2,17.3,22,6,3.0,125,50,6,0,0,0,0,26031,40885,0.5,1.4,3.0,3.0,3.0,141,57,,,55,18,203,66,73,16,96,34,,,,,,,,0.08,0.02,0.1,1.54,0.0,0.33,1.33,1.0,8.33,3,6,90.0,0.0,0.0,1.0,0.0,0.0,0.0,0.0,0.0,0.0,0.0,1.0,0.0,32.0,26791.0,42641.0,0.0,0.0,0.019999999999999997,0.020000000000000018,0.75,0.0,0.0,0.0,0.0,3.0,4.0,4.0,7.0
357,Jeremie,Frimpong,Frimpong,a,,,5.4,199,25,2.6,112,44,0.3,368,133,0,-1,1,-1,1,1571,36638,0.1,0.2,0.3,0.3,0.5,384,135,,,147,65,29,5,119,36,76,22,,,,,,,,0.01,0.06,0.07,2.14,0.0,0.0,2.25,1.12,4.5,3,0,0.0,0.0,0.0,0.0,0.0,0.0,0.0,0.0,0.0,0.0,0.0,0.0,0.0,0.0,1823.0,37522.0,0.0,0.0,0.0,0.0,0.0,0.0,0.0,0.0,0.0,0.0,0.0,0.0,0.0
358,Milos,Kerkez,Kerkez,a,,,5.4,227,31,2.9,109,43,2.0,189,71,5,-1,1,-1,1,4163,11917,0.4,1.1,2.0,2.0,2.0,213,81,,,84,37,94,29,131,42,97,35,,,,,,,,0.01,0.02,0.03,1.64,0.0,0.36,1.44,1.08,7.2,3,5,90.0,0.0,0.0,1.0,0.0,0.0,0.0,0.0,1.0,0.0,0.0,1.0,0.0,23.0,4358.0,12388.0,0.0,0.0,0.03,0.03,0.7499999999999996,0.0,0.0,0.0,0.0,2.0,3.0,1.0,5.0
359,Joe,Gomez,Gomez,i,Muscular injury - Unknown return date,,5.0,255,39,0.0,586,199,0.0,557,201,0,0,0,0,0,20,79,0.0,0.0,0.0,0.0,0.0,557,201,0.0,0.0,527,199,528,199,486,192,536,199,,,,,,,,0.0,0.0,0.0,0.0,0.0,0.0,0.0,0.0,0.0,3,0,0.0,0.0,0.0,0.0,0.0,0.0,0.0,0.0,0.0,0.0,0.0,0.0,0.0,0.0,20.0,80.0,0.0,0.0,0.0,0.0,0.0,0.0,0.0,0.0,0.0,0.0,0.0,0.0,0.0
360,Conor,Bradley,Bradley,i,Knee injury - Unknown return date,,5.0,320,58,0.0,603,203,0.0,583,207,0,0,0,0,0,23,72,0.0,0.0,0.0,0.0,0.0,583,207,0.0,0.0,557,206,563,206,529,202,565,206,,,,,,,,0.0,0.0,0.0,0.0,0.0,0.0,0.0,0.0,0.0,3,0,0.0,0.0,0.0,0.0,0.0,0.0,0.0,0.0,0.0,0.0,0.0,0.0,0.0,0.0,24.0,73.0,0.0,0.0,0.0,0.0,0.0,0.0,0.0,0.0,0.0,0.0,0.0,0.0,0.0
361,Wellity,Lucky,Lucky,a,,,4.0,631,192,0.1,398,146,0.0,425,153,0,0,0,0,0,323,549,0.0,0.0,0.0,0.0,0.0,425,153,,,379,142,371,140,296,114,389,142,,,,,,,,0.0,0.0,0.0,0.0,0.0,0.0,0.0,0.0,0.0,3,0,0.0,0.0,0.0,0.0,0.0,0.0,0.0,0.0,0.0,0.0,0.0,0.0,0.0,0.0,331.0,556.0,0.0,0.0,0.0,0.0,0.0,0.0,0.0,0.0,0.0,0.0,0.0,0.0,0.0
362,Jeremy,Jacquet,Jacquet,a,,,5.0,355,62,2.6,113,45,3.0,119,46,5,0,0,0,0,16015,10728,0.6,1.8,3.0,3.0,3.0,134,52,100.0,100.0,79,33,91,28,235,88,116,42,,,,,,,,0.0,0.04,0.04,1.54,0.0,0.38,1.53,1.15,8.81,3,5,90.0,0.0,0.0,1.0,0.0,0.0,0.0,0.0,1.0,0.0,0.0,1.0,0.0,28.0,16642.0,11097.0,0.0,0.0,0.03,0.03,0.7499999999999996,0.0,0.0,0.0,0.0,3.0,6.0,3.0,9.0
363,Giovanni,Leoni,Leoni,i,Knee injury - Unknown return date,,4.0,653,213,0.0,523,182,0.0,442,169,0,0,0,0,0,66,169,0.0,0.0,0.0,0.0,0.0,442,169,0.0,0.0,396,158,388,156,316,133,406,158,,,,,,,,0.0,0.0,0.0,0.0,0.0,0.0,0.0,0.0,0.0,3,0,0.0,0.0,0.0,0.0,0.0,0.0,0.0,0.0,0.0,0.0,0.0,0.0,0.0,0.0,69.0,174.0,0.0,0.0,0.0,0.0,0.0,0.0,0.0,0.0,0.0,0.0,0.0,0.0,0.0
364,Kostas,Tsimikas,Tsimikas,a,,,4.9,380,68,0.1,467,165,0.3,349,128,0,-1,1,-1,1,99,563,0.1,0.2,0.3,0.3,1.0,295,118,,,295,112,273,98,153,51,281,102,,,,,,,,0.19,0.05,0.24,0.33,0.0,0.0,0.0,0.0,0.0,3,0,0.0,0.0,0.0,0.0,0.0,0.0,0.0,0.0,0.0,0.0,0.0,0.0,0.0,0.0,103.0,574.0,0.0,0.0,0.0,0.0,0.0,0.0,0.0,0.0,0.0,0.0,0.0,0.0,0.0
365,Calvin,Ramsay,Ramsay,u,Has joined St Mirren on loan for the rest of the season,,4.0,624,187,0.1,403,148,0.0,419,149,0,0,0,0,0,0,795,0.0,0.0,0.0,0.0,0.0,419,149,0.0,0.0,372,137,364,135,289,109,382,137,,,,,,,,0.0,0.0,0.0,0.0,0.0,0.0,0.0,0.0,0.0,3,0,0.0,0.0,0.0,0.0,0.0,0.0,0.0,0.0,0.0,0.0,0.0,0.0,0.0,0.0,0.0,820.0,0.0,0.0,0.0,0.0,0.0,0.0,0.0,0.0,0.0,0.0,0.0,0.0,0.0
366,Florian,Wirtz,Wirtz,a,,,7.4,20,13,8.8,47,19,3.0,126,52,3,-1,1,-1,1,4004,95952,0.4,1.2,3.0,3.0,3.0,143,58,,,107,40,46,36,33,21,35,28,3.0,2.0,4.0,,,,,0.25,0.11,0.36,1.29,0.0,0.37,1.49,1.12,7.07,3,3,90.0,0.0,0.0,1.0,0.0,0.0,0.0,0.0,0.0,0.0,0.0,1.0,0.0,14.0,5481.0,97505.0,0.0,0.18000000000000005,0.04999999999999999,0.22999999999999998,0.6499999999999999,0.0,0.0,0.0,0.0,0.0,0.0,4.0,4.0
367,Cody,Gakpo,Gakpo,a,,,7.2,24,15,12.2,33,12,9.3,1,1,11,1,-1,2,-2,349515,18190,1.3,3.9,9.3,9.3,9.3,2,2,,,23,13,16,15,40,24,18,14,2.0,,3.0,,,,,0.13,0.43,0.56,1.64,0.0,0.36,1.44,1.08,9.0,3,11,90.0,0.0,2.0,1.0,0.0,0.0,0.0,0.0,0.0,0.0,0.0,1.0,2.0,43.0,352479.0,19782.0,0.0,0.06,0.3999999999999999,0.45999999999999996,0.7499999999999996,0.0,0.0,0.0,0.0,3.0,2.0,5.0,10.0
368,Dominik,Szoboszlai,Szoboszlai,a,,,7.0,27,18,39.5,5,2,5.0,53,26,3,0,0,0,0,36643,196853,0.7,2.1,5.0,5.0,5.0,58,27,,,15,10,7,7,78,44,9,8,1.0,1.0,1.0,,,,,0.39,0.17,0.56,1.54,0.0,0.33,1.33,1.0,9.67,3,3,90.0,0.0,0.0,1.0,0.0,0.0,0.0,0.0,0.0,0.0,0.0,1.0,0.0,20.0,41295.0,200067.0,0.0,0.15999999999999992,0.08000000000000002,0.24,0.75,0.0,0.0,0.0,0.0,0.0,3.0,6.0,9.0
369,Rio,Ngumoha,Ngumoha,a,,,5.8,116,76,0.7,235,79,1.0,276,126,0,-1,1,-2,2,469,10547,0.2,0.5,1.0,1.0,1.5,248,112,,,280,128,197,109,181,90,265,119,,,,,,,,0.04,0.06,0.1,0.64,0.0,0.0,2.22,1.11,3.33,3,0,0.0,0.0,0.0,0.0,0.0,0.0,0.0,0.0,0.0,0.0,0.0,0.0,0.0,0.0,499.0,10798.0,0.0,0.0,0.0,0.0,0.0,0.0,0.0,0.0,0.0,0.0,0.0,0.0,0.0
370,Federico,Chiesa,Chiesa,i,Back injury - Unknown return date,,5.4,200,125,0.1,479,191,0.0,612,261,0,0,0,-1,1,9,592,0.0,0.0,0.0,0.0,0.0,612,261,0.0,0.0,587,248,594,254,568,234,595,251,,,,,,,,0.0,0.0,0.0,0.0,0.0,0.0,0.0,0.0,0.0,3,0,0.0,0.0,0.0,0.0,0.0,0.0,0.0,0.0,0.0,0.0,0.0,0.0,0.0,0.0,9.0,604.0,0.0,0.0,0.0,0.0,0.0,0.0,0.0,0.0,0.0,0.0,0.0,0.0,0.0
371,Ryan,Gravenberch,Gravenberch,a,,,5.9,100,64,1.5,149,45,2.3,164,72,1,-1,1,-1,1,2052,15959,0.4,1.2,2.3,2.3,2.3,181,78,,,137,50,88,55,207,100,144,70,,,,,,,,0.04,0.04,0.08,0.99,0.0,0.0,1.48,0.74,10.33,3,1,26.0,0.0,0.0,0.0,0.0,0.0,0.0,0.0,0.0,0.0,0.0,0.0,0.0,2.0,2127.0,16158.0,0.0,0.0,0.0,0.0,0.17000000000000015,0.0,0.0,0.0,0.0,0.0,1.0,1.0,2.0
372,Alexis,Mac Allister,Mac Allister,a,,,5.4,205,129,1.4,153,47,1.7,209,95,2,-1,1,-1,1,3178,7989,0.3,0.9,1.7,1.7,1.7,235,104,,,185,71,190,106,571,237,226,100,,,5.0,,,,,0.04,0.2,0.24,1.89,0.0,0.48,0.97,0.97,11.61,3,2,83.0,0.0,0.0,1.0,0.0,0.0,0.0,0.0,1.0,0.0,0.0,1.0,0.0,14.0,3249.0,8132.0,0.0,0.08,0.019999999999999962,0.09999999999999998,0.6000000000000001,0.0,0.0,0.0,0.0,3.0,3.0,5.0,11.0
373,Curtis,Jones,C.Jones,u,Has joined Internazionale permanently,,5.5,139,84,0.0,550,224,0.0,624,268,0,0,0,0,0,0,158,0.0,0.0,0.0,0.0,0.0,624,268,0.0,0.0,608,261,612,262,598,251,613,262,,,,,,,,0.0,0.0,0.0,0.0,0.0,0.0,0.0,0.0,0.0,3,0,0.0,0.0,0.0,0.0,0.0,0.0,0.0,0.0,0.0,0.0,0.0,0.0,0.0,0.0,0.0,163.0,0.0,0.0,0.0,0.0,0.0,0.0,0.0,0.0,0.0,0.0,0.0,0.0,0.0
374,Endo,Wataru,Endo,a,,,5.0,253,157,0.1,476,189,0.0,556,228,0,0,0,0,0,237,465,0.0,0.0,0.0,0.0,0.0,556,228,100.0,100.0,526,211,527,218,485,186,535,215,,,,,,,,0.0,0.0,0.0,0.0,0.0,0.0,0.0,0.0,0.0,3,0,0.0,0.0,0.0,0.0,0.0,0.0,0.0,0.0,0.0,0.0,0.0,0.0,0.0,0.0,240.0,472.0,0.0,0.0,0.0,0.0,0.0,0.0,0.0,0.0,0.0,0.0,0.0,0.0,0.0
375,Trey,Nyoni,Nyoni,a,,,4.9,414,251,0.0,514,210,0.7,303,137,1,-1,1,-1,1,211,263,0.1,0.4,0.7,0.7,1.0,305,129,,,257,114,240,127,468,174,295,132,,,,,,,,0.0,0.0,0.0,1.04,0.0,0.0,0.0,0.0,23.68,3,1,6.0,0.0,0.0,0.0,0.0,0.0,0.0,0.0,0.0,0.0,0.0,0.0,0.0,3.0,215.0,266.0,0.0,0.0,0.0,0.0,0.15,0.0,0.0,0.0,0.0,0.0,0.0,0.0,0.0
376,Stefan,Bajčetić Maquieira,Bajcetic,u,Has joined Celta Vigo permanently,,5.0,340,204,0.0,649,287,0.0,592,248,0,0,0,0,0,0,9,0.0,0.0,0.0,0.0,0.0,592,248,0.0,0.0,566,234,573,240,540,214,574,237,,,,,,,,0.0,0.0,0.0,0.0,0.0,0.0,0.0,0.0,0.0,3,0,0.0,0.0,0.0,0.0,0.0,0.0,0.0,0.0,0.0,0.0,0.0,0.0,0.0,0.0,0.0,9.0,0.0,0.0,0.0,0.0,0.0,0.0,0.0,0.0,0.0,0.0,0.0,0.0,0.0
377,Victor,Munoz,Munoz,a,,,6.5,45,30,1.3,163,50,4.3,70,33,3,0,0,0,0,6778,11013,0.7,2.0,4.3,4.3,4.3,75,34,,,71,28,100,62,39,23,49,35,,,,,,,,0.21,0.12,0.33,1.98,0.0,0.5,1.0,1.0,5.5,3,3,63.0,0.0,0.0,1.0,0.0,0.0,0.0,0.0,0.0,0.0,0.0,1.0,0.0,9.0,7806.0,11190.0,0.0,0.0,0.01999999999999999,0.020000000000000018,0.5800000000000001,0.0,0.0,0.0,0.0,0.0,0.0,4.0,4.0
378,James,McConnell,McConnell,a,,,4.5,508,268,0.2,321,115,0.0,479,189,0,0,0,0,0,419,972,0.0,0.0,0.0,0.0,0.0,479,189,,,438,167,440,176,382,134,448,172,,,,,,,,0.0,0.0,0.0,0.0,0.0,0.0,0.0,0.0,0.0,3,0,0.0,0.0,0.0,0.0,0.0,0.0,0.0,0.0,0.0,0.0,0.0,0.0,0.0,0.0,430.0,989.0,0.0,0.0,0.0,0.0,0.0,0.0,0.0,0.0,0.0,0.0,0.0,0.0,0.0
379,Alexander,Isak,Isak,a,,,9.0,5,2,18.7,17,4,7.7,11,2,13,0,0,0,0,225390,24417,0.9,2.6,7.7,7.7,7.7,12,2,,,72,6,106,10,1,1,10,2,,,2.0,,,,,0.85,0.02,0.87,1.65,0.0,0.37,1.48,1.11,1.85,3,13,63.0,2.0,0.0,1.0,0.0,0.0,0.0,0.0,0.0,0.0,0.0,1.0,3.0,61.0,227793.0,26770.0,0.0,0.20999999999999996,0.049999999999999996,0.26000000000000023,0.5800000000000001,0.0,0.0,0.0,0.0,0.0,1.0,2.0,3.0
380,Hugo,Ekitiké,Ekitiké,i,Achilles injury - Unknown return date,,7.4,21,7,0.1,407,58,0.0,651,77,0,-1,1,-1,1,238,1045,0.0,0.0,0.0,0.0,0.0,651,77,0.0,0.0,651,77,651,77,651,77,651,77,,,,,,,,0.0,0.0,0.0,0.0,0.0,0.0,0.0,0.0,0.0,3,0,0.0,0.0,0.0,0.0,0.0,0.0,0.0,0.0,0.0,0.0,0.0,0.0,0.0,0.0,241.0,1052.0,0.0,0.0,0.0,0.0,0.0,0.0,0.0,0.0,0.0,0.0,0.0,0.0,0.0
381,Lewis,Koumas,Koumas,a,,,5.0,334,200,0.0,555,227,0.7,309,140,1,0,0,0,0,60,129,0.1,0.4,0.7,0.7,1.0,319,139,,,323,146,308,155,172,84,296,133,,,,,,,,0.21,0.0,0.21,4.02,0.0,0.0,0.0,0.0,6.92,3,1,1.0,0.0,0.0,0.0,0.0,0.0,0.0,0.0,0.0,0.0,0.0,0.0,0.0,3.0,60.0,131.0,0.0,0.0,0.0,0.0,0.09999999999999998,0.0,0.0,0.0,0.0,0.0,0.0,0.0,0.0
383,Harvey,Elliott,Elliott,u,Has joined Valencia on loan for the rest of the season,,5.4,212,134,0.0,500,202,0.0,613,262,0,0,0,-1,1,0,882,0.0,0.0,0.0,0.0,0.0,613,262,0.0,0.0,589,250,595,255,572,238,596,252,,,,,,,,0.0,0.0,0.0,0.0,0.0,0.0,0.0,0.0,0.0,3,0,0.0,0.0,0.0,0.0,0.0,0.0,0.0,0.0,0.0,0.0,0.0,0.0,0.0,0.0,0.0,893.0,0.0,0.0,0.0,0.0,0.0,0.0,0.0,0.0,0.0,0.0,0.0,0.0,0.0
2,Kepa,Arrizabalaga Revuelta,Arrizabalaga,a,,,4.9,373,18,0.1,462,52,0.0,532,66,0,-1,1,-1,1,148,305,0.0,0.0,0.0,0.0,0.0,532,66,,,494,66,495,53,440,52,503,66,,,,,,,,0.0,0.0,0.0,0.0,0.0,0.0,0.0,0.0,0.0,3,0,0.0,0.0,0.0,0.0,0.0,0.0,0.0,0.0,0.0,0.0,0.0,0.0,0.0,0.0,150.0,312.0,0.0,0.0,0.0,0.0,0.0,0.0,0.0,0.0,0.0,0.0,0.0,0.0,0.0
382,Jayden,Danns,Danns,a,,,4.5,512,67,0.1,433,63,0.0,483,49,0,0,0,0,0,2947,824,0.0,0.0,0.0,0.0,0.0,483,49,100.0,100.0,442,37,444,43,386,39,452,42,,,,,,,,0.0,0.0,0.0,0.0,0.0,0.0,0.0,0.0,0.0,3,0,0.0,0.0,0.0,0.0,0.0,0.0,0.0,0.0,0.0,0.0,0.0,0.0,0.0,0.0,3013.0,831.0,0.0,0.0,0.0,0.0,0.0,0.0,0.0,0.0,0.0,0.0,0.0,0.0,0.0
579,Ronald,Araujo,Araujo,a,,,5.4,213,28,2.2,118,48,3.0,121,47,8,0,0,-1,1,12527,6042,0.6,1.7,3.0,3.0,3.0,136,53,,,183,80,223,71,573,206,249,92,,,,,,,,0.0,0.04,0.04,1.0,0.0,0.73,0.0,0.73,10.98,3,8,90.0,0.0,0.0,1.0,0.0,0.0,0.0,0.0,0.0,0.0,0.0,1.0,0.0,27.0,12587.0,6391.0,0.0,0.0,0.010000000000000002,0.010000000000000002,0.7500000000000001,0.0,0.0,0.0,0.0,1.0,9.0,1.0,10.0
627,Bradley,Barcola,Barcola,a,,,8.0,8,5,1.6,142,43,1.0,284,131,1,0,0,0,0,38307,12345,0.1,0.1,2.8,2.8,1.0,371,175,,,654,291,654,291,654,291,654,291,,,,,,,,0.0,0.24,0.24,0.59,0.0,0.0,0.0,0.0,0.0,3,1,26.0,0.0,0.0,0.0,0.0,0.0,0.0,0.0,0.0,0.0,0.0,0.0,0.0,5.0,39558.0,12686.0,0.0,0.0,0.07,0.07,0.17,0.0,0.0,0.0,0.0,0.0,0.0,0.0,0.0
155,Enzo,Fernández,Enzo,a,,,6.9,30,19,3.3,99,31,1.3,241,109,3,0,0,-1,1,10885,17685,0.2,0.6,1.3,1.3,2.0,224,99,,,298,135,171,101,648,288,279,125,,,,,,,,0.12,0.13,0.25,1.15,0.0,0.9,0.0,0.9,5.4,3,3,75.0,0.0,0.0,1.0,0.0,0.0,0.0,0.0,0.0,0.0,0.0,1.0,0.0,17.0,11110.0,18294.0,0.0,0.13,0.12000000000000001,0.25,1.0,0.0,0.0,0.0,0.0,1.0,1.0,1.0,3.0
237,Iliman,Ndiaye,Ndiaye,a,,,5.9,98,63,10.7,42,16,5.3,43,21,3,-1,1,-1,1,18376,114171,0.9,2.7,5.3,5.3,5.3,48,23,,,46,22,26,23,25,15,21,16,,,,,,,,0.09,0.15,0.24,1.85,0.0,0.68,0.34,1.02,10.15,3,3,86.0,0.0,0.0,1.0,0.0,0.0,0.0,0.0,0.0,0.0,0.0,1.0,0.0,12.0,18732.0,123535.0,0.0,0.020000000000000018,0.03999999999999998,0.05999999999999994,1.3499999999999996,0.0,0.0,0.0,0.0,2.0,1.0,2.0,5.0
384,Gianluigi,Donnarumma,Donnarumma,a,,,5.5,137,4,7.8,55,8,3.3,103,9,7,0,0,0,0,10735,24482,0.6,1.8,3.3,3.3,3.3,114,9,,,122,13,611,70,597,70,210,13,,,,,,,,0.0,0.0,0.0,0.89,2.33,0.33,0.67,1.0,0.0,3,7,90.0,0.0,0.0,1.0,0.0,0.0,0.0,0.0,0.0,0.0,3.0,1.0,0.0,29.0,11308.0,25092.0,0.0,0.0,0.0,0.0,1.37,0.0,0.0,0.0,0.0,0.0,1.0,2.0,0.0
386,Marcus,Bettinelli,Bettinelli,a,,,4.5,438,31,0.0,546,62,0.0,453,52,0,0,0,0,0,48,83,0.0,0.0,0.0,0.0,0.0,453,52,,,408,52,402,33,336,32,418,52,,,,,,,,0.0,0.0,0.0,0.0,0.0,0.0,0.0,0.0,0.0,3,0,0.0,0.0,0.0,0.0,0.0,0.0,0.0,0.0,0.0,0.0,0.0,0.0,0.0,0.0,49.0,86.0,0.0,0.0,0.0,0.0,0.0,0.0,0.0,0.0,0.0,0.0,0.0,0.0,0.0
387,Nico,O'Reilly,O'Reilly,d,Back injury - 75% chance of playing,,6.5,42,4,16.5,23,7,1.3,239,86,0,0,0,0,0,3692,203089,0.2,0.6,1.0,1.3,2.0,222,83,75.0,,225,91,53,11,110,31,132,47,,,,,,,,0.05,0.26,0.31,0.73,0.0,0.0,1.2,1.2,1.8,3,0,0.0,0.0,0.0,0.0,0.0,0.0,0.0,0.0,0.0,0.0,0.0,0.0,0.0,0.0,4987.0,205602.0,0.0,0.0,0.0,0.0,0.0,0.0,0.0,0.0,0.0,0.0,0.0,0.0,0.0
388,Marc,Guéhi,Guéhi,a,,,6.0,66,6,18.7,16,4,6.7,27,13,8,0,0,0,0,33100,35006,1.1,3.3,6.7,6.7,6.7,28,13,,,20,4,71,19,67,13,37,4,,,,,,,,0.3,0.13,0.43,0.89,0.0,0.33,0.67,1.0,6.0,3,8,90.0,0.0,0.0,1.0,0.0,0.0,0.0,0.0,0.0,0.0,0.0,1.0,2.0,31.0,33859.0,36060.0,0.0,0.0,0.020000000000000018,0.020000000000000018,1.37,0.0,0.0,0.0,0.0,0.0,9.0,6.0,9.0
389,Matheus,Nunes,Matheus N.,a,,,5.9,103,10,1.0,195,74,0.3,380,136,0,0,0,-1,1,749,3995,0.1,0.2,0.3,0.3,1.0,357,128,100.0,100.0,293,110,266,92,208,75,298,107,,,4.0,,,,,0.0,0.11,0.11,0.27,0.0,0.0,0.0,0.0,2.73,3,0,0.0,0.0,0.0,0.0,0.0,0.0,0.0,0.0,0.0,0.0,0.0,0.0,0.0,0.0,763.0,4149.0,0.0,0.0,0.0,0.0,0.0,0.0,0.0,0.0,0.0,0.0,0.0,0.0,0.0
390,Rúben,dos Santos Gato Alves Dias,Rúben,a,,,5.5,129,13,1.8,135,57,3.3,102,38,6,0,0,0,0,3736,5450,0.6,1.8,3.3,3.3,3.3,113,44,,,51,15,50,10,50,9,39,5,,,,,,,,0.03,0.25,0.28,0.89,0.0,0.33,0.67,1.0,5.0,3,6,90.0,0.0,0.0,1.0,0.0,0.0,0.0,0.0,0.0,0.0,0.0,1.0,0.0,25.0,3959.0,5582.0,0.0,0.0,0.030000000000000027,0.029999999999999916,1.37,0.0,0.0,0.0,0.0,0.0,3.0,0.0,3.0
391,Joško,Gvardiol,Gvardiol,a,,,5.6,119,12,19.5,14,3,7.3,13,5,8,0,0,1,-1,122007,35069,1.3,3.9,7.3,7.3,7.3,14,5,,,10,2,43,8,94,25,31,2,,,,,,,,0.07,0.04,0.11,0.95,0.0,0.35,0.71,1.06,6.02,3,8,90.0,0.0,0.0,1.0,0.0,0.0,0.0,0.0,0.0,0.0,0.0,1.0,2.0,31.0,128632.0,37060.0,0.0,0.010000000000000009,0.020000000000000004,0.02999999999999997,1.37,0.0,0.0,0.0,0.0,4.0,4.0,7.0,8.0
392,Rayan,Aït-Nouri,Aït-Nouri,a,,,5.4,214,29,0.5,249,95,0.0,614,210,0,0,0,-1,1,363,4514,0.0,0.0,0.0,0.0,0.0,614,210,,,590,209,596,209,574,207,597,209,,,,,,,,0.0,0.0,0.0,0.0,0.0,0.0,0.0,0.0,0.0,3,0,0.0,0.0,0.0,0.0,0.0,0.0,0.0,0.0,0.0,0.0,0.0,0.0,0.0,0.0,369.0,4655.0,0.0,0.0,0.0,0.0,0.0,0.0,0.0,0.0,0.0,0.0,0.0,0.0,0.0
393,Abdukodir,Khusanov,Khusanov,a,,,5.5,184,24,1.6,143,60,3.0,123,48,5,0,0,0,0,2270,4472,0.5,1.6,3.0,3.0,3.0,138,54,,,105,47,191,60,205,74,171,63,,,,,,,,0.0,0.02,0.02,0.9,0.0,0.34,0.67,1.01,5.71,3,5,90.0,0.0,0.0,1.0,0.0,0.0,0.0,0.0,1.0,0.0,0.0,1.0,0.0,22.0,2340.0,4603.0,0.0,0.0,0.019999999999999997,0.019999999999999997,1.37,0.0,0.0,0.0,0.0,2.0,4.0,4.0,6.0
394,Max,Alleyne,Alleyne,u,Has joined Burnley on loan for the rest of the season,,5.0,322,59,0.0,625,208,0.0,585,208,0,0,0,0,0,0,27,0.0,0.0,0.0,0.0,0.0,585,208,0.0,0.0,559,207,565,207,531,203,567,207,,,,,,,,0.0,0.0,0.0,0.0,0.0,0.0,0.0,0.0,0.0,3,0,0.0,0.0,0.0,0.0,0.0,0.0,0.0,0.0,0.0,0.0,0.0,0.0,0.0,0.0,0.0,27.0,0.0,0.0,0.0,0.0,0.0,0.0,0.0,0.0,0.0,0.0,0.0,0.0,0.0
395,Rico,Lewis,Lewis,a,,,4.5,500,128,0.2,327,119,0.3,344,125,0,0,0,0,0,348,1562,0.1,0.2,0.3,0.3,1.0,288,114,,,292,109,218,69,46,6,180,67,,,,,,,,0.27,0.03,0.3,0.88,0.0,0.0,1.61,1.61,3.21,3,0,0.0,0.0,0.0,0.0,0.0,0.0,0.0,0.0,0.0,0.0,0.0,0.0,0.0,0.0,358.0,1600.0,0.0,0.0,0.0,0.0,0.0,0.0,0.0,0.0,0.0,0.0,0.0,0.0,0.0
396,Vitor,de Oliveira Nunes dos Reis,Vitor Reis,a,,,4.5,555,147,0.0,544,189,0.3,346,126,0,0,0,0,0,29,105,0.1,0.2,0.3,0.3,1.0,291,116,,,322,120,284,103,425,180,333,120,,,,,,,,0.0,0.0,0.0,0.0,0.0,0.0,0.0,0.0,0.0,3,0,0.0,0.0,0.0,0.0,0.0,0.0,0.0,0.0,0.0,0.0,0.0,0.0,0.0,0.0,31.0,108.0,0.0,0.0,0.0,0.0,0.0,0.0,0.0,0.0,0.0,0.0,0.0,0.0,0.0
397,Antoine,Semenyo,Semenyo,a,,,8.4,6,4,18.6,18,7,4.3,72,35,6,-1,1,-1,1,13278,98783,0.5,1.5,4.3,4.3,4.3,77,36,,,117,43,28,24,13,8,22,17,,,2.0,,,,,0.06,0.31,0.37,0.89,0.0,0.33,0.67,1.0,4.0,3,6,90.0,0.0,1.0,1.0,0.0,0.0,0.0,0.0,0.0,0.0,0.0,1.0,0.0,26.0,14184.0,103109.0,0.0,0.05000000000000002,0.3400000000000001,0.3900000000000001,1.37,0.0,0.0,0.0,0.0,1.0,0.0,3.0,4.0
398,Phil,Foden,Foden,a,,,7.0,26,17,5.1,70,22,3.7,94,45,1,0,0,0,0,8632,71763,0.5,1.6,3.7,3.7,3.7,102,47,,,47,23,4,4,60,35,11,9,3.0,2.0,,,,,,0.74,0.4,1.14,0.84,0.0,0.0,0.92,0.92,6.46,3,1,24.0,0.0,0.0,0.0,0.0,0.0,0.0,0.0,0.0,0.0,0.0,0.0,0.0,3.0,16923.0,72725.0,0.0,0.6200000000000001,0.010000000000000009,0.6300000000000001,0.5,0.0,0.0,0.0,0.0,0.0,0.0,1.0,1.0
399,Rayan,Cherki,Cherki,a,,,7.8,14,9,30.5,7,3,8.3,5,3,3,1,-1,3,-3,126065,109338,1.1,3.2,8.3,8.3,8.3,6,4,,,2,2,3,3,30,19,2,2,1.0,1.0,,,,,,0.29,0.7,0.99,0.84,0.0,0.52,0.52,1.04,3.12,3,3,65.0,0.0,0.0,1.0,0.0,0.0,0.0,0.0,0.0,0.0,0.0,1.0,0.0,23.0,149796.0,110889.0,0.0,0.21000000000000008,0.30000000000000004,0.51,0.8600000000000001,0.0,0.0,0.0,0.0,0.0,0.0,3.0,3.0
400,Jérémy,Doku,Doku,i,Calf injury - Expected back 13 Sep,,7.4,19,12,0.8,209,66,0.0,650,289,0,0,0,-1,1,120,5204,0.0,0.0,0.0,0.0,0.0,650,289,0.0,0.0,650,289,650,289,650,289,650,289,,,3.0,,,,,0.0,0.0,0.0,0.0,0.0,0.0,0.0,0.0,0.0,3,0,0.0,0.0,0.0,0.0,0.0,0.0,0.0,0.0,0.0,0.0,0.0,0.0,0.0,0.0,123.0,5339.0,0.0,0.0,0.0,0.0,0.0,0.0,0.0,0.0,0.0,0.0,0.0,0.0,0.0
402,Rodrigo 'Rodri',Hernandez Cascante,Rodrigo,u,Has joined Barcelona permanently,,6.5,36,24,0.0,596,251,0.0,647,287,0,0,0,0,0,0,42,0.0,0.0,0.0,0.0,0.0,647,287,0.0,0.0,645,286,645,286,644,285,645,286,,,,,,,,0.0,0.0,0.0,0.0,0.0,0.0,0.0,0.0,0.0,3,0,0.0,0.0,0.0,0.0,0.0,0.0,0.0,0.0,0.0,0.0,0.0,0.0,0.0,0.0,0.0,43.0,0.0,0.0,0.0,0.0,0.0,0.0,0.0,0.0,0.0,0.0,0.0,0.0,0.0
404,Tijjani,Reijnders,Reijnders,u,Has joined Al Qadsiah permanently,,6.0,70,48,0.0,511,208,0.0,640,281,0,0,0,0,0,0,233,0.0,0.0,0.0,0.0,0.0,640,281,0.0,0.0,635,280,636,280,631,276,636,280,,,,,,,,0.0,0.0,0.0,0.0,0.0,0.0,0.0,0.0,0.0,3,0,0.0,0.0,0.0,0.0,0.0,0.0,0.0,0.0,0.0,0.0,0.0,0.0,0.0,0.0,0.0,239.0,0.0,0.0,0.0,0.0,0.0,0.0,0.0,0.0,0.0,0.0,0.0,0.0,0.0
406,Mateo,Kovačić,Kovačić,a,,,5.4,190,118,0.1,445,176,0.7,314,143,0,-1,1,-1,1,221,539,0.1,0.4,0.7,0.7,1.0,328,146,,,283,130,208,114,562,229,297,134,,,,,,,,0.0,0.04,0.04,0.21,0.0,0.0,0.0,0.0,4.29,3,0,0.0,0.0,0.0,0.0,0.0,0.0,0.0,0.0,0.0,0.0,0.0,0.0,0.0,0.0,224.0,547.0,0.0,0.0,0.0,0.0,0.0,0.0,0.0,0.0,0.0,0.0,0.0,0.0,0.0
407,Claudio,Echeverri,Echeverri,u,Has joined Benfica on loan for the rest of the season,,4.9,413,250,0.0,595,250,0.0,549,222,0,0,0,-1,1,0,182,0.0,0.0,0.0,0.0,0.0,549,222,0.0,0.0,516,204,516,211,467,173,526,209,,,,,,,,0.0,0.0,0.0,0.0,0.0,0.0,0.0,0.0,0.0,3,0,0.0,0.0,0.0,0.0,0.0,0.0,0.0,0.0,0.0,0.0,0.0,0.0,0.0,0.0,0.0,184.0,0.0,0.0,0.0,0.0,0.0,0.0,0.0,0.0,0.0,0.0,0.0,0.0,0.0
408,Kalvin,Phillips,Phillips,u,Has joined Sheffield United on loan for the rest of the season,,5.0,250,154,0.0,624,269,0.0,555,227,0,0,0,0,0,0,21,0.0,0.0,0.0,0.0,0.0,555,227,0.0,0.0,525,210,526,217,482,183,534,214,,,,,,,,0.0,0.0,0.0,0.0,0.0,0.0,0.0,0.0,0.0,3,0,0.0,0.0,0.0,0.0,0.0,0.0,0.0,0.0,0.0,0.0,0.0,0.0,0.0,0.0,0.0,23.0,0.0,0.0,0.0,0.0,0.0,0.0,0.0,0.0,0.0,0.0,0.0,0.0,0.0
409,Divine,Mukasa,Mukasa,u,has joined West Ham on loan for the rest of the seaon.,,4.5,543,278,0.1,395,148,0.0,508,198,0,0,0,0,0,0,1477,0.0,0.0,0.0,0.0,0.0,508,198,0.0,0.0,469,176,470,185,414,143,479,181,,,,,,,,0.0,0.0,0.0,0.0,0.0,0.0,0.0,0.0,0.0,3,0,0.0,0.0,0.0,0.0,0.0,0.0,0.0,0.0,0.0,0.0,0.0,0.0,0.0,0.0,0.0,1508.0,0.0,0.0,0.0,0.0,0.0,0.0,0.0,0.0,0.0,0.0,0.0,0.0,0.0
410,Jeremy,Monga,Monga,u,Has joined Swansea City on loan for the rest of the season,,4.9,417,254,0.0,599,253,0.0,550,223,0,0,0,-1,1,0,177,0.0,0.0,0.0,0.0,0.0,550,223,0.0,0.0,517,205,518,213,471,177,527,210,,,,,,,,0.0,0.0,0.0,0.0,0.0,0.0,0.0,0.0,0.0,3,0,0.0,0.0,0.0,0.0,0.0,0.0,0.0,0.0,0.0,0.0,0.0,0.0,0.0,0.0,0.0,181.0,0.0,0.0,0.0,0.0,0.0,0.0,0.0,0.0,0.0,0.0,0.0,0.0,0.0
411,Erling,Haaland,Haaland,a,,,15.5,1,1,71.2,2,2,8.0,9,1,9,0,0,0,0,51619,40554,0.5,1.5,8.0,8.0,8.0,10,1,,,13,2,207,27,2,2,13,3,,,1.0,,,,,0.82,0.17,0.99,0.89,0.0,0.33,0.67,1.0,5.0,3,9,90.0,1.0,0.0,1.0,0.0,0.0,0.0,0.0,0.0,0.0,0.0,1.0,3.0,40.0,56795.0,40721.0,0.0,1.06,0.48,1.54,1.37,0.0,0.0,0.0,0.0,0.0,5.0,2.0,7.0
481,Elliot,Anderson,Anderson,a,,,6.3,53,37,4.8,77,25,2.7,143,63,3,-1,1,-2,2,6675,29246,0.4,1.3,2.7,2.7,2.7,158,68,100.0,100.0,129,48,48,38,127,64,87,49,2.0,,,,,,,0.03,0.25,0.28,1.0,0.0,0.39,0.77,1.16,11.97,3,3,90.0,0.0,0.0,1.0,0.0,0.0,0.0,0.0,0.0,0.0,0.0,1.0,0.0,23.0,7149.0,30467.0,0.0,0.01999999999999999,0.17000000000000004,0.18999999999999995,1.37,0.0,0.0,0.0,0.0,1.0,4.0,6.0,11.0
616,Ayyoub,Bouaddi,Bouaddi,a,,,5.5,187,117,0.2,367,133,1.0,275,125,1,0,0,0,0,1337,1661,0.2,0.4,1.0,1.0,1.0,351,162,,,314,140,215,118,614,265,309,141,,,,,,,,0.0,0.49,0.49,1.51,0.0,0.0,0.0,0.0,24.55,3,1,14.0,0.0,0.0,0.0,0.0,0.0,0.0,0.0,0.0,0.0,0.0,0.0,0.0,5.0,1361.0,1682.0,0.0,0.0,0.0,0.0,0.37,0.0,0.0,0.0,0.0,0.0,2.0,3.0,5.0
621,Ryan,McAidoo,McAidoo,a,,,4.5,556,285,0.1,417,163,1.0,254,111,1,0,0,0,0,1764,933,0.2,0.4,1.0,1.0,1.0,292,121,,,480,182,306,154,249,121,342,159,,,,,,,,0.82,0.0,0.82,0.16,0.0,0.0,0.0,0.0,32.73,3,1,3.0,0.0,0.0,0.0,0.0,0.0,0.0,0.0,0.0,0.0,0.0,0.0,0.0,5.0,1785.0,937.0,0.0,0.0,0.0,0.0,0.02,0.0,0.0,0.0,0.0,2.0,0.0,2.0,4.0
622,Kaden,Braithwaite,Braithwaite,a,,,4.0,639,200,0.1,370,139,0.5,334,117,0,0,0,0,0,1845,1137,0.1,0.2,0.5,0.5,1.0,269,98,,,329,122,288,105,303,121,340,121,,,,,,,,0.0,0.0,0.0,0.0,0.0,0.0,0.0,0.0,0.0,3,0,0.0,0.0,0.0,0.0,0.0,0.0,0.0,0.0,0.0,0.0,0.0,0.0,0.0,0.0,1877.0,1150.0,0.0,0.0,0.0,0.0,0.0,0.0,0.0,0.0,0.0,0.0,0.0,0.0,0.0
628,Allan,Andrade Elias,Allan,a,,,6.0,84,55,0.0,628,272,0.0,643,283,0,0,0,0,0,143,71,0.0,0.0,2.2,2.2,0.0,643,283,,,641,282,641,282,637,278,641,282,,,,,,,,0.0,0.0,0.0,0.0,0.0,0.0,0.0,0.0,0.0,3,0,0.0,0.0,0.0,0.0,0.0,0.0,0.0,0.0,0.0,0.0,0.0,0.0,0.0,0.0,144.0,72.0,0.0,0.0,0.0,0.0,0.0,0.0,0.0,0.0,0.0,0.0,0.0,0.0,0.0
653,Floyd,Samba,Samba,a,,,4.5,546,280,0.0,564,232,0.0,511,200,0,0,0,0,0,1368,254,0.0,0.0,1.0,1.0,0.0,511,200,,,472,178,473,187,417,145,482,183,,,,,,,,0.0,0.0,0.0,0.0,0.0,0.0,0.0,0.0,0.0,3,0,0.0,0.0,0.0,0.0,0.0,0.0,0.0,0.0,0.0,0.0,0.0,0.0,0.0,0.0,1368.0,254.0,0.0,0.0,0.0,0.0,0.0,0.0,0.0,0.0,0.0,0.0,0.0,0.0,0.0
43,Youri,Tielemans,Tielemans,a,,,5.9,90,58,1.9,130,40,2.7,142,62,2,0,0,-1,1,3198,11779,0.5,1.4,2.7,2.7,2.7,157,67,100.0,100.0,102,37,22,19,79,45,44,32,,,3.0,,,,,0.2,0.1,0.3,1.47,0.0,0.0,2.2,1.1,9.15,3,2,90.0,0.0,0.0,0.0,2.0,0.0,0.0,0.0,0.0,0.0,0.0,1.0,0.0,17.0,3268.0,12076.0,0.0,0.050000000000000044,0.060000000000000026,0.10999999999999999,1.0099999999999998,0.0,0.0,0.0,0.0,0.0,2.0,5.0,7.0
131,Carlos,Baleba,Baleba,i,Ankle injury - Expected back 19 Sep,,5.0,339,203,0.1,377,138,0.0,591,247,0,0,0,0,0,410,941,0.0,0.0,0.0,0.0,0.0,591,247,0.0,0.0,565,233,572,239,539,213,573,236,,,,,,,,0.0,0.0,0.0,0.0,0.0,0.0,0.0,0.0,0.0,3,0,0.0,0.0,0.0,0.0,0.0,0.0,0.0,0.0,0.0,0.0,0.0,0.0,0.0,0.0,415.0,960.0,0.0,0.0,0.0,0.0,0.0,0.0,0.0,0.0,0.0,0.0,0.0,0.0,0.0
162,Andrey,Nascimento dos Santos,Andrey Santos,a,,,4.9,407,245,0.8,217,70,1.3,223,100,1,0,0,-1,1,1805,5736,0.3,0.8,1.3,1.3,1.3,252,113,,,192,74,211,116,227,108,233,104,,,,,,,,0.0,0.26,0.26,2.23,0.0,0.0,4.39,1.1,19.76,3,1,6.0,0.0,0.0,0.0,1.0,0.0,0.0,0.0,0.0,0.0,0.0,0.0,0.0,4.0,1847.0,5877.0,0.0,0.0,0.009999999999999981,0.009999999999999981,0.08999999999999986,0.0,0.0,0.0,0.0,0.0,4.0,0.0,4.0
412,Senne,Lammens,Lammens,a,,,5.0,302,13,13.0,31,5,1.7,206,20,2,0,0,0,0,4806,70607,0.3,1.0,1.7,1.7,1.7,233,21,,,68,10,553,64,515,64,181,11,,,,,,,,0.0,0.0,0.0,1.36,3.0,0.0,2.0,1.0,0.0,3,2,90.0,0.0,0.0,0.0,2.0,0.0,0.0,0.0,0.0,0.0,4.0,1.0,0.0,13.0,4975.0,72257.0,0.0,0.0,0.0,0.0,1.0100000000000002,0.0,0.0,0.0,0.0,0.0,1.0,14.0,0.0
413,Altay,Bayındır,Bayindir,u,Has joined Celta Vigo on loan for the rest of the season,,4.5,490,39,0.0,589,69,0.0,474,59,0,0,0,0,0,0,70,0.0,0.0,0.0,0.0,0.0,474,59,0.0,0.0,433,59,430,41,369,40,443,59,,,,,,,,0.0,0.0,0.0,0.0,0.0,0.0,0.0,0.0,0.0,3,0,0.0,0.0,0.0,0.0,0.0,0.0,0.0,0.0,0.0,0.0,0.0,0.0,0.0,0.0,0.0,71.0,0.0,0.0,0.0,0.0,0.0,0.0,0.0,0.0,0.0,0.0,0.0,0.0,0.0
414,Tom,Heaton,Heaton,i,Hamstring injury - Unknown return date,,4.0,578,49,0.1,452,50,0.0,387,23,0,0,0,0,0,250,272,0.0,0.0,0.0,0.0,0.0,387,23,0.0,0.0,340,23,330,2,252,1,349,23,,,,,,,,0.0,0.0,0.0,0.0,0.0,0.0,0.0,0.0,0.0,3,0,0.0,0.0,0.0,0.0,0.0,0.0,0.0,0.0,0.0,0.0,0.0,0.0,0.0,0.0,274.0,282.0,0.0,0.0,0.0,0.0,0.0,0.0,0.0,0.0,0.0,0.0,0.0,0.0,0.0
415,Patrick,Dorgu,Dorgu,a,,,5.9,112,72,0.7,227,74,0.7,327,150,1,0,0,-1,1,634,6751,0.1,0.3,0.7,0.7,0.7,381,180,,,253,112,162,98,28,18,136,69,,,,,,,,0.78,0.06,0.84,2.74,0.0,0.0,6.0,1.2,7.2,3,1,20.0,0.0,0.0,0.0,2.0,0.0,0.0,0.0,0.0,0.0,0.0,0.0,0.0,3.0,646.0,7051.0,0.0,0.0,0.010000000000000002,0.010000000000000009,0.3599999999999999,0.0,0.0,0.0,0.0,1.0,1.0,1.0,3.0
325,Karl,Darlow,Darlow,a,,,4.5,425,23,0.0,509,57,0.0,446,46,0,0,0,0,0,109,124,0.0,0.0,0.0,0.0,0.0,446,46,100.0,100.0,400,46,392,25,324,24,410,46,,,,,,,,0.0,0.0,0.0,0.0,0.0,0.0,0.0,0.0,0.0,3,0,0.0,0.0,0.0,0.0,0.0,0.0,0.0,0.0,0.0,0.0,0.0,0.0,0.0,0.0,109.0,127.0,0.0,0.0,0.0,0.0,0.0,0.0,0.0,0.0,0.0,0.0,0.0,0.0,0.0
416,Matthijs,de Ligt,De Ligt,i,Back injury - Unknown return date,,5.0,267,41,0.0,559,191,0.0,560,202,0,0,0,0,0,53,123,0.0,0.0,0.0,0.0,0.0,560,202,0.0,0.0,531,200,533,200,492,193,539,200,,,,,,,,0.0,0.0,0.0,0.0,0.0,0.0,0.0,0.0,0.0,3,0,0.0,0.0,0.0,0.0,0.0,0.0,0.0,0.0,0.0,0.0,0.0,0.0,0.0,0.0,55.0,124.0,0.0,0.0,0.0,0.0,0.0,0.0,0.0,0.0,0.0,0.0,0.0,0.0,0.0
417,Diogo,Dalot Teixeira,Dalot,a,,,4.9,382,69,2.1,124,50,1.3,221,83,1,-1,1,-1,1,1624,10618,0.3,0.8,1.3,1.3,1.3,251,90,,,160,72,27,4,57,12,55,11,,,,,,,,0.09,0.07,0.16,1.07,0.0,0.0,1.08,1.08,5.96,3,1,83.0,0.0,0.0,0.0,1.0,0.0,0.0,0.0,1.0,0.0,0.0,1.0,0.0,8.0,1665.0,10933.0,0.0,0.010000000000000009,0.010000000000000009,0.019999999999999962,0.9199999999999999,0.0,0.0,0.0,0.0,2.0,2.0,3.0,4.0
418,Harry,Maguire,Maguire,a,,,5.0,242,36,13.3,30,10,2.3,156,63,2,0,0,0,0,7158,94855,0.5,1.4,2.3,2.3,2.3,174,69,,,128,57,81,24,74,17,83,24,,,,,,,,0.02,0.14,0.16,1.36,0.0,0.0,2.0,1.0,7.0,3,2,90.0,0.0,0.0,0.0,2.0,0.0,0.0,0.0,1.0,0.0,0.0,1.0,0.0,1.0,7390.0,100611.0,0.0,0.0,0.010000000000000009,0.010000000000000009,1.0100000000000002,0.0,0.0,0.0,0.0,0.0,12.0,2.0,12.0
419,Lisandro,Martínez,Martinez,a,,,5.0,277,45,1.2,167,66,1.3,224,84,3,0,0,0,0,1991,4039,0.3,0.8,1.3,1.3,2.0,203,79,100.0,100.0,278,104,255,87,211,77,294,106,,,,,,,,0.02,0.03,0.05,1.54,0.0,0.0,2.0,1.0,5.0,3,3,90.0,0.0,0.0,0.0,2.0,0.0,0.0,0.0,0.0,0.0,0.0,1.0,0.0,7.0,2026.0,4150.0,0.0,0.0,0.0,0.0,1.0099999999999998,0.0,0.0,0.0,0.0,0.0,10.0,2.0,10.0
420,Leny,Yoro,Yoro,a,,,4.9,410,77,0.5,245,91,0.7,301,111,1,0,0,-1,1,417,2446,0.1,0.4,0.7,0.7,1.0,302,121,,,313,118,254,86,464,189,317,115,,,,,,,,0.0,0.08,0.08,4.46,0.0,0.0,8.18,0.0,20.45,3,1,6.0,0.0,0.0,0.0,1.0,0.0,0.0,0.0,0.0,0.0,0.0,0.0,0.0,1.0,419.0,2511.0,0.0,0.0,0.01,0.01,0.09000000000000008,0.0,0.0,0.0,0.0,2.0,1.0,0.0,3.0
421,Ayden,Heaven,Heaven,a,,,4.4,575,158,0.3,286,106,0.3,340,123,0,-1,1,-1,1,417,2076,0.1,0.2,0.3,0.3,1.0,275,104,,,254,99,233,75,136,44,257,94,,,,,,,,0.12,0.04,0.16,1.01,0.0,0.0,2.0,1.0,2.0,3,0,0.0,0.0,0.0,0.0,0.0,0.0,0.0,0.0,0.0,0.0,0.0,0.0,0.0,0.0,419.0,2151.0,0.0,0.0,0.0,0.0,0.0,0.0,0.0,0.0,0.0,0.0,0.0,0.0,0.0
422,Noussair,Mazraoui,Mazraoui,a,,,4.5,469,108,0.6,238,88,1.0,249,92,1,0,0,0,0,560,3771,0.2,0.7,1.0,1.0,1.0,282,109,,,184,81,79,23,151,49,147,55,,,,,,,,0.2,0.06,0.26,1.93,0.0,0.0,3.71,0.93,5.57,3,1,1.0,0.0,0.0,0.0,1.0,0.0,0.0,0.0,0.0,0.0,0.0,0.0,0.0,-1.0,574.0,3837.0,0.0,0.0,0.009999999999999995,0.010000000000000009,0.07000000000000028,0.0,0.0,0.0,0.0,1.0,0.0,0.0,1.0
423,Luke,Shaw,Shaw,a,,,4.4,567,150,14.6,28,9,2.3,147,57,4,-1,1,-1,1,6259,117101,0.5,1.6,2.3,2.3,2.3,167,65,,,75,30,18,2,147,47,50,9,3.0,,,,,,,0.01,0.18,0.19,1.08,0.0,0.0,1.43,1.07,7.14,3,4,90.0,0.0,1.0,0.0,1.0,0.0,0.0,0.0,1.0,0.0,0.0,1.0,0.0,22.0,6421.0,121862.0,0.0,0.02,0.22999999999999998,0.25,0.94,0.0,0.0,0.0,0.0,1.0,7.0,1.0,8.0
424,Harry,Amass,Amass,a,,,4.0,644,205,0.2,342,126,0.0,435,163,0,0,0,0,0,642,660,0.0,0.0,0.0,0.0,0.0,435,163,,,389,152,381,150,308,126,399,152,,,,,,,,0.0,0.0,0.0,0.0,0.0,0.0,0.0,0.0,0.0,3,0,0.0,0.0,0.0,0.0,0.0,0.0,0.0,0.0,0.0,0.0,0.0,0.0,0.0,0.0,658.0,679.0,0.0,0.0,0.0,0.0,0.0,0.0,0.0,0.0,0.0,0.0,0.0,0.0,0.0
425,Tyler,Fredricson,Fredricson,u,Has joined Lausanne-Sport permanently,,4.0,635,196,0.0,583,198,0.0,428,156,0,0,0,0,0,0,66,0.0,0.0,0.0,0.0,0.0,428,156,0.0,0.0,382,145,374,143,299,117,392,145,,,,,,,,0.0,0.0,0.0,0.0,0.0,0.0,0.0,0.0,0.0,3,0,0.0,0.0,0.0,0.0,0.0,0.0,0.0,0.0,0.0,0.0,0.0,0.0,0.0,0.0,0.0,67.0,0.0,0.0,0.0,0.0,0.0,0.0,0.0,0.0,0.0,0.0,0.0,0.0,0.0
426,Bruno,Borges Fernandes,B.Fernandes,a,,,12.0,2,1,47.6,3,1,9.0,2,2,2,0,0,0,0,47245,146012,0.8,2.2,9.0,9.0,9.0,3,3,,,1,1,1,1,8,4,1,1,1.0,1.0,1.0,,,,,0.75,0.27,1.02,1.36,0.0,0.0,2.0,1.0,5.33,3,2,90.0,0.0,0.0,0.0,2.0,0.0,0.0,0.0,0.0,0.0,0.0,1.0,0.0,11.0,49149.0,151303.0,0.0,0.1499999999999999,0.06000000000000005,0.20999999999999996,1.0100000000000002,0.0,0.0,0.0,0.0,0.0,0.0,2.0,2.0
427,Bryan,Mbeumo,Mbeumo,a,,,7.9,11,8,26.1,9,5,7.0,23,9,8,-1,1,-1,1,42101,145115,0.9,2.7,7.0,7.0,7.0,24,10,,,43,20,12,12,5,2,6,5,2.0,2.0,2.0,,,,,0.77,0.16,0.93,1.36,0.0,0.0,2.0,1.0,5.67,3,8,90.0,1.0,0.0,0.0,2.0,0.0,0.0,0.0,0.0,0.0,0.0,1.0,1.0,29.0,42852.0,162607.0,0.0,0.050000000000000266,0.02999999999999997,0.07999999999999963,1.0100000000000002,0.0,0.0,0.0,0.0,0.0,4.0,4.0,8.0
428,Matheus,Santos Carneiro da Cunha,Cunha,a,,,7.9,10,7,7.4,57,20,4.7,58,29,3,-1,1,-1,1,3864,44793,0.6,1.8,4.7,4.7,4.7,63,30,,,152,55,23,20,18,10,27,21,,,,,,,,0.19,0.16,0.35,1.08,0.0,0.4,1.19,1.19,3.17,3,3,69.0,0.0,0.0,1.0,0.0,0.0,0.0,0.0,0.0,0.0,0.0,1.0,0.0,10.0,3999.0,46114.0,0.0,0.12,0.04999999999999999,0.17000000000000004,0.6500000000000004,0.0,0.0,0.0,0.0,2.0,0.0,1.0,3.0
429,Marcus,Rashford,Rashford,a,,,7.0,25,16,1.6,145,44,2.0,196,91,3,0,0,0,0,6754,8705,0.3,0.9,2.0,2.0,2.0,225,100,,,145,53,8,8,21,12,17,13,,3.0,,,,,,0.12,0.1,0.22,0.84,0.0,0.47,0.47,0.93,5.13,3,3,69.0,0.0,0.0,1.0,0.0,0.0,0.0,0.0,0.0,0.0,0.0,1.0,0.0,11.0,6937.0,8907.0,0.0,0.0,0.06,0.06,0.6500000000000001,0.0,0.0,0.0,0.0,0.0,0.0,4.0,4.0
430,Mason,Mount,Mount,a,,,5.4,195,121,0.0,557,229,0.0,610,259,0,0,0,-1,1,81,97,0.0,0.0,0.0,0.0,0.0,610,259,100.0,75.0,585,246,592,252,565,231,593,249,,4.0,,,,,,0.0,0.0,0.0,0.0,0.0,0.0,0.0,0.0,0.0,3,0,0.0,0.0,0.0,0.0,0.0,0.0,0.0,0.0,0.0,0.0,0.0,0.0,0.0,0.0,81.0,97.0,0.0,0.0,0.0,0.0,0.0,0.0,0.0,0.0,0.0,0.0,0.0,0.0,0.0
431,Amad,Diallo,Amad,i,Unspecified injury - Unknown return date,,5.8,115,75,0.5,261,86,0.0,633,275,0,0,0,-2,2,82,4532,0.0,0.0,0.0,0.0,0.0,633,275,0.0,0.0,622,272,626,273,616,266,626,272,4.0,,,,,,,0.0,0.0,0.0,0.0,0.0,0.0,0.0,0.0,0.0,3,0,0.0,0.0,0.0,0.0,0.0,0.0,0.0,0.0,0.0,0.0,0.0,0.0,0.0,0.0,83.0,4809.0,0.0,0.0,0.0,0.0,0.0,0.0,0.0,0.0,0.0,0.0,0.0,0.0,0.0
432,Kobbie,Mainoo,Mainoo,a,,,5.5,172,106,1.2,169,53,4.7,57,28,9,0,0,0,0,9049,3319,0.9,2.5,4.7,4.7,4.7,62,29,,,189,72,188,104,140,70,201,89,,,,,,,,0.1,0.17,0.27,1.0,0.0,0.0,0.97,0.97,15.08,3,9,83.0,0.0,1.0,0.0,1.0,0.0,0.0,0.0,0.0,0.0,0.0,1.0,2.0,32.0,9122.0,3378.0,0.0,0.0,0.06999999999999995,0.07000000000000006,0.9199999999999999,0.0,0.0,0.0,0.0,2.0,3.0,10.0,15.0
433,Manuel,Ugarte Ribeiro,Ugarte,i,Knee injury - Unknown return date,,5.0,283,173,0.0,634,276,0.0,566,233,0,0,0,0,0,9,23,0.0,0.0,0.0,0.0,0.0,566,233,0.0,0.0,538,217,540,223,500,193,546,220,,,,,,,,0.0,0.0,0.0,0.0,0.0,0.0,0.0,0.0,0.0,3,0,0.0,0.0,0.0,0.0,0.0,0.0,0.0,0.0,0.0,0.0,0.0,0.0,0.0,0.0,9.0,23.0,0.0,0.0,0.0,0.0,0.0,0.0,0.0,0.0,0.0,0.0,0.0,0.0,0.0
434,Jack,Fletcher,J.Fletcher,a,,,5.0,345,209,0.0,600,254,0.0,595,251,0,0,0,0,0,29,51,0.0,0.0,0.0,0.0,0.0,595,251,,,569,237,576,243,543,217,577,240,,,,,,,,0.0,0.0,0.0,0.0,0.0,0.0,0.0,0.0,0.0,3,0,0.0,0.0,0.0,0.0,0.0,0.0,0.0,0.0,0.0,0.0,0.0,0.0,0.0,0.0,30.0,52.0,0.0,0.0,0.0,0.0,0.0,0.0,0.0,0.0,0.0,0.0,0.0,0.0,0.0
435,Shea,Lacey,Lacey,a,,,5.0,352,214,0.1,495,198,0.3,366,170,0,0,0,0,0,73,281,0.1,0.2,0.3,0.3,1.0,324,143,,,337,156,299,150,549,222,345,162,,,,,,,,0.0,0.0,0.0,0.0,0.0,0.0,0.0,0.0,9.0,3,0,0.0,0.0,0.0,0.0,0.0,0.0,0.0,0.0,0.0,0.0,0.0,0.0,0.0,0.0,74.0,285.0,0.0,0.0,0.0,0.0,0.0,0.0,0.0,0.0,0.0,0.0,0.0,0.0,0.0
436,Toby,Collyer,Collyer,u,Has joined West Brom permanently,,5.0,317,190,0.0,590,247,0.0,582,243,0,0,0,0,0,0,122,0.0,0.0,0.0,0.0,0.0,582,243,0.0,0.0,556,229,562,235,526,207,564,232,,,,,,,,0.0,0.0,0.0,0.0,0.0,0.0,0.0,0.0,0.0,3,0,0.0,0.0,0.0,0.0,0.0,0.0,0.0,0.0,0.0,0.0,0.0,0.0,0.0,0.0,0.0,124.0,0.0,0.0,0.0,0.0,0.0,0.0,0.0,0.0,0.0,0.0,0.0,0.0,0.0
437,Bendito,Mantato,Bendito Mantato,a,,,4.5,539,276,0.2,346,126,0.0,506,197,0,0,0,0,0,610,725,0.0,0.0,0.0,0.0,0.0,506,197,,,467,175,468,184,412,142,477,180,,,,,,,,0.0,0.0,0.0,0.0,0.0,0.0,0.0,0.0,0.0,3,0,0.0,0.0,0.0,0.0,0.0,0.0,0.0,0.0,0.0,0.0,0.0,0.0,0.0,0.0,619.0,732.0,0.0,0.0,0.0,0.0,0.0,0.0,0.0,0.0,0.0,0.0,0.0,0.0,0.0
438,Tyler,Fletcher,Fletcher,a,,,4.5,520,271,0.3,295,101,0.0,490,192,0,0,0,0,0,637,1120,0.0,0.0,0.0,0.0,0.0,490,192,,,450,170,452,179,394,137,460,175,,,,,,,,0.0,0.0,0.0,0.0,0.0,0.0,0.0,0.0,0.0,3,0,0.0,0.0,0.0,0.0,0.0,0.0,0.0,0.0,0.0,0.0,0.0,0.0,0.0,0.0,648.0,1145.0,0.0,0.0,0.0,0.0,0.0,0.0,0.0,0.0,0.0,0.0,0.0,0.0,0.0
439,Benjamin,Sesko,Šeško,a,,,7.0,29,10,1.6,144,21,2.3,168,15,5,0,0,0,0,7011,9382,0.3,1.0,2.3,2.3,2.3,185,20,100.0,100.0,310,34,180,20,146,28,242,28,,,,,,,,0.56,0.02,0.58,2.43,0.0,0.0,5.09,0.0,5.09,3,5,20.0,1.0,0.0,0.0,2.0,0.0,0.0,0.0,0.0,0.0,0.0,0.0,0.0,28.0,7089.0,9631.0,0.0,0.29000000000000004,0.0,0.29000000000000004,0.3599999999999999,0.0,0.0,0.0,0.0,0.0,0.0,0.0,0.0
440,Joshua,Zirkzee,Zirkzee,a,,,5.4,215,48,0.5,260,46,0.0,615,72,0,0,0,-1,1,1907,3090,0.0,0.0,0.0,0.0,0.0,615,72,,,591,61,597,66,575,63,598,66,,,,,,,,0.0,0.0,0.0,0.0,0.0,0.0,0.0,0.0,0.0,3,0,0.0,0.0,0.0,0.0,0.0,0.0,0.0,0.0,0.0,0.0,0.0,0.0,0.0,0.0,1937.0,3156.0,0.0,0.0,0.0,0.0,0.0,0.0,0.0,0.0,0.0,0.0,0.0,0.0,0.0
441,Chido,Obi,Obi,a,,,4.5,547,75,1.2,170,26,0.0,512,56,0,0,0,0,0,6417,4928,0.0,0.0,0.0,0.0,0.0,512,56,,,473,45,474,50,418,47,483,50,,,,,,,,0.0,0.0,0.0,0.0,0.0,0.0,0.0,0.0,0.0,3,0,0.0,0.0,0.0,0.0,0.0,0.0,0.0,0.0,0.0,0.0,0.0,0.0,0.0,0.0,6535.0,5017.0,0.0,0.0,0.0,0.0,0.0,0.0,0.0,0.0,0.0,0.0,0.0,0.0,0.0
405,Nico,González Iglesias,N.Gonzalez,a,,,5.5,160,96,0.3,315,112,1.3,230,104,2,0,0,0,0,1591,1150,0.2,0.7,1.3,1.3,2.0,216,96,,,252,111,84,52,605,257,205,91,,,,,,,,0.0,0.13,0.13,1.28,0.0,0.62,1.23,1.23,6.78,3,2,76.0,0.0,0.0,0.0,2.0,0.0,0.0,0.0,0.0,0.0,0.0,1.0,0.0,11.0,1645.0,1169.0,0.0,0.0,0.009999999999999981,0.009999999999999981,1.3299999999999998,0.0,0.0,0.0,0.0,0.0,1.0,6.0,7.0
442,Nick,Pope,Pope,a,,,4.9,371,17,1.1,187,29,0.0,530,65,0,-1,1,-1,1,1213,4635,0.0,0.0,0.0,0.0,0.0,530,65,,,492,65,493,52,438,51,501,65,,,,,,,,0.0,0.0,0.0,0.0,0.0,0.0,0.0,0.0,0.0,3,0,0.0,0.0,0.0,0.0,0.0,0.0,0.0,0.0,0.0,0.0,0.0,0.0,0.0,0.0,1232.0,4727.0,0.0,0.0,0.0,0.0,0.0,0.0,0.0,0.0,0.0,0.0,0.0,0.0,0.0
443,Mark,Gillespie,Gillespie,a,,,4.5,428,26,0.0,527,59,0.0,447,47,0,0,0,0,0,60,101,0.0,0.0,0.0,0.0,0.0,447,47,,,401,47,395,28,327,27,411,47,,,,,,,,0.0,0.0,0.0,0.0,0.0,0.0,0.0,0.0,0.0,3,0,0.0,0.0,0.0,0.0,0.0,0.0,0.0,0.0,0.0,0.0,0.0,0.0,0.0,0.0,62.0,101.0,0.0,0.0,0.0,0.0,0.0,0.0,0.0,0.0,0.0,0.0,0.0,0.0,0.0
444,Ewen,Jaouen,Jaouen,a,,,4.5,530,48,0.0,554,64,0.0,499,64,0,0,0,0,0,50,105,0.0,0.0,0.0,0.0,0.0,499,64,,,459,64,461,50,403,49,469,64,,,,,,,,0.0,0.0,0.0,0.0,0.0,0.0,0.0,0.0,0.0,3,0,0.0,0.0,0.0,0.0,0.0,0.0,0.0,0.0,0.0,0.0,0.0,0.0,0.0,0.0,50.0,107.0,0.0,0.0,0.0,0.0,0.0,0.0,0.0,0.0,0.0,0.0,0.0,0.0,0.0
445,Malick,Thiaw,Thiaw,a,,,5.0,303,52,2.2,121,49,2.7,131,53,-1,0,0,0,0,13772,13341,0.5,1.6,2.7,2.7,2.7,148,60,,,74,29,261,90,516,199,182,68,,,,,,,,0.0,0.02,0.02,1.82,0.0,0.33,1.33,1.0,7.0,3,-1,90.0,0.0,0.0,0.0,2.0,1.0,0.0,0.0,0.0,0.0,0.0,1.0,0.0,0.0,15495.0,13736.0,0.0,0.0,0.05,0.05,1.37,0.0,0.0,0.0,0.0,0.0,3.0,3.0,3.0
446,Fabian,Schär,Schär,a,,,5.0,246,37,0.2,323,116,0.3,358,131,0,0,0,0,0,381,1510,0.1,0.2,0.3,0.3,1.0,310,122,100.0,100.0,522,197,523,197,479,190,531,197,,2.0,,,,,,0.0,0.0,0.0,71.1,0.0,0.0,90.0,0.0,0.0,3,0,0.0,0.0,0.0,0.0,0.0,0.0,0.0,0.0,0.0,0.0,0.0,0.0,0.0,0.0,401.0,1527.0,0.0,0.0,0.0,0.0,0.0,0.0,0.0,0.0,0.0,0.0,0.0,0.0,0.0
447,Sven,Botman,Botman,a,,,5.0,274,43,0.7,236,87,3.0,115,44,1,0,0,0,0,2440,2612,0.6,1.8,3.0,3.0,3.0,129,51,,,76,31,244,81,232,87,178,65,,,,,,,,0.0,0.06,0.06,1.82,0.0,0.33,1.33,1.0,8.0,3,1,90.0,0.0,0.0,0.0,2.0,0.0,0.0,0.0,0.0,0.0,0.0,1.0,0.0,3.0,2603.0,2651.0,0.0,0.0,0.16,0.16,1.37,0.0,0.0,0.0,0.0,1.0,8.0,3.0,9.0
448,Dan,Burn,Burn,i,Ankle injury - Expected back 14 Sep,,4.9,370,65,1.0,191,72,0.0,529,197,0,0,0,-1,1,108,7870,0.0,0.0,0.0,0.0,0.0,529,197,0.0,0.0,491,191,492,192,437,183,500,191,,,,,,,,0.0,0.0,0.0,0.0,0.0,0.0,0.0,0.0,0.0,3,0,0.0,0.0,0.0,0.0,0.0,0.0,0.0,0.0,0.0,0.0,0.0,0.0,0.0,0.0,108.0,8063.0,0.0,0.0,0.0,0.0,0.0,0.0,0.0,0.0,0.0,0.0,0.0,0.0,0.0
449,Lewis,Hall,Hall,a,,,5.1,237,35,10.9,40,15,6.0,32,15,4,0,0,1,-1,151661,23451,1.2,3.5,6.0,6.0,6.0,35,16,,,27,8,45,9,201,71,60,13,1.0,1.0,,,,,,0.01,0.22,0.23,1.82,0.0,0.33,1.34,1.0,10.04,3,4,89.0,0.0,1.0,0.0,2.0,0.0,0.0,0.0,0.0,0.0,0.0,1.0,0.0,20.0,157797.0,24983.0,0.0,0.010000000000000002,0.010000000000000009,0.020000000000000018,1.3500000000000005,0.0,0.0,0.0,0.0,1.0,5.0,13.0,6.0
451,Alex,Murphy,A.Murphy,u,Has joined FC Kaiserslautern on loan for the rest of the season,,4.0,634,195,0.1,469,166,0.0,427,155,0,0,0,0,0,0,379,0.0,0.0,0.0,0.0,0.0,427,155,0.0,0.0,381,144,373,142,298,116,391,144,,,,,,,,0.0,0.0,0.0,0.0,0.0,0.0,0.0,0.0,0.0,3,0,0.0,0.0,0.0,0.0,0.0,0.0,0.0,0.0,0.0,0.0,0.0,0.0,0.0,0.0,0.0,381.0,0.0,0.0,0.0,0.0,0.0,0.0,0.0,0.0,0.0,0.0,0.0,0.0,0.0
453,Harvey,Barnes,Barnes,a,,,6.0,65,45,1.6,140,42,5.7,38,19,12,0,0,0,0,55329,9252,1.0,2.8,5.7,5.7,5.7,43,21,,,224,93,109,66,108,57,162,76,5.0,,,,,,,0.07,0.02,0.09,1.82,0.0,0.33,1.33,1.0,6.0,3,12,90.0,1.0,1.0,0.0,2.0,0.0,0.0,0.0,0.0,0.0,0.0,1.0,2.0,37.0,56035.0,9417.0,0.0,0.11,0.03,0.14,1.37,0.0,0.0,0.0,0.0,0.0,2.0,4.0,6.0
454,Anthony,Elanga,Elanga,a,,,6.1,58,41,10.8,41,15,6.0,36,17,1,0,0,1,-1,123453,59529,1.0,3.0,6.0,6.0,6.0,41,19,,,11,7,132,81,26,16,25,19,4.0,,,,,,,0.16,0.13,0.29,1.56,0.0,0.39,1.16,1.16,3.49,3,1,76.0,0.0,0.0,0.0,2.0,0.0,0.0,0.0,1.0,0.0,0.0,1.0,0.0,8.0,130897.0,60907.0,0.0,0.0,0.23000000000000004,0.22999999999999998,1.3299999999999996,0.0,0.0,0.0,0.0,2.0,1.0,1.0,4.0
456,Jacob,Ramsey,J.Ramsey,a,,,4.9,387,233,0.3,287,96,2.3,154,66,6,-1,1,-1,1,4152,1378,0.5,1.4,2.3,2.3,2.3,172,72,,,246,105,205,112,198,95,270,120,,,,,,,,0.22,0.21,0.43,2.5,0.0,0.0,1.3,0.0,14.35,3,6,27.0,1.0,0.0,0.0,0.0,0.0,0.0,0.0,0.0,0.0,0.0,0.0,0.0,22.0,4166.0,1425.0,0.0,0.11000000000000001,0.01999999999999999,0.13,0.040000000000000036,0.0,0.0,0.0,0.0,0.0,0.0,4.0,4.0
457,Jacob,Murphy,J.Murphy,a,,,5.9,88,57,0.1,388,143,0.7,324,148,1,0,0,-1,1,380,721,0.1,0.3,0.7,0.7,0.7,379,178,,,309,139,227,124,206,99,304,137,2.0,,,,,,,0.0,0.51,0.51,3.75,0.0,0.0,2.57,0.0,15.43,3,1,13.0,0.0,0.0,0.0,0.0,0.0,0.0,0.0,0.0,0.0,0.0,0.0,0.0,5.0,389.0,744.0,0.0,0.0,0.0,0.0,0.040000000000000036,0.0,0.0,0.0,0.0,0.0,0.0,1.0,1.0
458,Joelinton Cássio,Apolinário de Lira,Joelinton,i,Unspecified injury - Unknown return date,,5.4,194,120,0.0,566,234,0.0,609,258,0,0,0,-1,1,14,107,0.0,0.0,0.0,0.0,0.0,609,258,0.0,0.0,584,245,591,251,564,230,592,248,,,,,,,,0.0,0.0,0.0,0.0,0.0,0.0,0.0,0.0,0.0,3,0,0.0,0.0,0.0,0.0,0.0,0.0,0.0,0.0,0.0,0.0,0.0,0.0,0.0,0.0,15.0,109.0,0.0,0.0,0.0,0.0,0.0,0.0,0.0,0.0,0.0,0.0,0.0,0.0,0.0
459,Lewis,Miley,L.Miley,a,,,5.5,177,110,0.1,455,180,2.7,140,61,2,0,0,0,0,413,442,0.5,1.5,2.7,2.7,2.7,155,66,100.0,100.0,146,54,56,43,212,102,131,67,3.0,,,,,,,0.02,0.03,0.05,1.74,0.0,0.4,1.19,1.19,10.31,3,2,62.0,0.0,0.0,0.0,2.0,0.0,0.0,0.0,0.0,0.0,0.0,1.0,0.0,11.0,429.0,453.0,0.0,0.0,0.020000000000000004,0.01999999999999999,1.3299999999999996,0.0,0.0,0.0,0.0,0.0,1.0,3.0,4.0
460,Joe,Willock,Willock,a,,,5.0,260,161,0.5,262,87,3.7,85,39,2,0,0,0,0,5641,2772,0.7,2.2,3.7,3.7,3.7,93,41,,,99,35,133,82,101,53,129,65,,,,,,,,0.28,0.11,0.39,1.94,0.0,0.54,1.63,1.08,4.34,3,2,62.0,0.0,0.0,0.0,2.0,0.0,0.0,0.0,0.0,0.0,0.0,1.0,0.0,6.0,5806.0,2809.0,0.0,0.36,0.010000000000000009,0.37,1.3299999999999996,0.0,0.0,0.0,0.0,1.0,1.0,1.0,3.0
461,Bazoumana,Touré,Touré,a,,,5.9,113,73,0.1,375,137,0.3,381,179,0,0,0,-1,1,129,1241,0.1,0.2,0.3,0.3,1.0,360,167,,,632,277,632,277,627,273,633,277,,,,,,,,0.0,0.0,0.0,0.0,0.0,0.0,0.0,0.0,0.0,3,0,0.0,0.0,0.0,0.0,0.0,0.0,0.0,0.0,0.0,0.0,0.0,0.0,0.0,0.0,133.0,1274.0,0.0,0.0,0.0,0.0,0.0,0.0,0.0,0.0,0.0,0.0,0.0,0.0,0.0
462,Sean,Steur,Steur,a,,,4.9,416,253,0.1,449,177,1.0,256,112,1,-1,1,-1,1,144,524,0.2,0.6,1.0,1.0,1.0,307,131,,,265,118,277,142,470,176,305,138,,,,,,,,0.0,0.0,0.0,1.97,0.0,0.0,1.03,1.03,7.24,3,1,13.0,0.0,0.0,0.0,0.0,0.0,0.0,0.0,0.0,0.0,0.0,0.0,0.0,3.0,147.0,534.0,0.0,0.0,0.0,0.0,0.039999999999999813,0.0,0.0,0.0,0.0,0.0,1.0,1.0,2.0
463,Nick,Woltemade,Woltemade,u,Has joined Juventus on loan for the rest of the season,,5.9,104,27,0.8,214,35,1.3,232,22,0,0,0,-1,1,0,20511,0.2,0.7,0.0,0.0,4.0,88,10,0.0,0.0,187,16,184,21,143,26,194,23,,,,,,,,0.09,0.05,0.14,1.8,0.0,0.0,0.0,0.0,0.0,3,0,0.0,0.0,0.0,0.0,0.0,0.0,0.0,0.0,0.0,0.0,0.0,0.0,0.0,0.0,0.0,20852.0,0.0,0.0,0.0,0.0,0.0,0.0,0.0,0.0,0.0,0.0,0.0,0.0,0.0
464,Yoane,Wissa,Wissa,a,,,6.2,57,13,16.5,24,5,4.3,69,6,1,1,-1,2,-2,206892,61332,0.7,2.1,4.3,4.3,4.3,74,7,,,42,3,95,8,12,5,23,5,,,2.0,,,,,0.47,0.02,0.49,1.48,0.0,0.34,1.03,1.03,5.86,3,1,90.0,0.0,0.0,0.0,2.0,0.0,0.0,0.0,1.0,0.0,0.0,1.0,0.0,7.0,220109.0,62121.0,0.0,0.0,0.030000000000000002,0.029999999999999805,1.3699999999999997,0.0,0.0,0.0,0.0,0.0,0.0,3.0,3.0
465,William,Osula,Osula,i,Foot injury - Unknown return date,,5.9,109,29,0.5,258,44,1.3,234,24,0,0,0,-1,1,100,4977,0.2,0.7,0.0,0.0,4.0,89,11,0.0,0.0,141,13,155,15,161,29,172,19,,,1.0,,,,,0.1,0.23,0.33,2.42,0.0,0.0,1.64,1.64,8.18,3,0,0.0,0.0,0.0,0.0,0.0,0.0,0.0,0.0,0.0,0.0,0.0,0.0,0.0,0.0,103.0,5137.0,0.0,0.0,0.0,0.0,0.0,0.0,0.0,0.0,0.0,0.0,0.0,0.0,0.0
466,Sean,Neave,Neave,u,Has joined Wolves on loan for the rest of the season,,4.5,549,76,0.7,225,37,0.0,514,57,0,0,0,0,0,0,7910,0.0,0.0,0.0,0.0,0.0,514,57,0.0,0.0,475,46,476,51,420,48,485,51,,,,,,,,0.0,0.0,0.0,0.0,0.0,0.0,0.0,0.0,0.0,3,0,0.0,0.0,0.0,0.0,0.0,0.0,0.0,0.0,0.0,0.0,0.0,0.0,0.0,0.0,0.0,8036.0,0.0,0.0,0.0,0.0,0.0,0.0,0.0,0.0,0.0,0.0,0.0,0.0,0.0
559,Aladji,Bamba,Bamba,a,,,4.9,415,252,0.1,411,159,0.3,356,162,0,-1,1,-1,1,223,580,0.1,0.2,0.3,0.3,1.0,306,130,,,288,132,517,212,469,175,318,145,,,,,,,,0.0,0.0,0.0,6.69,0.0,0.0,6.43,0.0,12.86,3,0,0.0,0.0,0.0,0.0,0.0,0.0,0.0,0.0,0.0,0.0,0.0,0.0,0.0,0.0,226.0,593.0,0.0,0.0,0.0,0.0,0.0,0.0,0.0,0.0,0.0,0.0,0.0,0.0,0.0
567,Lukás,Hornícek,Horníček,a,,,5.0,307,14,1.2,168,25,3.3,99,7,2,0,0,0,0,15680,6218,0.7,2.0,3.3,3.3,3.3,110,7,,,8,1,555,65,519,65,108,1,,,,,,,,0.0,0.0,0.0,1.82,4.33,0.33,1.33,1.0,0.0,3,2,90.0,0.0,0.0,0.0,2.0,0.0,0.0,0.0,0.0,0.0,4.0,1.0,0.0,12.0,16242.0,6408.0,0.0,0.0,0.0,0.0,1.37,0.0,0.0,0.0,0.0,0.0,0.0,6.0,0.0
593,Amar,Dedic,Dedić,a,,,4.5,494,125,3.5,93,37,4.3,61,25,1,0,0,0,0,58709,20832,1.0,2.9,4.3,4.3,4.3,67,28,,,32,10,75,21,193,67,72,18,,,,,,,,0.05,0.03,0.08,1.82,0.0,0.33,1.33,1.0,6.0,3,1,90.0,0.0,0.0,0.0,2.0,0.0,0.0,0.0,0.0,0.0,0.0,1.0,0.0,3.0,63858.0,21645.0,0.0,0.11000000000000001,0.020000000000000004,0.13,1.37,0.0,0.0,0.0,0.0,0.0,1.0,4.0,1.0
634,Matias,Fernandez-Pardo,Fernandez-Pardo,a,,,6.0,83,20,0.1,460,65,1.0,282,34,1,0,0,0,0,2783,530,0.2,0.2,2.1,2.1,1.0,362,45,,,640,75,640,75,636,75,640,75,,,,,,,,0.0,0.0,0.0,0.13,0.0,0.0,0.0,0.0,3.33,3,1,27.0,0.0,0.0,0.0,0.0,0.0,0.0,0.0,0.0,0.0,0.0,0.0,0.0,4.0,2845.0,543.0,0.0,0.0,0.0,0.0,0.04,0.0,0.0,0.0,0.0,0.0,0.0,1.0,1.0
167,Liam,Delap,Delap,a,,,5.5,157,39,0.8,210,33,1.0,272,32,2,0,0,0,0,7283,3889,0.2,0.5,1.0,1.0,1.5,247,28,,,290,28,187,24,179,31,255,30,,,3.0,,,,,0.12,0.06,0.18,1.13,0.0,0.93,0.93,0.93,4.64,3,2,73.0,0.0,0.0,1.0,0.0,0.0,0.0,0.0,0.0,0.0,0.0,1.0,0.0,6.0,7479.0,3961.0,0.0,0.06,0.06,0.12,0.8899999999999999,0.0,0.0,0.0,0.0,0.0,2.0,3.0,5.0
201,Daniel,Muñoz Mejía,Muñoz,a,,,5.4,207,27,6.2,64,26,0.3,369,134,1,0,0,-1,1,4308,30307,0.1,0.2,0.3,0.3,0.5,385,136,,,324,121,257,88,85,21,240,89,,,,,,,,0.28,0.01,0.29,1.16,0.0,0.0,2.12,1.06,5.29,3,1,31.0,0.0,0.0,0.0,0.0,0.0,0.0,0.0,0.0,0.0,0.0,0.0,0.0,5.0,4453.0,31228.0,0.0,0.03,0.0,0.030000000000000027,0.2600000000000001,0.0,0.0,0.0,0.0,1.0,0.0,0.0,1.0
467,Matz,Sels,Sels,a,,,5.0,240,5,1.4,154,22,3.0,114,12,6,0,0,0,0,3493,3106,0.6,1.8,3.0,3.0,3.0,127,12,,,133,14,521,57,475,56,216,14,,,,,,,,0.0,0.0,0.0,1.09,1.33,0.33,1.0,1.0,0.0,3,6,90.0,0.0,0.0,1.0,0.0,0.0,0.0,0.0,0.0,0.0,0.0,1.0,0.0,21.0,3566.0,3235.0,0.0,0.0,0.0,0.0,1.0599999999999996,0.0,0.0,0.0,0.0,0.0,1.0,11.0,0.0
468,John Victor,Maciel Furtado,John,a,,,4.5,464,35,0.1,481,55,0.0,462,56,0,0,0,0,0,74,146,0.0,0.0,0.0,0.0,0.0,462,56,,,420,56,416,37,352,36,430,56,,,,,,,,0.0,0.0,0.0,0.0,0.0,0.0,0.0,0.0,0.0,3,0,0.0,0.0,0.0,0.0,0.0,0.0,0.0,0.0,0.0,0.0,0.0,0.0,0.0,0.0,75.0,150.0,0.0,0.0,0.0,0.0,0.0,0.0,0.0,0.0,0.0,0.0,0.0,0.0,0.0
5,Jurriën,Timber,J.Timber,d,Groin injury - 25% chance of playing,,6.5,40,3,0.1,454,162,0.0,649,214,0,0,0,0,0,289,550,0.0,0.0,0.0,0.0,0.0,649,214,25.0,25.0,647,214,647,214,646,214,647,214,,,,,,,,0.0,0.0,0.0,0.0,0.0,0.0,0.0,0.0,0.0,3,0,0.0,0.0,0.0,0.0,0.0,0.0,0.0,0.0,0.0,0.0,0.0,0.0,0.0,0.0,292.0,558.0,0.0,0.0,0.0,0.0,0.0,0.0,0.0,0.0,0.0,0.0,0.0,0.0,0.0
469,Neco,Williams,N.Williams,a,,,5.0,271,42,8.3,52,19,5.0,47,20,7,0,0,0,0,23874,19456,1.0,3.0,5.0,5.0,5.0,51,22,,,58,21,77,22,129,41,75,21,2.0,2.0,,,,,,0.04,0.08,0.12,1.09,0.0,0.33,1.0,1.0,8.0,3,7,90.0,0.0,0.0,1.0,0.0,0.0,0.0,0.0,0.0,0.0,0.0,1.0,1.0,28.0,24336.0,20665.0,0.0,0.0,0.06999999999999998,0.07,1.0599999999999996,0.0,0.0,0.0,0.0,3.0,3.0,8.0,6.0
470,Felipe,Rodrigues da Silva,Morato,u,Has joined West Ham on loan for the rest of the season,,5.0,311,56,0.0,538,187,0.0,577,206,0,0,0,0,0,0,479,0.0,0.0,0.0,0.0,0.0,577,206,0.0,0.0,550,205,556,205,520,200,558,205,,,,,,,,0.0,0.0,0.0,0.0,0.0,0.0,0.0,0.0,0.0,3,0,0.0,0.0,0.0,0.0,0.0,0.0,0.0,0.0,0.0,0.0,0.0,0.0,0.0,0.0,0.0,487.0,0.0,0.0,0.0,0.0,0.0,0.0,0.0,0.0,0.0,0.0,0.0,0.0,0.0
471,Nikola,Milenković,Milenković,a,,,5.5,143,17,1.6,141,59,4.0,78,33,7,0,0,0,0,2608,2596,0.7,2.2,4.0,4.0,4.0,82,35,,,157,71,301,112,120,37,197,74,,,,,,,,0.04,0.01,0.05,1.09,0.0,0.33,1.0,1.0,10.33,3,7,90.0,0.0,0.0,1.0,0.0,0.0,0.0,0.0,1.0,0.0,0.0,1.0,0.0,27.0,2651.0,2739.0,0.0,0.0,0.009999999999999998,0.010000000000000009,1.0599999999999996,0.0,0.0,0.0,0.0,2.0,9.0,3.0,11.0
472,Murillo,Costa dos Santos,Murillo,a,,,5.5,182,23,1.6,146,61,4.3,67,28,8,0,0,0,0,3627,2673,0.8,2.4,4.3,4.3,4.3,72,30,100.0,100.0,78,32,98,30,160,54,104,37,,3.0,,,,,,0.12,0.09,0.21,1.1,0.0,0.33,1.0,1.0,10.04,3,8,89.0,0.0,0.0,1.0,0.0,0.0,0.0,0.0,0.0,0.0,0.0,1.0,0.0,25.0,3728.0,2807.0,0.0,0.16999999999999998,0.0,0.16999999999999998,1.0599999999999996,0.0,0.0,0.0,0.0,4.0,6.0,4.0,10.0
473,Ola,Aina,Aina,a,,,4.5,444,88,2.9,105,41,2.0,172,68,1,0,0,0,0,2727,16202,0.4,1.3,2.0,2.0,2.0,190,73,,,143,64,31,6,111,32,74,20,,,,,,,,0.02,0.22,0.24,1.21,0.0,0.42,0.83,1.25,5.83,3,1,58.0,0.0,0.0,0.0,0.0,0.0,0.0,0.0,0.0,0.0,0.0,1.0,0.0,8.0,2839.0,16765.0,0.0,0.0,0.0,0.0,0.81,0.0,0.0,0.0,0.0,5.0,2.0,4.0,7.0
3,Illan,Meslier,Meslier,a,,,4.9,391,20,0.0,539,61,0.0,539,67,0,-1,1,-1,1,56,130,0.0,0.0,0.0,0.0,0.0,539,67,,,503,67,504,55,453,54,513,67,,,,,,,,0.0,0.0,0.0,0.0,0.0,0.0,0.0,0.0,0.0,3,0,0.0,0.0,0.0,0.0,0.0,0.0,0.0,0.0,0.0,0.0,0.0,0.0,0.0,0.0,58.0,132.0,0.0,0.0,0.0,0.0,0.0,0.0,0.0,0.0,0.0,0.0,0.0,0.0,0.0
474,Jair,Paula da Cunha Filho,Jair Cunha,a,,,4.5,538,142,0.2,338,123,3.3,96,36,8,0,0,0,0,1682,750,0.7,2.2,3.3,3.3,3.3,107,42,,,115,52,258,89,411,176,203,79,,,,,,,,0.01,0.0,0.01,1.09,0.0,0.33,1.0,1.0,9.33,3,8,90.0,0.0,0.0,1.0,0.0,0.0,0.0,0.0,0.0,0.0,0.0,1.0,0.0,24.0,1689.0,770.0,0.0,0.03,0.01,0.04,1.0599999999999996,0.0,0.0,0.0,0.0,2.0,10.0,2.0,12.0
475,Nicolò,Savona,Savona,i,Knee injury - Unknown return date,,4.5,513,133,0.0,644,213,0.0,484,185,0,0,0,0,0,16,8,0.0,0.0,0.0,0.0,0.0,484,185,0.0,0.0,443,178,445,179,387,168,453,178,,,,,,,,0.0,0.0,0.0,0.0,0.0,0.0,0.0,0.0,0.0,3,0,0.0,0.0,0.0,0.0,0.0,0.0,0.0,0.0,0.0,0.0,0.0,0.0,0.0,0.0,16.0,8.0,0.0,0.0,0.0,0.0,0.0,0.0,0.0,0.0,0.0,0.0,0.0,0.0,0.0
477,Zach,Abbott,Abbott,u,Has joined Southampton on loan for the rest of the season,,4.0,637,198,0.2,341,125,0.0,430,158,0,0,0,0,0,0,1785,0.0,0.0,0.0,0.0,0.0,430,158,0.0,0.0,384,147,376,145,301,119,394,147,,,,,,,,0.0,0.0,0.0,0.0,0.0,0.0,0.0,0.0,0.0,3,0,0.0,0.0,0.0,0.0,0.0,0.0,0.0,0.0,0.0,0.0,0.0,0.0,0.0,0.0,0.0,1817.0,0.0,0.0,0.0,0.0,0.0,0.0,0.0,0.0,0.0,0.0,0.0,0.0,0.0
478,Luca,Netz,Netz,a,,,4.5,497,126,0.0,531,184,0.7,295,109,0,0,0,0,0,41,132,0.2,0.4,0.7,0.7,1.0,286,112,,,312,117,283,102,374,164,325,117,,,,,,,,0.0,0.0,0.0,0.58,0.0,0.0,4.5,0.0,4.5,3,0,0.0,0.0,0.0,0.0,0.0,0.0,0.0,0.0,0.0,0.0,0.0,0.0,0.0,0.0,41.0,135.0,0.0,0.0,0.0,0.0,0.0,0.0,0.0,0.0,0.0,0.0,0.0,0.0,0.0
479,Tyler,Bindon,Bindon,u,Has joined Charlton Athletic on loan for the rest of the season,,4.0,632,193,0.1,376,141,0.0,426,154,0,0,0,0,0,0,910,0.0,0.0,0.0,0.0,0.0,426,154,0.0,0.0,380,143,372,141,297,115,390,143,,,,,,,,0.0,0.0,0.0,0.0,0.0,0.0,0.0,0.0,0.0,3,0,0.0,0.0,0.0,0.0,0.0,0.0,0.0,0.0,0.0,0.0,0.0,0.0,0.0,0.0,0.0,927.0,0.0,0.0,0.0,0.0,0.0,0.0,0.0,0.0,0.0,0.0,0.0,0.0,0.0
6,William,Saliba,Saliba,i,Back injury - Unknown return date,,6.0,74,8,0.2,325,117,0.0,641,213,0,0,0,0,0,377,1481,0.0,0.0,0.0,0.0,0.0,641,213,0.0,0.0,636,213,637,213,632,213,637,213,,,,,,,,0.0,0.0,0.0,0.0,0.0,0.0,0.0,0.0,0.0,3,0,0.0,0.0,0.0,0.0,0.0,0.0,0.0,0.0,0.0,0.0,0.0,0.0,0.0,0.0,379.0,1494.0,0.0,0.0,0.0,0.0,0.0,0.0,0.0,0.0,0.0,0.0,0.0,0.0,0.0
480,Morgan,Gibbs-White,Gibbs-White,a,,,7.9,9,6,9.3,44,17,6.0,37,18,3,0,0,-1,1,42203,36256,0.8,2.3,6.0,6.0,6.0,42,20,100.0,100.0,40,18,119,73,58,33,57,37,,1.0,1.0,,,,,0.47,0.04,0.51,1.09,0.0,0.33,1.0,1.0,5.0,3,3,90.0,0.0,0.0,1.0,0.0,0.0,0.0,0.0,0.0,0.0,0.0,1.0,0.0,3.0,45270.0,37499.0,0.0,0.47999999999999987,0.009999999999999995,0.49,1.0599999999999996,0.0,0.0,0.0,0.0,2.0,0.0,5.0,7.0
482,Callum,Hudson-Odoi,Hudson-Odoi,a,,,5.9,93,60,0.2,348,128,0.3,379,178,0,0,0,-1,1,313,1092,0.1,0.2,0.3,0.3,1.0,355,163,100.0,100.0,626,273,320,162,619,267,629,273,,4.0,,,,,,0.0,0.0,0.0,0.0,0.0,0.0,0.0,0.0,0.0,3,0,0.0,0.0,0.0,0.0,0.0,0.0,0.0,0.0,0.0,0.0,0.0,0.0,0.0,0.0,321.0,1118.0,0.0,0.0,0.0,0.0,0.0,0.0,0.0,0.0,0.0,0.0,0.0,0.0,0.0
483,Dan,Ndoye,Ndoye,a,,,5.5,156,95,0.7,230,77,4.3,65,31,1,0,0,0,0,3969,4155,0.8,2.4,4.3,4.3,4.3,70,32,,,108,41,101,63,51,29,70,42,,,,,,,,0.17,0.31,0.48,1.21,0.0,0.49,0.49,1.47,8.32,3,1,58.0,0.0,0.0,0.0,0.0,0.0,0.0,0.0,0.0,0.0,0.0,1.0,0.0,5.0,4250.0,4235.0,0.0,0.0,0.0,0.0,0.81,0.0,0.0,0.0,0.0,1.0,0.0,4.0,5.0
484,Omari,Hutchinson,Hutchinson,u,Has joined AC Milan on loan for the rest of the season,,5.4,225,141,0.1,421,165,0.0,619,266,0,0,0,-1,1,0,1036,0.0,0.0,0.0,0.0,0.0,619,266,0.0,0.0,598,256,603,260,584,245,605,258,,,,,,,,0.0,0.0,0.0,0.0,0.0,0.0,0.0,0.0,0.0,3,0,0.0,0.0,0.0,0.0,0.0,0.0,0.0,0.0,0.0,0.0,0.0,0.0,0.0,0.0,0.0,1082.0,0.0,0.0,0.0,0.0,0.0,0.0,0.0,0.0,0.0,0.0,0.0,0.0,0.0
485,Dilane,Bakwa,Bakwa,u,Has joined Lille on loan for the rest of the season,,5.5,164,100,0.0,617,264,0.0,628,272,0,0,0,0,0,0,58,0.0,0.0,0.0,0.0,0.0,628,272,0.0,0.0,614,266,618,267,607,259,619,267,,,,,,,,0.0,0.0,0.0,0.0,0.0,0.0,0.0,0.0,0.0,3,0,0.0,0.0,0.0,0.0,0.0,0.0,0.0,0.0,0.0,0.0,0.0,0.0,0.0,0.0,0.0,59.0,0.0,0.0,0.0,0.0,0.0,0.0,0.0,0.0,0.0,0.0,0.0,0.0,0.0
486,James,McAtee,McAtee,a,,,5.5,148,90,0.1,451,179,2.3,162,70,2,0,0,0,0,612,397,0.4,1.3,2.3,2.3,2.3,179,76,,,176,68,17,16,602,254,98,50,1.0,,,,,,,0.05,0.19,0.24,1.12,0.0,0.71,0.71,1.07,8.18,3,2,90.0,0.0,0.0,1.0,0.0,0.0,0.0,0.0,1.0,0.0,0.0,1.0,0.0,22.0,627.0,405.0,0.0,0.13,0.22000000000000003,0.35000000000000003,1.06,0.0,0.0,0.0,0.0,3.0,0.0,4.0,7.0
487,Nicolás,Domínguez,Dominguez,a,,,4.9,389,235,0.1,475,188,0.3,350,158,0,-1,1,-1,1,136,278,0.1,0.2,0.3,0.3,1.0,296,123,,,334,153,503,203,451,163,512,200,,,,,,,,0.0,0.0,0.0,0.0,0.0,0.0,0.0,0.0,0.0,3,0,0.0,0.0,0.0,0.0,0.0,0.0,0.0,0.0,0.0,0.0,0.0,0.0,0.0,0.0,140.0,286.0,0.0,0.0,0.0,0.0,0.0,0.0,0.0,0.0,0.0,0.0,0.0,0.0,0.0
488,Ibrahim,Sangaré,I.Sangaré,a,,,4.9,379,229,0.6,242,81,0.7,297,133,0,0,0,-1,1,1099,2707,0.1,0.4,0.7,0.7,2.0,197,83,100.0,100.0,190,73,160,97,210,101,209,93,,,,,,,,0.03,0.01,0.04,0.47,0.0,0.0,1.0,1.0,6.0,3,0,0.0,0.0,0.0,0.0,0.0,0.0,0.0,0.0,0.0,0.0,0.0,0.0,0.0,0.0,1162.0,2856.0,0.0,0.0,0.0,0.0,0.0,0.0,0.0,0.0,0.0,0.0,0.0,0.0,0.0
490,Chris,Wood,Wood,a,,,5.9,87,22,1.1,177,27,0.7,323,39,1,0,0,-1,1,2048,7218,0.1,0.3,0.7,0.7,1.0,353,42,,,624,69,236,33,213,34,320,37,,,2.0,,,,,0.25,0.02,0.27,0.82,0.0,0.0,2.05,0.0,2.05,3,1,16.0,0.0,0.0,0.0,0.0,0.0,0.0,0.0,0.0,0.0,0.0,0.0,0.0,3.0,2093.0,7472.0,0.0,0.0,0.0,0.0,0.18000000000000002,0.0,0.0,0.0,0.0,0.0,0.0,0.0,0.0
491,Igor Jesus,Maciel da Cruz,Igor Jesus,a,,,5.9,105,28,2.9,110,16,1.3,233,23,1,0,0,-1,1,4890,22610,0.2,0.7,1.3,1.3,1.3,257,30,,,213,18,125,12,14,6,66,10,,,4.0,,,,,0.41,0.03,0.44,1.06,0.0,0.0,1.28,0.85,3.84,3,1,31.0,0.0,0.0,0.0,0.0,0.0,0.0,0.0,0.0,0.0,0.0,0.0,0.0,3.0,5092.0,23169.0,0.0,0.0,0.0,0.0,0.2599999999999998,0.0,0.0,0.0,0.0,1.0,0.0,0.0,1.0
493,Arnaud,Kalimuendo,Kalimuendo,a,,,5.4,216,49,0.1,489,67,0.3,370,43,0,0,0,-1,1,750,319,0.1,0.2,0.3,0.3,1.0,333,36,,,592,62,598,67,576,64,599,67,,,,,,,,0.0,0.0,0.0,0.0,0.0,0.0,0.0,0.0,0.0,3,0,0.0,0.0,0.0,0.0,0.0,0.0,0.0,0.0,0.0,0.0,0.0,0.0,0.0,0.0,762.0,326.0,0.0,0.0,0.0,0.0,0.0,0.0,0.0,0.0,0.0,0.0,0.0,0.0,0.0
558,Xaver,Schlager,Schlager,a,,,5.0,264,164,0.1,423,167,2.7,129,53,3,0,0,0,0,315,356,0.5,1.6,2.7,2.7,2.7,146,59,,,169,62,260,135,155,76,212,94,3.0,,,,,,,0.04,0.03,0.07,1.35,0.0,0.46,1.38,0.92,11.94,3,3,90.0,0.0,0.0,1.0,0.0,0.0,0.0,0.0,0.0,0.0,0.0,1.0,0.0,18.0,326.0,369.0,0.0,0.03,0.06,0.09000000000000001,1.06,0.0,0.0,0.0,0.0,4.0,3.0,3.0,10.0
581,Ousmane,Diomande,Diomande,a,,,5.4,231,32,0.6,243,90,0.3,374,135,1,0,0,-1,1,602,2813,0.1,0.2,0.3,0.3,1.0,340,127,,,601,210,604,210,587,209,607,210,,,,,,,,0.0,0.0,0.0,0.0,0.0,0.0,0.0,0.0,0.0,3,1,1.0,0.0,0.0,0.0,0.0,0.0,0.0,0.0,0.0,0.0,0.0,0.0,0.0,3.0,614.0,2893.0,0.0,0.0,0.0,0.0,0.0,0.0,0.0,0.0,0.0,0.0,0.0,0.0,0.0
590,Steven,Benda,Benda,a,,,4.5,484,38,0.1,468,53,0.0,470,58,0,0,0,0,0,191,225,0.0,0.0,0.0,0.0,0.0,470,58,,,429,58,426,40,365,39,439,58,,,,,,,,0.0,0.0,0.0,0.0,0.0,0.0,0.0,0.0,0.0,3,0,0.0,0.0,0.0,0.0,0.0,0.0,0.0,0.0,0.0,0.0,0.0,0.0,0.0,0.0,194.0,229.0,0.0,0.0,0.0,0.0,0.0,0.0,0.0,0.0,0.0,0.0,0.0,0.0,0.0
112,Jan Paul,van Hecke,Van Hecke,a,,,4.9,399,74,7.1,58,23,3.3,97,37,8,0,0,-1,1,8430,23675,0.7,2.0,3.3,3.3,3.3,108,43,,,45,14,141,43,55,11,62,15,,,,,,,,0.07,0.02,0.09,1.84,0.0,0.33,1.67,1.0,7.0,3,8,90.0,0.0,0.0,1.0,0.0,0.0,0.0,0.0,0.0,0.0,0.0,1.0,2.0,29.0,8998.0,25573.0,0.0,0.09000000000000001,0.010000000000000009,0.1,0.9199999999999999,0.0,0.0,0.0,0.0,1.0,3.0,4.0,4.0
147,Tosin,Adarabioyo,Tosin,a,,,4.4,568,151,0.2,353,131,0.0,444,171,0,-1,1,-1,1,248,576,0.0,0.0,0.0,0.0,0.0,444,171,,,398,160,390,158,318,135,408,160,,,,,,,,0.0,0.0,0.0,0.0,0.0,0.0,0.0,0.0,0.0,3,0,0.0,0.0,0.0,0.0,0.0,0.0,0.0,0.0,0.0,0.0,0.0,0.0,0.0,0.0,249.0,596.0,0.0,0.0,0.0,0.0,0.0,0.0,0.0,0.0,0.0,0.0,0.0,0.0,0.0
401,Omar,Marmoush,Marmoush,a,,,7.0,28,9,2.2,119,17,1.3,242,27,2,0,0,0,0,15485,14824,0.2,0.6,1.3,1.3,2.0,226,25,,,238,21,63,4,68,15,119,16,,5.0,2.0,,,,,0.18,0.04,0.22,0.83,0.0,0.52,1.04,1.04,2.08,3,2,83.0,0.0,0.0,1.0,0.0,0.0,0.0,0.0,0.0,0.0,0.0,1.0,0.0,6.0,16021.0,15026.0,0.0,0.17,0.009999999999999995,0.18,0.8800000000000001,0.0,0.0,0.0,0.0,0.0,0.0,0.0,0.0
403,Sávio,Moreira de Oliveira,Sávio,a,,,6.5,43,29,0.7,228,75,1.0,283,130,3,0,0,0,0,3925,4156,0.2,0.5,1.0,1.0,3.0,142,57,100.0,100.0,648,288,648,288,647,287,648,288,4.0,,,,,,,0.03,0.4,0.43,0.74,0.0,1.5,0.0,1.5,0.0,3,3,60.0,0.0,0.0,1.0,0.0,0.0,0.0,0.0,0.0,0.0,0.0,1.0,0.0,15.0,4094.0,4352.0,0.0,0.02,0.27,0.29,0.49,0.0,0.0,0.0,0.0,0.0,0.0,0.0,0.0
455,Sandro,Tonali,Tonali,a,,,5.4,209,131,2.8,111,34,3.0,120,50,5,0,0,-1,1,4756,12179,0.6,1.7,3.0,3.0,3.0,135,55,,,227,94,73,47,130,66,152,72,,6.0,,,,,,0.03,0.03,0.06,1.95,0.0,0.35,1.77,1.06,7.09,3,5,90.0,0.0,0.0,1.0,0.0,0.0,0.0,0.0,0.0,0.0,0.0,1.0,0.0,22.0,4842.0,12821.0,0.0,0.0,0.009999999999999995,0.009999999999999981,0.9199999999999999,0.0,0.0,0.0,0.0,4.0,4.0,4.0,12.0
494,Guglielmo,Vicario,Vicario,u,Has joined Juventus on loan for the rest of the season,,4.5,451,33,0.2,352,39,0.0,458,54,0,0,0,0,0,0,1016,0.0,0.0,0.0,0.0,0.0,458,54,0.0,0.0,415,54,410,35,344,34,425,54,,,,,,,,0.0,0.0,0.0,0.0,0.0,0.0,0.0,0.0,0.0,3,0,0.0,0.0,0.0,0.0,0.0,0.0,0.0,0.0,0.0,0.0,0.0,0.0,0.0,0.0,0.0,1031.0,0.0,0.0,0.0,0.0,0.0,0.0,0.0,0.0,0.0,0.0,0.0,0.0,0.0
495,Brandon,Austin,Austin,a,,,4.0,603,62,1.0,198,31,0.0,406,36,0,0,0,0,0,2862,1607,0.0,0.0,0.0,0.0,0.0,406,36,,,359,36,351,15,275,14,369,36,,,,,,,,0.0,0.0,0.0,0.0,0.0,0.0,0.0,0.0,0.0,3,0,0.0,0.0,0.0,0.0,0.0,0.0,0.0,0.0,0.0,0.0,0.0,0.0,0.0,0.0,2959.0,1666.0,0.0,0.0,0.0,0.0,0.0,0.0,0.0,0.0,0.0,0.0,0.0,0.0,0.0
496,Antonín,Kinský,Kinsky,a,,,4.5,501,42,19.0,15,3,3.0,111,10,6,0,0,0,0,25680,68849,0.7,2.0,3.0,3.0,3.0,123,10,,,67,9,435,44,377,43,177,10,,,,,,,,0.0,0.0,0.0,1.84,2.0,0.33,1.67,1.0,0.0,3,6,90.0,0.0,0.0,1.0,0.0,0.0,0.0,0.0,0.0,0.0,1.0,1.0,0.0,24.0,26186.0,72688.0,0.0,0.0,0.0,0.0,0.9199999999999999,0.0,0.0,0.0,0.0,0.0,2.0,8.0,0.0
498,Marcos,Senesi Barón,Senesi,a,,,5.9,95,9,5.1,72,30,1.0,278,99,0,0,0,-1,1,1457,38406,0.2,0.5,1.0,1.0,3.0,139,55,,,111,50,243,80,621,212,198,75,,,,,,,,0.0,0.02,0.02,3.87,0.0,0.0,3.0,1.0,16.0,3,0,0.0,0.0,0.0,0.0,0.0,0.0,0.0,0.0,0.0,0.0,0.0,0.0,0.0,0.0,1481.0,39594.0,0.0,0.0,0.0,0.0,0.0,0.0,0.0,0.0,0.0,0.0,0.0,0.0,0.0
499,Pedro,Porro Sauceda,Pedro Porro,a,,,5.5,153,19,11.5,36,12,2.7,135,54,7,0,0,0,0,19510,21613,0.5,1.5,2.7,2.7,4.0,84,36,100.0,100.0,236,96,196,63,87,22,200,77,3.0,1.0,,,,,,0.18,0.08,0.26,0.82,0.0,0.5,1.0,1.0,4.0,3,7,90.0,0.0,0.0,1.0,0.0,0.0,0.0,0.0,0.0,0.0,0.0,1.0,1.0,28.0,19755.0,23114.0,0.0,0.02999999999999997,0.06,0.09000000000000002,0.9199999999999999,0.0,0.0,0.0,0.0,1.0,3.0,3.0,4.0
500,Cristian,Romero,Romero,u,Has joined Atletico Madrid permanently,,5.0,276,44,0.1,420,149,0.0,563,203,0,0,0,0,0,0,566,0.0,0.0,0.0,0.0,0.0,563,203,0.0,0.0,534,201,536,201,495,194,542,201,,,,,,,,0.0,0.0,0.0,0.0,0.0,0.0,0.0,0.0,0.0,3,0,0.0,0.0,0.0,0.0,0.0,0.0,0.0,0.0,0.0,0.0,0.0,0.0,0.0,0.0,0.0,573.0,0.0,0.0,0.0,0.0,0.0,0.0,0.0,0.0,0.0,0.0,0.0,0.0,0.0
502,Andrew,Robertson,Robertson,a,,,4.5,439,85,3.0,104,40,2.0,171,67,1,0,0,0,0,1664,20602,0.4,1.3,2.0,2.0,2.0,189,72,,,81,35,57,12,69,14,61,14,1.0,,,,,,,0.03,0.04,0.07,2.31,0.0,0.0,1.94,0.97,7.26,3,1,29.0,0.0,0.0,0.0,0.0,0.0,0.0,0.0,0.0,0.0,0.0,0.0,0.0,3.0,1740.0,21222.0,0.0,0.0,0.0,0.0,0.4300000000000006,0.0,0.0,0.0,0.0,0.0,1.0,1.0,1.0
503,Micky,van de Ven,Van de Ven,a,,,5.0,319,57,3.8,87,34,3.0,116,45,9,0,0,0,0,11433,7276,0.6,1.8,3.0,3.0,4.5,64,25,100.0,100.0,205,86,246,83,528,201,272,99,,,,,,,,0.28,0.01,0.29,0.82,0.0,0.5,1.0,1.0,8.5,3,9,90.0,0.0,0.0,1.0,0.0,0.0,0.0,0.0,0.0,0.0,0.0,1.0,3.0,30.0,11506.0,7677.0,0.0,0.57,0.0,0.57,0.9199999999999999,0.0,0.0,0.0,0.0,3.0,6.0,4.0,9.0
505,Djed,Spence,Spence,u,Has joined Internazionale permanently,,4.5,473,110,0.3,300,109,0.0,466,177,0,0,0,0,0,0,2343,0.0,0.0,0.0,0.0,0.0,466,177,0.0,0.0,424,169,420,169,357,154,434,169,,,,,,,,0.0,0.0,0.0,0.0,0.0,0.0,0.0,0.0,0.0,3,0,0.0,0.0,0.0,0.0,0.0,0.0,0.0,0.0,0.0,0.0,0.0,0.0,0.0,0.0,0.0,2386.0,0.0,0.0,0.0,0.0,0.0,0.0,0.0,0.0,0.0,0.0,0.0,0.0,0.0
506,Destiny,Udogie,Udogie,a,,,4.5,502,129,0.4,267,98,2.3,152,62,5,0,0,0,0,529,972,0.5,1.6,2.3,2.3,2.3,170,68,,,267,102,168,51,222,83,260,96,,,,,,,,0.0,0.24,0.24,1.22,0.0,1.05,1.05,1.05,4.19,3,5,60.0,0.0,0.0,1.0,0.0,0.0,0.0,0.0,1.0,0.0,0.0,1.0,0.0,16.0,537.0,1014.0,0.0,0.0,0.020000000000000018,0.020000000000000018,0.4899999999999999,0.0,0.0,0.0,0.0,0.0,3.0,1.0,3.0
507,Ashley,Phillips,Phillips,u,Has joined Middlesbrough permanently,,4.5,524,137,0.0,581,197,0.0,494,188,0,0,0,0,0,0,53,0.0,0.0,0.0,0.0,0.0,494,188,0.0,0.0,454,182,456,183,398,172,464,182,,,,,,,,0.0,0.0,0.0,0.0,0.0,0.0,0.0,0.0,0.0,3,0,0.0,0.0,0.0,0.0,0.0,0.0,0.0,0.0,0.0,0.0,0.0,0.0,0.0,0.0,0.0,53.0,0.0,0.0,0.0,0.0,0.0,0.0,0.0,0.0,0.0,0.0,0.0,0.0,0.0
508,Ben,Davies,Davies,a,,,4.0,589,163,0.9,201,77,0.0,398,139,0,0,0,0,0,840,2819,0.0,0.0,0.0,0.0,0.0,398,139,,,351,127,341,123,263,94,360,126,,,,,,,,0.0,0.0,0.0,0.0,0.0,0.0,0.0,0.0,0.0,3,0,0.0,0.0,0.0,0.0,0.0,0.0,0.0,0.0,0.0,0.0,0.0,0.0,0.0,0.0,872.0,2885.0,0.0,0.0,0.0,0.0,0.0,0.0,0.0,0.0,0.0,0.0,0.0,0.0,0.0
509,Jun'ai,Byfield,Byfield,a,,,4.0,651,211,0.1,487,172,0.0,440,167,0,0,0,0,0,210,208,0.0,0.0,0.0,0.0,0.0,440,167,,,394,156,386,154,314,131,404,156,,,,,,,,0.0,0.0,0.0,0.0,0.0,0.0,0.0,0.0,0.0,3,0,0.0,0.0,0.0,0.0,0.0,0.0,0.0,0.0,0.0,0.0,0.0,0.0,0.0,0.0,221.0,211.0,0.0,0.0,0.0,0.0,0.0,0.0,0.0,0.0,0.0,0.0,0.0,0.0,0.0
510,James,Rowswell,Rowswell,a,,,4.0,628,190,0.1,442,158,0.0,422,151,0,0,0,0,0,256,252,0.0,0.0,0.0,0.0,0.0,422,151,,,376,140,368,138,293,112,386,140,,,,,,,,0.0,0.0,0.0,0.0,0.0,0.0,0.0,0.0,0.0,3,0,0.0,0.0,0.0,0.0,0.0,0.0,0.0,0.0,0.0,0.0,0.0,0.0,0.0,0.0,268.0,258.0,0.0,0.0,0.0,0.0,0.0,0.0,0.0,0.0,0.0,0.0,0.0,0.0,0.0
511,João Victor,de Souza Menezes,Souza,u,Has joined FC Porto on loan for the rest of the season,,4.0,650,210,0.2,326,118,0.0,439,166,0,0,0,0,0,0,2000,0.0,0.0,0.0,0.0,0.0,439,166,0.0,0.0,393,155,385,153,313,130,403,155,,,,,,,,0.0,0.0,0.0,0.0,0.0,0.0,0.0,0.0,0.0,3,0,0.0,0.0,0.0,0.0,0.0,0.0,0.0,0.0,0.0,0.0,0.0,0.0,0.0,0.0,0.0,2034.0,0.0,0.0,0.0,0.0,0.0,0.0,0.0,0.0,0.0,0.0,0.0,0.0,0.0
512,Mohammed,Kudus,Kudus,a,,,6.5,41,28,0.1,401,153,0.7,333,155,1,0,0,0,0,1030,871,0.1,0.3,0.7,0.7,1.0,368,173,100.0,100.0,326,148,225,122,145,72,276,123,6.0,3.0,3.0,,,,,0.07,0.3,0.37,1.18,0.0,0.0,1.76,0.0,8.82,3,1,29.0,0.0,0.0,0.0,0.0,0.0,0.0,0.0,0.0,0.0,0.0,0.0,0.0,13.0,1059.0,877.0,0.0,0.0,0.16,0.15999999999999998,0.43000000000000005,0.0,0.0,0.0,0.0,0.0,0.0,3.0,3.0
513,Xavi,Simons,Xavi,i,Knee injury - Unknown return date,,6.0,76,51,0.0,593,248,0.0,642,282,0,0,0,0,0,27,83,0.0,0.0,0.0,0.0,0.0,642,282,0.0,0.0,637,281,638,281,633,277,638,281,,2.0,4.0,,,,,0.0,0.0,0.0,0.0,0.0,0.0,0.0,0.0,0.0,3,0,0.0,0.0,0.0,0.0,0.0,0.0,0.0,0.0,0.0,0.0,0.0,0.0,0.0,0.0,27.0,83.0,0.0,0.0,0.0,0.0,0.0,0.0,0.0,0.0,0.0,0.0,0.0,0.0,0.0
514,Mathys,Tel,Tel,a,,,5.9,108,69,0.3,303,105,2.3,165,73,3,0,0,-1,1,461,2360,0.4,1.2,2.3,2.3,2.3,182,79,,,211,85,86,54,38,22,86,48,5.0,4.0,,,,,,0.08,0.05,0.13,2.0,0.0,0.39,1.57,1.17,5.09,3,3,73.0,0.0,0.0,1.0,0.0,0.0,0.0,0.0,0.0,0.0,0.0,1.0,0.0,11.0,474.0,2577.0,0.0,0.0,0.05000000000000002,0.050000000000000044,0.7600000000000007,0.0,0.0,0.0,0.0,0.0,0.0,2.0,2.0
515,James,Maddison,Maddison,d,Shoulder injury - 75% chance of playing,,6.4,47,32,0.5,250,83,0.3,384,180,0,0,0,-1,1,52,5143,0.0,0.2,0.2,0.2,1.0,364,169,75.0,75.0,281,129,194,108,163,79,256,115,,,,,,,,0.0,0.04,0.04,3.48,0.0,0.0,0.0,0.0,8.18,3,0,0.0,0.0,0.0,0.0,0.0,0.0,0.0,0.0,0.0,0.0,0.0,0.0,0.0,0.0,52.0,5383.0,0.0,0.0,0.0,0.0,0.0,0.0,0.0,0.0,0.0,0.0,0.0,0.0,0.0
516,Rodrigo,Bentancur,Bentancur,a,,,5.5,136,83,0.2,351,129,2.7,133,55,5,0,0,0,0,418,412,0.5,1.5,2.7,2.7,2.7,150,61,,,193,75,118,72,596,250,193,87,,,,,,,,0.01,0.02,0.03,1.53,0.0,0.4,1.2,0.8,13.2,3,5,90.0,0.0,0.0,1.0,0.0,0.0,0.0,0.0,0.0,0.0,0.0,1.0,0.0,14.0,424.0,431.0,0.0,0.02,0.010000000000000002,0.03,0.9199999999999999,0.0,0.0,0.0,0.0,1.0,11.0,5.0,17.0
518,Pape Matar,Sarr,P.M.Sarr,u,Has joined Juventus on loan for the rest of the season,,4.9,400,240,0.1,400,152,0.0,544,218,0,0,0,-1,1,0,2036,0.0,0.0,0.0,0.0,0.0,544,218,0.0,0.0,509,198,510,206,459,167,519,203,,,,,,,,0.0,0.0,0.0,0.0,0.0,0.0,0.0,0.0,0.0,3,0,0.0,0.0,0.0,0.0,0.0,0.0,0.0,0.0,0.0,0.0,0.0,0.0,0.0,0.0,0.0,2067.0,0.0,0.0,0.0,0.0,0.0,0.0,0.0,0.0,0.0,0.0,0.0,0.0,0.0
519,Conor,Gallagher,Gallagher,a,,,5.4,203,127,0.2,334,121,1.0,265,118,3,0,0,-1,1,301,745,0.2,0.6,1.0,1.0,1.5,244,109,,,588,249,206,113,250,122,312,143,,,,,,,,0.01,0.08,0.09,1.81,0.0,0.7,1.41,1.41,9.84,3,3,83.0,0.0,0.0,1.0,0.0,0.0,0.0,0.0,0.0,0.0,0.0,1.0,0.0,23.0,307.0,781.0,0.0,0.0,0.06,0.06000000000000001,0.8800000000000001,0.0,0.0,0.0,0.0,4.0,1.0,6.0,11.0
520,Lucas,Bergvall,Bergvall,a,,,5.4,232,146,0.2,355,130,0.3,375,175,0,0,0,-1,1,128,672,0.1,0.2,0.3,0.3,1.0,341,155,,,602,259,250,130,239,115,608,260,,,,,,,,0.0,0.02,0.02,3.4,0.0,0.0,4.0,2.0,16.0,3,0,0.0,0.0,0.0,0.0,0.0,0.0,0.0,0.0,0.0,0.0,0.0,0.0,0.0,0.0,130.0,695.0,0.0,0.0,0.0,0.0,0.0,0.0,0.0,0.0,0.0,0.0,0.0,0.0,0.0
521,Dejan,Kulusevski,Kulusevski,i,Knee injury - Unknown return date,,6.5,39,27,0.0,609,260,0.0,648,288,0,0,0,0,0,32,70,0.0,0.0,0.0,0.0,0.0,648,288,0.0,0.0,646,287,646,287,645,286,646,287,,,,,,,,0.0,0.0,0.0,0.0,0.0,0.0,0.0,0.0,0.0,3,0,0.0,0.0,0.0,0.0,0.0,0.0,0.0,0.0,0.0,0.0,0.0,0.0,0.0,0.0,33.0,70.0,0.0,0.0,0.0,0.0,0.0,0.0,0.0,0.0,0.0,0.0,0.0,0.0,0.0
522,Archie,Gray,Gray,a,,,5.0,346,210,0.2,339,124,1.3,228,102,0,0,0,0,0,391,1218,0.3,0.8,1.3,1.3,2.0,207,90,,,248,107,212,117,544,218,285,128,,,,,,,,0.0,0.01,0.01,2.32,0.0,0.0,2.37,1.18,6.51,3,0,0.0,0.0,0.0,0.0,0.0,0.0,0.0,0.0,0.0,0.0,0.0,0.0,0.0,0.0,401.0,1240.0,0.0,0.0,0.0,0.0,0.0,0.0,0.0,0.0,0.0,0.0,0.0,0.0,0.0
523,Mikey,Moore,Moore,u,Has joined FC Köln on loan for the rest of the season,,5.0,325,193,0.1,415,162,1.0,262,115,0,0,0,0,0,0,2367,0.2,0.6,0.0,0.0,1.5,243,108,0.0,0.0,210,84,200,110,27,17,112,57,,,,,,,,0.4,0.02,0.42,3.3,0.0,0.0,4.04,1.01,3.03,3,0,0.0,0.0,0.0,0.0,0.0,0.0,0.0,0.0,0.0,0.0,0.0,0.0,0.0,0.0,0.0,2453.0,0.0,0.0,0.0,0.0,0.0,0.0,0.0,0.0,0.0,0.0,0.0,0.0,0.0
525,Mateus,Fernandes,Fernandes,a,,,5.9,110,70,1.1,182,56,1.0,281,129,0,0,0,-1,1,677,10820,0.2,0.5,1.0,1.0,1.0,359,166,,,173,65,11,11,214,103,71,43,2.0,,,,,,,0.01,0.15,0.16,1.86,0.0,0.0,1.9,0.63,6.34,3,0,7.0,0.0,0.0,0.0,0.0,0.0,0.0,0.0,1.0,0.0,0.0,0.0,0.0,-1.0,709.0,11095.0,0.0,0.0,0.0,0.0,0.040000000000000036,0.0,0.0,0.0,0.0,0.0,0.0,0.0,0.0
526,Dominic,Solanke-Mitchell,Solanke,a,,,5.9,89,23,1.0,193,31,1.0,277,33,1,0,0,-1,1,2433,6466,0.2,0.5,1.0,1.0,1.0,354,43,,,300,30,319,40,142,25,278,33,,,1.0,,,,,0.92,0.0,0.92,1.86,0.0,0.0,0.0,0.0,2.09,3,1,6.0,0.0,0.0,0.0,0.0,0.0,0.0,0.0,0.0,0.0,0.0,0.0,0.0,-1.0,2476.0,6677.0,0.0,0.16999999999999998,0.0,0.16999999999999998,0.040000000000000036,0.0,0.0,0.0,0.0,0.0,1.0,0.0,1.0
527,Richarlison,de Andrade,Richarlison,u,not included in squad.,,5.9,94,25,1.3,157,23,0.7,326,40,0,0,0,-1,1,0,28195,0.1,0.3,0.0,0.0,2.0,217,21,0.0,0.0,627,71,242,34,620,72,337,39,,,,,,,,0.0,0.0,0.0,4.06,0.0,0.0,4.03,1.34,1.34,3,0,0.0,0.0,0.0,0.0,0.0,0.0,0.0,0.0,0.0,0.0,0.0,0.0,0.0,0.0,0.0,29509.0,0.0,0.0,0.0,0.0,0.0,0.0,0.0,0.0,0.0,0.0,0.0,0.0,0.0
528,Dane,Scarlett,Scarlett,u,Has joined Leyton Orient permanently,,4.5,506,66,1.5,147,22,0.0,477,48,0,0,0,0,0,0,13526,0.0,0.0,0.0,0.0,0.0,477,48,0.0,0.0,436,36,438,42,380,38,446,41,,,,,,,,0.0,0.0,0.0,0.0,0.0,0.0,0.0,0.0,0.0,3,0,0.0,0.0,0.0,0.0,0.0,0.0,0.0,0.0,0.0,0.0,0.0,0.0,0.0,0.0,0.0,13744.0,0.0,0.0,0.0,0.0,0.0,0.0,0.0,0.0,0.0,0.0,0.0,0.0,0.0
578,Mykhailo,Mudryk,Mudryk,a,,,5.4,217,135,0.1,465,184,0.3,371,172,1,0,0,-1,1,1023,490,0.1,0.2,0.3,0.3,1.0,334,150,,,593,251,599,256,577,239,600,253,,,,,,,,0.0,0.0,0.0,0.9,0.0,0.0,0.0,0.0,0.0,3,1,16.0,0.0,0.0,0.0,0.0,0.0,0.0,0.0,0.0,0.0,0.0,0.0,0.0,3.0,1051.0,499.0,0.0,0.0,0.0,0.0,0.16,0.0,0.0,0.0,0.0,0.0,0.0,0.0,0.0
501,Kevin,Danso,Danso,a,,,5.0,247,38,0.2,359,135,0.7,306,113,2,0,0,0,0,613,536,0.1,0.4,0.7,0.7,2.0,200,78,,,523,198,524,198,480,191,532,198,,,,,,,,0.0,0.08,0.08,1.21,0.0,0.0,1.0,1.0,8.0,3,2,90.0,0.0,0.0,0.0,1.0,0.0,0.0,0.0,0.0,0.0,0.0,1.0,0.0,9.0,625.0,553.0,0.0,0.0,0.08,0.08,1.21,0.0,0.0,0.0,0.0,1.0,7.0,3.0,8.0
529,Robin,Roefs,Roefs,a,,,5.0,323,15,3.2,101,17,3.0,117,13,2,0,0,0,0,849,14955,0.6,1.8,3.0,3.0,3.0,131,13,,,181,19,566,66,532,66,262,19,,,,,,,,0.0,0.0,0.0,1.32,0.67,0.33,1.0,1.0,0.0,3,2,90.0,0.0,0.0,0.0,1.0,0.0,0.0,0.0,0.0,0.0,1.0,1.0,0.0,11.0,922.0,15604.0,0.0,0.0,0.0,0.0,1.21,0.0,0.0,0.0,0.0,0.0,1.0,13.0,0.0
530,Anthony,Patterson,Patterson,u,Has joined Wrexham permanently,,4.0,609,63,0.1,385,46,0.0,409,37,0,0,0,0,0,0,395,0.0,0.0,0.0,0.0,0.0,409,37,0.0,0.0,362,37,354,16,278,15,372,37,,,,,,,,0.0,0.0,0.0,0.0,0.0,0.0,0.0,0.0,0.0,3,0,0.0,0.0,0.0,0.0,0.0,0.0,0.0,0.0,0.0,0.0,0.0,0.0,0.0,0.0,0.0,400.0,0.0,0.0,0.0,0.0,0.0,0.0,0.0,0.0,0.0,0.0,0.0,0.0,0.0
531,Melker,Ellborg,Ellborg,a,,,4.5,518,45,0.1,448,49,0.0,488,61,0,0,0,0,0,78,223,0.0,0.0,0.0,0.0,0.0,488,61,,,448,61,450,47,392,46,458,61,,,,,,,,0.0,0.0,0.0,0.0,0.0,0.0,0.0,0.0,0.0,3,0,0.0,0.0,0.0,0.0,0.0,0.0,0.0,0.0,0.0,0.0,0.0,0.0,0.0,0.0,80.0,228.0,0.0,0.0,0.0,0.0,0.0,0.0,0.0,0.0,0.0,0.0,0.0,0.0,0.0
532,Daniel,Ballard,Ballard,a,,,4.9,384,70,3.7,89,35,4.0,74,30,4,-1,1,-1,1,2557,34203,0.8,2.4,4.0,4.0,4.0,80,33,,,85,38,235,76,166,58,169,62,,,,,,,,0.03,0.05,0.08,1.32,0.0,0.33,1.0,1.0,9.67,3,4,90.0,0.0,0.0,0.0,1.0,0.0,0.0,0.0,0.0,0.0,0.0,1.0,0.0,12.0,2653.0,36598.0,0.0,0.06,0.13999999999999999,0.19999999999999998,1.21,0.0,0.0,0.0,0.0,2.0,8.0,5.0,10.0
536,Reinildo,Mandava,Reinildo,a,,,4.5,485,119,0.4,274,100,3.0,110,42,2,0,0,0,0,303,1407,0.7,2.0,3.0,3.0,3.0,122,49,,,95,43,70,18,185,64,101,36,,,,,,,,0.0,0.1,0.1,1.32,0.0,0.33,1.0,1.0,7.33,3,2,90.0,0.0,0.0,0.0,1.0,0.0,0.0,0.0,0.0,0.0,0.0,1.0,0.0,14.0,320.0,1449.0,0.0,0.0,0.010000000000000009,0.010000000000000009,1.21,0.0,0.0,0.0,0.0,3.0,4.0,7.0,7.0
537,Jenson,Seelt,Seelt,u,Has joined Swansea City on loan for the rest of the season,,4.5,519,136,0.0,619,206,0.0,489,187,0,0,0,0,0,0,37,0.0,0.0,0.0,0.0,0.0,489,187,0.0,0.0,449,181,451,182,393,171,459,181,,,,,,,,0.0,0.0,0.0,0.0,0.0,0.0,0.0,0.0,0.0,3,0,0.0,0.0,0.0,0.0,0.0,0.0,0.0,0.0,0.0,0.0,0.0,0.0,0.0,0.0,0.0,38.0,0.0,0.0,0.0,0.0,0.0,0.0,0.0,0.0,0.0,0.0,0.0,0.0,0.0
601,Luca,Williams-Barnett,Williams-Barnett,a,,,4.5,552,283,0.1,389,144,0.0,516,202,0,0,0,0,0,1061,700,0.0,0.0,0.0,0.0,0.0,516,202,,,477,180,478,189,422,147,487,185,,,,,,,,0.0,0.0,0.0,0.0,0.0,0.0,0.0,0.0,0.0,3,0,0.0,0.0,0.0,0.0,0.0,0.0,0.0,0.0,0.0,0.0,0.0,0.0,0.0,0.0,1080.0,706.0,0.0,0.0,0.0,0.0,0.0,0.0,0.0,0.0,0.0,0.0,0.0,0.0,0.0
538,Leo Fuhr,Hjelde,Hjelde,u,Has joined KV Mechelen on loan for the rest of the season,,4.0,622,186,0.0,507,177,0.0,417,148,0,0,0,0,0,0,169,0.0,0.0,0.0,0.0,0.0,417,148,0.0,0.0,370,136,362,134,287,108,380,136,,,,,,,,0.0,0.0,0.0,0.0,0.0,0.0,0.0,0.0,0.0,3,0,0.0,0.0,0.0,0.0,0.0,0.0,0.0,0.0,0.0,0.0,0.0,0.0,0.0,0.0,0.0,171.0,0.0,0.0,0.0,0.0,0.0,0.0,0.0,0.0,0.0,0.0,0.0,0.0,0.0
539,Luke,O'Nien,O'Nien,a,,,4.0,593,165,2.9,107,42,0.3,336,119,0,0,0,0,0,755,10480,0.1,0.2,0.3,0.3,1.0,264,93,,,226,92,267,93,196,69,268,98,,,,,,,,0.01,0.01,0.02,2.3,0.0,0.0,1.36,1.36,6.82,3,0,0.0,0.0,0.0,0.0,0.0,0.0,0.0,0.0,0.0,0.0,0.0,0.0,0.0,0.0,782.0,10810.0,0.0,0.0,0.0,0.0,0.0,0.0,0.0,0.0,0.0,0.0,0.0,0.0,0.0
540,Arthur,Masuaku,Masuaku,u,Has joined Konyaspor permanently,,4.0,587,162,0.2,357,134,0.0,396,138,0,0,0,0,0,0,717,0.0,0.0,0.0,0.0,0.0,396,138,0.0,0.0,349,126,339,122,261,93,358,125,,,,,,,,0.0,0.0,0.0,0.0,0.0,0.0,0.0,0.0,0.0,3,0,0.0,0.0,0.0,0.0,0.0,0.0,0.0,0.0,0.0,0.0,0.0,0.0,0.0,0.0,0.0,730.0,0.0,0.0,0.0,0.0,0.0,0.0,0.0,0.0,0.0,0.0,0.0,0.0,0.0
546,Simon,Adingra,Adingra,u,Has joined Ajax on loan for the rest of the season,,4.9,408,246,0.0,517,211,0.0,547,220,0,0,0,-1,1,0,382,0.0,0.0,0.0,0.0,0.0,547,220,0.0,0.0,512,200,513,208,462,169,522,205,,,,,,,,0.0,0.0,0.0,0.0,0.0,0.0,0.0,0.0,0.0,3,0,0.0,0.0,0.0,0.0,0.0,0.0,0.0,0.0,0.0,0.0,0.0,0.0,0.0,0.0,0.0,397.0,0.0,0.0,0.0,0.0,0.0,0.0,0.0,0.0,0.0,0.0,0.0,0.0,0.0
547,Romaine,Mundle,Mundle,a,,,4.9,398,239,0.0,613,262,0.3,353,159,0,-1,1,-1,1,25,56,0.1,0.2,0.3,0.3,1.0,298,124,,,247,106,327,165,100,52,232,103,,,,,,,,15.3,0.0,15.3,8.1,0.0,0.0,0.0,0.0,90.0,3,0,0.0,0.0,0.0,0.0,0.0,0.0,0.0,0.0,0.0,0.0,0.0,0.0,0.0,0.0,26.0,56.0,0.0,0.0,0.0,0.0,0.0,0.0,0.0,0.0,0.0,0.0,0.0,0.0,0.0
548,Chris,Rigg,Rigg,a,,,4.9,412,249,0.1,491,197,0.7,302,136,0,-1,1,-1,1,34,209,0.1,0.4,0.7,0.7,1.0,304,128,,,515,203,313,158,466,172,525,208,,,,,,,,0.0,0.0,0.0,2.33,0.0,0.0,5.29,0.0,5.29,3,0,0.0,0.0,0.0,0.0,0.0,0.0,0.0,0.0,0.0,0.0,0.0,0.0,0.0,0.0,34.0,214.0,0.0,0.0,0.0,0.0,0.0,0.0,0.0,0.0,0.0,0.0,0.0,0.0,0.0
13,Declan,Rice,Rice,a,,,7.4,18,11,13.9,29,11,4.3,71,34,5,-1,1,-1,1,8947,44677,0.6,1.8,4.3,4.3,4.3,76,35,,,134,49,67,46,246,120,128,64,1.0,1.0,,,,,,0.04,0.1,0.14,0.29,0.0,0.75,0.37,1.12,8.96,3,5,90.0,0.0,1.0,0.0,1.0,0.0,0.0,0.0,0.0,0.0,0.0,1.0,0.0,22.0,9055.0,46485.0,0.0,0.03,0.08000000000000002,0.10999999999999999,0.39,0.0,0.0,0.0,0.0,0.0,5.0,1.0,6.0
14,Eberechi,Eze,Eze,a,,,6.4,49,33,1.3,155,48,0.7,330,152,0,0,0,-1,1,1848,9784,0.1,0.3,0.7,0.7,1.0,365,170,,,316,142,220,120,215,104,307,140,,3.0,,,,,,0.06,0.11,0.17,0.59,0.0,0.0,0.0,0.0,7.63,3,0,0.0,0.0,0.0,0.0,0.0,0.0,0.0,0.0,0.0,0.0,0.0,0.0,0.0,0.0,1916.0,10016.0,0.0,0.0,0.0,0.0,0.0,0.0,0.0,0.0,0.0,0.0,0.0,0.0,0.0
15,Martin,Ødegaard,Ødegaard,a,,,6.6,32,21,11.9,35,13,8.0,8,5,10,0,0,1,-1,103852,30540,1.2,3.6,8.0,8.0,8.0,9,6,,,37,17,33,27,53,31,29,23,4.0,4.0,3.0,,,,,0.41,0.43,0.84,0.27,0.0,0.81,0.41,1.22,6.52,3,10,76.0,1.0,0.0,0.0,1.0,0.0,0.0,0.0,0.0,0.0,0.0,1.0,3.0,47.0,104631.0,32230.0,0.0,0.72,0.88,1.6,0.27,0.0,0.0,0.0,0.0,0.0,0.0,3.0,3.0
16,Noni,Madueke,Madueke,a,,,6.3,55,39,0.2,318,113,0.7,328,151,1,0,0,-2,2,757,1530,0.1,0.3,0.7,0.7,1.0,363,168,,,237,99,44,35,640,281,163,77,6.0,,,,,,,0.0,0.2,0.2,0.59,0.0,0.0,0.0,0.0,11.74,3,1,1.0,0.0,0.0,0.0,0.0,0.0,0.0,0.0,0.0,0.0,0.0,0.0,0.0,3.0,761.0,1576.0,0.0,0.0,0.010000000000000002,0.010000000000000002,0.0,0.0,0.0,0.0,0.0,1.0,0.0,0.0,1.0
20,Max,Dowman,Dowman,a,,,5.3,236,148,0.1,471,185,0.0,607,257,0,-1,1,-2,2,208,498,0.0,0.0,0.0,0.0,0.0,607,257,,,582,244,589,250,561,228,590,247,,,,,,,,0.0,0.0,0.0,0.0,0.0,0.0,0.0,0.0,0.0,3,0,0.0,0.0,0.0,0.0,0.0,0.0,0.0,0.0,0.0,0.0,0.0,0.0,0.0,0.0,209.0,512.0,0.0,0.0,0.0,0.0,0.0,0.0,0.0,0.0,0.0,0.0,0.0,0.0,0.0
58,Fraser,Forster,Forster,a,,,4.0,579,50,3.4,96,15,0.0,388,24,0,0,0,0,0,10705,5062,0.0,0.0,0.0,0.0,0.0,388,24,,,341,24,331,3,253,2,350,24,,,,,,,,0.0,0.0,0.0,0.0,0.0,0.0,0.0,0.0,0.0,3,0,0.0,0.0,0.0,0.0,0.0,0.0,0.0,0.0,0.0,0.0,0.0,0.0,0.0,0.0,11210.0,5335.0,0.0,0.0,0.0,0.0,0.0,0.0,0.0,0.0,0.0,0.0,0.0,0.0,0.0
107,Kaye,Furo,Furo,a,,,4.5,545,74,1.1,184,29,0.0,510,55,0,0,0,0,0,7415,4499,0.0,0.0,0.0,0.0,0.0,510,55,,,471,44,472,49,416,46,481,49,,,,,,,,0.0,0.0,0.0,0.0,0.0,0.0,0.0,0.0,0.0,3,0,0.0,0.0,0.0,0.0,0.0,0.0,0.0,0.0,0.0,0.0,0.0,0.0,0.0,0.0,7617.0,4602.0,0.0,0.0,0.0,0.0,0.0,0.0,0.0,0.0,0.0,0.0,0.0,0.0,0.0
137,Stefanos,Tzimas,Tzimas,i,Knee injury - Unknown return date,,5.5,186,42,0.0,616,77,0.0,631,74,0,0,0,0,0,22,50,0.0,0.0,0.0,0.0,0.0,631,74,0.0,0.0,620,66,624,70,613,68,624,70,,,,,,,,0.0,0.0,0.0,0.0,0.0,0.0,0.0,0.0,0.0,3,0,0.0,0.0,0.0,0.0,0.0,0.0,0.0,0.0,0.0,0.0,0.0,0.0,0.0,0.0,23.0,51.0,0.0,0.0,0.0,0.0,0.0,0.0,0.0,0.0,0.0,0.0,0.0,0.0,0.0
158,Jamie,Bynoe-Gittens,Gittens,a,,,5.9,102,66,0.0,542,221,0.0,636,277,0,0,0,-1,1,101,181,0.0,0.0,0.0,0.0,0.0,636,277,,,630,275,630,275,624,270,631,275,,,,,,,,0.0,0.0,0.0,0.0,0.0,0.0,0.0,0.0,0.0,3,0,0.0,0.0,0.0,0.0,0.0,0.0,0.0,0.0,0.0,0.0,0.0,0.0,0.0,0.0,105.0,191.0,0.0,0.0,0.0,0.0,0.0,0.0,0.0,0.0,0.0,0.0,0.0,0.0,0.0
104,Frank,Onyeka,Onyeka,a,,,4.9,390,236,0.1,406,155,1.3,222,99,2,-1,1,-1,1,113,509,0.3,0.8,1.3,1.3,2.0,199,84,,,296,134,263,137,452,164,311,142,,,,,,,,0.0,0.01,0.01,1.81,0.0,0.0,2.37,1.18,7.11,3,2,62.0,0.0,0.0,0.0,1.0,0.0,0.0,0.0,0.0,0.0,0.0,1.0,0.0,5.0,117.0,543.0,0.0,0.0,0.0,0.0,1.17,0.0,0.0,0.0,0.0,1.0,0.0,2.0,3.0
189,George,Shepherd,Shepherd,a,,,4.5,565,290,0.3,313,111,0.0,527,208,0,0,0,0,0,491,869,0.0,0.0,0.0,0.0,0.0,527,208,,,489,187,489,195,434,153,498,191,,,,,,,,0.0,0.0,0.0,0.0,0.0,0.0,0.0,0.0,0.0,3,0,0.0,0.0,0.0,0.0,0.0,0.0,0.0,0.0,0.0,0.0,0.0,0.0,0.0,0.0,499.0,899.0,0.0,0.0,0.0,0.0,0.0,0.0,0.0,0.0,0.0,0.0,0.0,0.0,0.0
284,Cathal,McCarthy,McCarthy,a,,,4.0,654,214,0.1,438,156,0.0,443,170,0,0,0,0,0,289,308,0.0,0.0,0.0,0.0,0.0,443,170,,,397,159,389,157,317,134,407,159,,,,,,,,0.0,0.0,0.0,0.0,0.0,0.0,0.0,0.0,0.0,3,0,0.0,0.0,0.0,0.0,0.0,0.0,0.0,0.0,0.0,0.0,0.0,0.0,0.0,0.0,301.0,315.0,0.0,0.0,0.0,0.0,0.0,0.0,0.0,0.0,0.0,0.0,0.0,0.0,0.0
299,Mason,Burstow,Burstow,u,Has joined Sheffield Wednesday on loan for the rest of the season,,4.5,522,69,0.0,513,70,0.0,492,51,0,0,0,0,0,0,213,0.0,0.0,0.0,0.0,0.0,492,51,0.0,0.0,452,39,454,45,396,41,462,44,,,,,,,,0.0,0.0,0.0,0.0,0.0,0.0,0.0,0.0,0.0,3,0,0.0,0.0,0.0,0.0,0.0,0.0,0.0,0.0,0.0,0.0,0.0,0.0,0.0,0.0,0.0,214.0,0.0,0.0,0.0,0.0,0.0,0.0,0.0,0.0,0.0,0.0,0.0,0.0,0.0
301,Alex,Palmer,Palmer,a,,,4.0,588,57,4.3,84,13,0.0,397,31,0,0,0,0,0,7505,8918,0.0,0.0,0.0,0.0,0.0,397,31,,,350,31,340,10,262,9,359,31,,,,,,,,0.0,0.0,0.0,0.0,0.0,0.0,0.0,0.0,0.0,3,0,0.0,0.0,0.0,0.0,0.0,0.0,0.0,0.0,0.0,0.0,0.0,0.0,0.0,0.0,8049.0,9333.0,0.0,0.0,0.0,0.0,0.0,0.0,0.0,0.0,0.0,0.0,0.0,0.0,0.0
308,Darnell,Furlong,Furlong,a,,,4.0,598,168,0.5,248,94,0.3,338,121,0,0,0,0,0,125,1157,0.1,0.2,0.3,0.3,1.0,266,95,,,274,103,304,113,270,97,308,110,,,,,,,,0.0,0.0,0.0,4.55,0.0,0.0,5.29,0.0,15.88,3,0,0.0,0.0,0.0,0.0,0.0,0.0,0.0,0.0,0.0,0.0,0.0,0.0,0.0,0.0,132.0,1206.0,0.0,0.0,0.0,0.0,0.0,0.0,0.0,0.0,0.0,0.0,0.0,0.0,0.0
587,Gerónimo,Rulli,Rulli,a,,,5.0,244,7,0.0,568,67,0.0,553,69,0,0,0,0,0,48,94,0.0,0.0,0.0,0.0,0.0,553,69,,,520,69,522,58,477,58,530,69,,,,,,,,0.0,0.0,0.0,0.0,0.0,0.0,0.0,0.0,0.0,3,0,0.0,0.0,0.0,0.0,0.0,0.0,0.0,0.0,0.0,0.0,0.0,0.0,0.0,0.0,48.0,97.0,0.0,0.0,0.0,0.0,0.0,0.0,0.0,0.0,0.0,0.0,0.0,0.0,0.0
450,Tino,Livramento,Livramento,a,,,4.9,394,71,0.0,522,181,0.3,351,129,1,0,0,-1,1,754,211,0.1,0.2,0.3,0.0,1.0,297,119,100.0,0.0,506,194,507,194,456,186,516,194,,,,,,,,0.0,0.0,0.0,1.8,0.0,0.0,0.0,0.0,0.0,3,1,1.0,0.0,0.0,0.0,0.0,0.0,0.0,0.0,0.0,0.0,0.0,0.0,0.0,3.0,756.0,212.0,0.0,0.0,0.0,0.0,0.02,0.0,0.0,0.0,0.0,0.0,0.0,0.0,0.0
609,Leo,Shahar,Shahar,a,,,4.0,638,199,0.3,312,113,0.0,431,159,0,0,0,0,0,1582,1170,0.0,0.0,0.0,0.0,0.0,431,159,,,385,148,377,146,302,120,395,148,,,,,,,,0.0,0.0,0.0,0.0,0.0,0.0,0.0,0.0,0.0,3,0,0.0,0.0,0.0,0.0,0.0,0.0,0.0,0.0,0.0,0.0,0.0,0.0,0.0,0.0,1614.0,1181.0,0.0,0.0,0.0,0.0,0.0,0.0,0.0,0.0,0.0,0.0,0.0,0.0,0.0
476,Omar,Richards,O.Richards,a,,,4.0,602,172,0.2,328,120,0.0,405,142,0,0,0,0,0,352,561,0.0,0.0,0.0,0.0,0.0,405,142,,,358,130,350,128,274,101,368,130,,,,,,,,0.0,0.0,0.0,0.0,0.0,0.0,0.0,0.0,0.0,3,0,0.0,0.0,0.0,0.0,0.0,0.0,0.0,0.0,0.0,0.0,0.0,0.0,0.0,0.0,358.0,574.0,0.0,0.0,0.0,0.0,0.0,0.0,0.0,0.0,0.0,0.0,0.0,0.0,0.0
489,Ryan,Yates,Yates,a,,,4.5,459,261,1.4,152,46,0.0,460,184,0,0,0,0,0,3396,5709,0.0,0.0,0.0,0.0,0.0,460,184,100.0,100.0,418,162,413,171,348,128,428,167,,,,,,,,0.0,0.0,0.0,0.0,0.0,0.0,0.0,0.0,0.0,3,0,0.0,0.0,0.0,0.0,0.0,0.0,0.0,0.0,0.0,0.0,0.0,0.0,0.0,0.0,3466.0,5797.0,0.0,0.0,0.0,0.0,0.0,0.0,0.0,0.0,0.0,0.0,0.0,0.0,0.0
497,Martin,Dubravka,Dubravka,a,,,4.0,582,53,17.9,21,4,0.0,391,27,0,0,0,0,0,35880,32770,0.0,0.0,0.0,0.0,0.0,391,27,,,344,27,334,6,256,5,353,27,,,,,,,,0.0,0.0,0.0,0.0,0.0,0.0,0.0,0.0,0.0,3,0,0.0,0.0,0.0,0.0,0.0,0.0,0.0,0.0,0.0,0.0,0.0,0.0,0.0,0.0,37745.0,34089.0,0.0,0.0,0.0,0.0,0.0,0.0,0.0,0.0,0.0,0.0,0.0,0.0,0.0
517,Wilson,Odobert,Odobert,i,Knee injury - Unknown return date,,5.5,180,113,0.0,651,289,0.0,629,273,0,0,0,0,0,12,5,0.0,0.0,0.0,0.0,0.0,629,273,0.0,0.0,618,270,622,271,611,263,622,270,,,,,,,,0.0,0.0,0.0,0.0,0.0,0.0,0.0,0.0,0.0,3,0,0.0,0.0,0.0,0.0,0.0,0.0,0.0,0.0,0.0,0.0,0.0,0.0,0.0,0.0,13.0,5.0,0.0,0.0,0.0,0.0,0.0,0.0,0.0,0.0,0.0,0.0,0.0,0.0,0.0
524,Callum,Olusesi,Olusesi,a,,,4.5,511,270,0.7,229,76,0.0,482,191,0,0,0,0,0,488,2351,0.0,0.0,0.0,0.0,0.0,482,191,,,441,169,443,178,385,136,451,174,,,,,,,,0.0,0.0,0.0,0.0,0.0,0.0,0.0,0.0,0.0,3,0,0.0,0.0,0.0,0.0,0.0,0.0,0.0,0.0,0.0,0.0,0.0,0.0,0.0,0.0,501.0,2394.0,0.0,0.0,0.0,0.0,0.0,0.0,0.0,0.0,0.0,0.0,0.0,0.0,0.0
533,Nordi,Mukiele,Mukiele,a,,,5.5,135,16,2.3,117,47,4.3,63,26,4,0,0,0,0,2603,7115,0.8,2.4,4.3,4.3,6.5,29,14,100.0,100.0,83,36,195,62,242,89,161,60,,,,,,,,0.0,0.02,0.02,1.08,0.0,0.5,0.5,1.0,16.5,3,4,90.0,0.0,0.0,0.0,1.0,0.0,0.0,0.0,0.0,0.0,0.0,1.0,0.0,16.0,2710.0,7386.0,0.0,0.0,0.019999999999999997,0.019999999999999997,1.2100000000000002,0.0,0.0,0.0,0.0,4.0,10.0,6.0,14.0
534,Trai,Hume,Hume,a,,,4.5,503,130,4.9,76,32,3.0,112,43,1,0,0,0,0,1205,48992,0.7,2.0,3.0,3.0,3.0,124,50,,,142,63,21,3,113,34,68,17,3.0,,,,,,,0.02,0.13,0.15,1.43,0.0,0.46,0.46,0.92,5.54,3,1,26.0,0.0,0.0,0.0,0.0,0.0,0.0,0.0,0.0,0.0,0.0,0.0,0.0,8.0,1291.0,50662.0,0.0,0.0,0.0,0.0,0.44999999999999973,0.0,0.0,0.0,0.0,2.0,0.0,2.0,2.0
535,Omar,Alderete,Alderete,a,,,4.9,377,67,0.3,289,107,0.3,348,127,0,-1,1,-1,1,172,2358,0.1,0.2,0.3,0.3,1.0,294,117,100.0,100.0,498,193,297,110,444,185,507,193,,,,,,,,0.0,0.04,0.04,0.39,0.0,0.0,3.91,0.0,0.0,3,0,0.0,0.0,0.0,0.0,0.0,0.0,0.0,0.0,0.0,0.0,0.0,0.0,0.0,0.0,177.0,2458.0,0.0,0.0,0.0,0.0,0.0,0.0,0.0,0.0,0.0,0.0,0.0,0.0,0.0
541,Thomas,Meunier,Meunier,a,,,4.5,430,83,0.3,302,110,3.0,109,41,2,0,0,0,0,296,667,0.7,2.0,3.0,3.0,3.0,120,47,100.0,100.0,112,51,103,32,90,23,94,32,,,,,,,,0.08,0.05,0.13,1.3,0.0,0.37,1.11,1.11,5.19,3,2,63.0,0.0,0.0,0.0,1.0,0.0,0.0,0.0,0.0,0.0,0.0,1.0,0.0,0.0,313.0,685.0,0.0,0.10999999999999999,0.0,0.11000000000000001,0.7599999999999998,0.0,0.0,0.0,0.0,0.0,2.0,0.0,2.0
542,Enzo,Le Fée,E.Le Fée,a,,,5.9,106,67,5.4,66,21,4.3,68,32,8,0,0,-1,1,3840,42643,0.7,2.2,4.3,4.3,4.3,73,33,,,249,108,78,50,64,38,124,62,1.0,2.0,2.0,,,,,0.42,0.08,0.5,1.31,0.0,0.35,0.7,1.05,4.88,3,8,90.0,1.0,0.0,0.0,1.0,0.0,0.0,0.0,0.0,0.0,0.0,1.0,1.0,25.0,3886.0,46071.0,0.0,0.84,0.03,0.87,1.21,0.0,0.0,0.0,0.0,4.0,0.0,2.0,6.0
543,Habib,Diarra,Diarra,i,Hamstring injury - Unknown return date,,5.4,228,143,0.0,510,207,1.7,211,97,0,-1,1,-1,1,10,576,0.3,0.9,0.0,0.0,2.5,164,70,0.0,0.0,203,81,181,103,238,114,221,98,,,1.0,,,,,0.1,0.51,0.61,0.39,0.0,0.0,3.21,0.0,0.0,3,0,0.0,0.0,0.0,0.0,0.0,0.0,0.0,0.0,0.0,0.0,0.0,0.0,0.0,0.0,10.0,601.0,0.0,0.0,0.0,0.0,0.0,0.0,0.0,0.0,0.0,0.0,0.0,0.0,0.0
544,Granit,Xhaka,Xhaka,a,,,5.5,123,79,4.5,79,26,6.0,33,14,3,0,0,0,0,9621,16338,1.1,3.3,6.0,6.0,6.0,37,15,,,97,34,6,6,589,248,38,29,2.0,1.0,,,,,,0.02,0.19,0.21,1.32,0.0,0.33,1.0,1.0,11.67,3,3,90.0,0.0,0.0,0.0,1.0,0.0,0.0,0.0,1.0,0.0,0.0,1.0,0.0,12.0,9882.0,16721.0,0.0,0.06,0.11999999999999994,0.18,1.21,0.0,0.0,0.0,0.0,2.0,4.0,9.0,15.0
545,Noah,Sadiki,Sadiki,a,,,5.0,353,215,0.3,309,108,2.0,186,84,1,0,0,0,0,306,1477,0.4,1.2,2.0,2.0,2.0,209,91,,,125,46,51,40,61,36,64,40,,,,,,,,0.13,0.08,0.21,1.27,0.0,0.36,1.07,1.07,5.69,3,1,73.0,0.0,0.0,0.0,1.0,0.0,0.0,0.0,1.0,0.0,0.0,1.0,0.0,16.0,324.0,1509.0,0.0,0.27999999999999997,0.18,0.45999999999999996,0.8199999999999998,0.0,0.0,0.0,0.0,0.0,0.0,3.0,3.0
549,Chemsdine,Talbi,Talbi,a,,,5.4,229,144,0.2,358,131,0.3,373,174,0,0,0,-1,1,73,900,0.1,0.2,0.3,0.3,1.0,338,153,,,600,258,287,146,585,246,606,259,,,,,,,,0.0,0.0,0.0,0.41,0.0,0.0,2.9,0.0,5.81,3,0,0.0,0.0,0.0,0.0,0.0,0.0,0.0,0.0,0.0,0.0,0.0,0.0,0.0,0.0,73.0,923.0,0.0,0.0,0.0,0.0,0.0,0.0,0.0,0.0,0.0,0.0,0.0,0.0,0.0
550,Djiamgone Jocelin Ta,Bi,Jocelin.T,a,,,5.0,369,224,0.0,623,268,0.0,606,256,0,0,0,0,0,23,23,0.0,0.0,0.0,0.0,0.0,606,256,,,581,243,588,249,559,227,589,246,,,,,,,,0.0,0.0,0.0,0.0,0.0,0.0,0.0,0.0,0.0,3,0,0.0,0.0,0.0,0.0,0.0,0.0,0.0,0.0,0.0,0.0,0.0,0.0,0.0,0.0,23.0,23.0,0.0,0.0,0.0,0.0,0.0,0.0,0.0,0.0,0.0,0.0,0.0,0.0,0.0
551,Nilson,Angulo,N.Angulo,a,,,5.0,341,205,0.1,372,135,3.3,100,47,2,0,0,0,0,550,910,0.7,2.0,3.3,3.3,3.3,111,49,,,91,32,127,76,107,56,109,56,,3.0,,,,,,0.07,0.06,0.13,1.46,0.0,0.49,0.97,1.46,8.27,3,2,63.0,0.0,0.0,0.0,1.0,0.0,0.0,0.0,0.0,0.0,0.0,1.0,0.0,11.0,567.0,925.0,0.0,0.0,0.06999999999999999,0.07,0.7599999999999998,0.0,0.0,0.0,0.0,1.0,1.0,3.0,5.0
552,Brian,Brobbey,Brobbey,a,,,5.9,99,26,8.4,51,7,2.0,194,17,2,0,0,-1,1,6467,82443,0.3,1.0,2.0,2.0,2.0,219,22,,,628,72,216,29,118,23,266,31,,,,,,,,0.24,0.02,0.26,1.43,0.0,0.41,0.82,1.23,2.88,3,2,90.0,0.0,0.0,0.0,1.0,0.0,0.0,0.0,0.0,0.0,0.0,1.0,0.0,11.0,6610.0,86611.0,0.0,0.25999999999999995,0.06,0.32,1.21,0.0,0.0,0.0,0.0,0.0,0.0,3.0,3.0
553,Wilson,Isidor,Isidor,a,,,5.5,150,38,1.3,161,24,4.3,64,5,4,0,0,0,0,16126,5477,0.8,2.4,4.3,4.3,4.3,69,6,,,135,12,318,39,76,17,158,18,,,,,,,,1.79,0.01,1.8,1.1,0.0,0.0,1.2,0.0,2.4,3,4,26.0,0.0,1.0,0.0,0.0,0.0,0.0,0.0,0.0,0.0,0.0,0.0,0.0,15.0,16377.0,5581.0,0.0,0.10000000000000009,0.01,0.1100000000000001,0.45000000000000007,0.0,0.0,0.0,0.0,0.0,0.0,2.0,2.0
612,Dayann,Méthalie,Methalie,a,,,4.5,561,149,0.0,620,207,0.0,523,196,0,0,0,0,0,51,34,0.0,0.0,0.0,0.0,0.0,523,196,100.0,100.0,485,190,485,191,430,182,494,190,,,,,,,,0.0,0.0,0.0,0.0,0.0,0.0,0.0,0.0,0.0,3,0,0.0,0.0,0.0,0.0,0.0,0.0,0.0,0.0,0.0,0.0,0.0,0.0,0.0,0.0,53.0,34.0,0.0,0.0,0.0,0.0,0.0,0.0,0.0,0.0,0.0,0.0,0.0,0.0,0.0
613,Jules,Ahoka,Ahoka,a,,,4.5,566,291,0.2,320,114,0.0,528,209,0,0,0,0,0,2903,1533,0.0,0.0,0.0,0.0,0.0,528,209,,,490,188,490,196,435,154,499,192,,,,,,,,0.0,0.0,0.0,0.0,0.0,0.0,0.0,0.0,0.0,3,0,0.0,0.0,0.0,0.0,0.0,0.0,0.0,0.0,0.0,0.0,0.0,0.0,0.0,0.0,2991.0,1553.0,0.0,0.0,0.0,0.0,0.0,0.0,0.0,0.0,0.0,0.0,0.0,0.0,0.0
646,Malick,Fofana,Fofana,a,,,5.5,178,111,0.0,549,223,1.0,274,124,1,0,0,0,0,661,161,0.2,0.2,2.0,2.0,1.0,350,161,,,617,269,621,270,610,262,621,269,,,,,,,,0.0,0.0,0.0,2.19,0.0,0.0,0.0,0.0,0.0,3,1,16.0,0.0,0.0,0.0,0.0,0.0,0.0,0.0,0.0,0.0,0.0,0.0,0.0,3.0,684.0,162.0,0.0,0.0,0.0,0.0,0.39,0.0,0.0,0.0,0.0,0.0,0.0,0.0,0.0
651,Juan,Angulo,J.Angulo,a,,,4.5,563,78,0.3,292,49,0.0,525,59,0,0,0,0,0,12748,2483,0.0,0.0,1.0,1.0,0.0,525,59,,,487,48,487,53,432,50,496,53,,,,,,,,0.0,0.0,0.0,0.0,0.0,0.0,0.0,0.0,0.0,3,0,0.0,0.0,0.0,0.0,0.0,0.0,0.0,0.0,0.0,0.0,0.0,0.0,0.0,0.0,13067.0,2525.0,0.0,0.0,0.0,0.0,0.0,0.0,0.0,0.0,0.0,0.0,0.0,0.0,0.0
