id,first_name,second_name,web_name,status,news,news_added,now_cost,now_cost_rank,now_cost_rank_type,selected_by_percent,selected_rank,selected_rank_type,form,form_rank,form_rank_type,event_points,cost_change_event,cost_change_event_fall,cost_change_start,cost_change_start_fall,transfers_in_event,transfers_out_event,value_form,value_season,ep_next,ep_this,points_per_game,points_per_game_rank,points_per_game_rank_type,chance_of_playing_next_round,chance_of_playing_this_round,influence_rank,influence_rank_type,creativity_rank,creativity_rank_type,threat_rank,threat_rank_type,ict_index_rank,ict_index_rank_type,corners_and_indirect_freekicks_order,direct_freekicks_order,penalties_order,set_piece_threat,corners_and_indirect_freekicks_text,direct_freekicks_text,penalties_text,expected_goals_per_90,expected_assists_per_90,expected_goal_involvements_per_90,expected_goals_conceded_per_90,saves_per_90,clean_sheets_per_90,goals_conceded_per_90,starts_per_90,defensive_contribution_per_90,gw,total_points,minutes,goals_scored,assists,clean_sheets,goals_conceded,own_goals,penalties_saved,penalties_missed,yellow_cards,red_cards,saves,starts,bonus,bps,transfers_in,transfers_out,dreamteam_count,expected_goals,expected_assists,expected_goal_involvements,expected_goals_conceded,influence,creativity,threat,ict_index,tackles,clearances_blocks_interceptions,recoveries,defensive_contribution
1,David,Raya Martín,Raya,a,,,6.0,62,1,39.0,5,1,3.8,65,4,0,0,0,0,0,4555,3069,0.6,2.5,3.8,3.8,5.0,52,3,,,128,15,643,71,641,71,235,16,,,,,,,,0.0,0.0,0.0,0.31,1.67,0.67,0.33,1.0,0.0,4,0,0,0,0,0,0,0,0,0,0,0,0,0,0,0,24646,19443,0,0.0,0.0,0.0,0.0,0.0,0.0,0.0,0.0,0,0,0,0
2,Kepa,Arrizabalaga Revuelta,Arrizabalaga,a,,,4.9,365,18,0.1,460,52,0.0,540,66,0,0,0,-1,1,3,27,0.0,0.0,0.0,0.0,0.0,540,66,,,511,66,511,53,470,52,517,66,,,,,,,,0.0,0.0,0.0,0.0,0.0,0.0,0.0,0.0,0.0,4,0,0,0,0,0,0,0,0,0,0,0,0,0,0,0,11,63,0,0.0,0.0,0.0,0.0,0.0,0.0,0.0,0.0,0,0,0,0
3,Illan,Meslier,Meslier,a,,,4.9,387,20,0.0,543,61,0.0,548,67,0,0,0,-1,1,5,10,0.0,0.0,0.0,0.0,0.0,548,67,,,523,67,523,55,485,54,530,67,,,,,,,,0.0,0.0,0.0,0.0,0.0,0.0,0.0,0.0,0.0,4,0,0,0,0,0,0,0,0,0,0,0,0,0,0,0,8,21,0,0.0,0.0,0.0,0.0,0.0,0.0,0.0,0.0,0,0,0,0
4,Gabriel,dos Santos Magalhães,Gabriel,a,,,8.0,7,1,23.8,10,2,3.8,67,28,0,0,0,0,0,1161,5572,0.5,1.9,3.8,3.8,5.0,53,20,,,120,57,230,79,16,1,72,17,,,,,,,,0.16,0.02,0.18,0.31,0.0,0.67,0.33,1.0,7.0,4,0,0,0,0,0,0,0,0,0,0,0,0,0,0,0,6569,24747,0,0.0,0.0,0.0,0.0,0.0,0.0,0.0,0.0,0,0,0,0
5,Jurriën,Timber,J.Timber,d,Groin injury - 25% chance of playing,,6.5,39,3,0.1,453,161,0.0,651,215,0,0,0,0,0,19,42,0.0,0.0,0.0,0.0,0.0,651,215,25.0,25.0,651,215,652,215,651,215,651,215,,,,,,,,0.0,0.0,0.0,0.0,0.0,0.0,0.0,0.0,0.0,4,0,0,0,0,0,0,0,0,0,0,0,0,0,0,0,37,94,0,0.0,0.0,0.0,0.0,0.0,0.0,0.0,0.0,0,0,0,0
6,William,Saliba,Saliba,i,Back injury - Unknown return date,,5.9,98,9,0.2,331,123,0.0,640,214,0,0,0,-1,1,31,99,0.0,0.0,0.0,0.0,0.0,640,214,0.0,0.0,635,214,637,214,634,214,637,214,,,,,,,,0.0,0.0,0.0,0.0,0.0,0.0,0.0,0.0,0.0,4,0,0,0,0,0,0,0,0,0,0,0,0,0,0,0,44,192,0,0.0,0.0,0.0,0.0,0.0,0.0,0.0,0.0,0,0,0,0
7,Myles,Lewis-Skelly,Lewis-Skelly,a,,,5.5,166,101,0.7,228,74,2.0,169,75,0,0,0,0,0,183,418,0.4,1.5,2.0,2.0,2.7,155,63,,,213,86,96,65,143,73,184,86,,,,,,,,0.06,0.09,0.15,0.31,0.0,0.8,0.4,1.19,5.58,4,0,0,0,0,0,0,0,0,0,0,0,0,0,0,0,470,1154,0,0.0,0.0,0.0,0.0,0.0,0.0,0.0,0.0,0,0,0,0
8,Riccardo,Calafiori,Calafiori,a,,,5.8,110,11,49.2,3,1,5.5,27,8,0,0,0,3,-3,10947,1786,0.9,3.8,5.5,5.5,7.3,11,4,,,112,53,134,42,74,14,94,27,,,,,,,,0.21,0.22,0.43,0.25,0.0,0.76,0.38,1.14,3.43,4,0,0,0,0,0,0,0,0,0,0,0,0,0,0,0,44374,10672,0,0.0,0.0,0.0,0.0,0.0,0.0,0.0,0.0,0,0,0,0
9,Piero,Hincapié,Hincapie,a,,,5.3,235,33,1.0,184,72,0.5,326,121,0,0,0,-2,2,186,521,0.1,0.4,0.5,0.5,1.0,334,127,,,293,118,306,114,276,106,322,118,,,,,,,,0.0,0.0,0.0,0.79,0.0,0.0,0.0,0.0,8.44,4,0,0,0,0,0,0,0,0,0,0,0,0,0,0,0,424,1652,0,0.0,0.0,0.0,0.0,0.0,0.0,0.0,0.0,0,0,0,0
10,Benjamin,White,White,a,,,5.5,131,15,7.6,56,23,5.0,32,11,0,0,0,0,0,2849,1917,0.9,3.6,5.0,5.0,6.7,21,6,100.0,100.0,64,31,57,11,117,35,66,16,,,,,,,,0.06,0.1,0.16,0.31,0.0,0.67,0.33,1.0,5.0,4,0,0,0,0,0,0,0,0,0,0,0,0,0,0,0,11892,10455,0,0.0,0.0,0.0,0.0,0.0,0.0,0.0,0.0,0,0,0,0
11,Cristhian,Mosquera,Mosquera,d,Muscular injury - 50% chance of playing,,5.4,224,29,2.5,115,46,3.0,99,39,0,0,0,-1,1,7,4178,0.6,2.2,1.5,1.5,6.0,36,15,50.0,50.0,204,87,282,101,599,209,274,105,,,,,,,,0.0,0.01,0.01,0.28,0.0,1.07,0.0,1.07,5.36,4,0,0,0,0,0,0,0,0,0,0,0,0,0,0,0,32,21616,0,0.0,0.0,0.0,0.0,0.0,0.0,0.0,0.0,0,0,0,0
12,Bukayo,Saka,Saka,a,,,9.5,4,3,11.4,38,15,5.5,29,15,0,0,0,0,0,1756,2619,0.6,2.3,5.5,5.5,7.3,12,6,,,22,11,40,35,3,1,5,4,2.0,2.0,1.0,,,,,0.55,0.13,0.68,0.29,0.0,0.73,0.37,1.1,8.05,4,0,0,0,0,0,0,0,0,0,0,0,0,0,0,0,21729,14447,0,0.0,0.0,0.0,0.0,0.0,0.0,0.0,0.0,0,0,0,0
13,Declan,Rice,Rice,a,,,7.4,18,11,13.0,31,12,3.2,90,39,0,0,0,-1,1,667,4850,0.4,1.8,3.2,3.2,4.3,70,32,,,65,20,52,43,252,120,85,53,1.0,1.0,,,,,,0.04,0.1,0.14,0.29,0.0,0.75,0.37,1.12,8.96,4,0,0,0,0,0,0,0,0,0,0,0,0,0,0,0,2030,15350,0,0.0,0.0,0.0,0.0,0.0,0.0,0.0,0.0,0,0,0,0
14,Eberechi,Eze,Eze,a,,,6.3,54,38,1.2,173,56,0.5,342,155,0,0,0,-2,2,152,740,0.1,0.3,0.5,0.5,1.0,372,174,,,344,158,249,132,261,127,335,153,,3.0,,,,,,0.06,0.11,0.17,0.59,0.0,0.0,0.0,0.0,7.63,4,0,0,0,0,0,0,0,0,0,0,0,0,0,0,0,318,2373,0,0.0,0.0,0.0,0.0,0.0,0.0,0.0,0.0,0,0,0,0
15,Martin,Ødegaard,Ødegaard,a,,,6.7,32,21,18.4,19,7,6.0,20,12,0,0,0,2,-2,16550,1739,0.9,3.6,6.0,6.0,8.0,6,4,,,11,7,12,12,37,22,11,9,,4.0,3.0,,,,,0.41,0.43,0.84,0.27,0.0,0.81,0.41,1.22,6.52,4,0,0,0,0,0,0,0,0,0,0,0,0,0,0,0,98064,13364,0,0.0,0.0,0.0,0.0,0.0,0.0,0.0,0.0,0,0,0,0
16,Noni,Madueke,Madueke,a,,,6.3,55,39,0.2,327,117,0.5,343,156,0,0,0,-2,2,30,130,0.1,0.3,0.5,0.5,1.0,373,175,,,259,107,77,55,647,287,216,99,5.0,,,,,,,0.0,0.2,0.2,0.59,0.0,0.0,0.0,0.0,11.74,4,0,0,0,0,0,0,0,0,0,0,0,0,0,0,0,58,371,0,0.0,0.0,0.0,0.0,0.0,0.0,0.0,0.0,0,0,0,0
548,Chris,Rigg,Rigg,a,,,4.9,411,248,0.1,494,197,0.5,315,140,0,0,0,-1,1,4,13,0.1,0.4,0.5,0.5,1.0,312,133,,,536,217,338,166,499,196,544,222,,,,,,,,0.0,0.0,0.0,2.33,0.0,0.0,5.29,0.0,5.29,4,0,0,0,0,0,0,0,0,0,0,0,0,0,0,0,10,56,0,0.0,0.0,0.0,0.0,0.0,0.0,0.0,0.0,0,0,0,0
17,Mikel,Merino Zazón,Merino,a,,,5.8,108,69,0.4,263,87,0.5,334,151,0,0,0,-2,2,73,353,0.1,0.3,0.5,0.5,0.7,387,181,,,295,126,258,136,163,80,282,124,,,,,,,,0.27,0.04,0.31,0.51,0.0,0.0,0.0,0.0,11.74,4,0,0,0,0,0,0,0,0,0,0,0,0,0,0,0,149,761,0,0.0,0.0,0.0,0.0,0.0,0.0,0.0,0.0,0,0,0,0
18,Gabriel,Martinelli Silva,Martinelli,u,Has joined Al Hilal permanently,,6.3,56,40,0.1,438,170,0.0,648,287,0,0,0,-2,2,0,120,0.0,0.0,0.0,0.0,0.0,648,287,0.0,0.0,648,288,649,288,648,288,648,288,,,,,,,,0.0,0.0,0.0,0.0,0.0,0.0,0.0,0.0,0.0,4,0,0,0,0,0,0,0,0,0,0,0,0,0,0,0,0,285,0,0.0,0.0,0.0,0.0,0.0,0.0,0.0,0.0,0,0,0,0
19,Martín,Zubimendi Ibáñez,Zubimendi,a,,,5.4,219,138,0.7,226,73,0.8,289,133,0,0,0,-1,1,57,438,0.1,0.6,0.8,0.8,1.0,344,155,,,270,115,247,131,186,91,278,121,,,,,,,,0.14,0.07,0.21,0.5,0.0,0.0,0.0,0.0,16.2,4,0,0,0,0,0,0,0,0,0,0,0,0,0,0,0,113,1311,0,0.0,0.0,0.0,0.0,0.0,0.0,0.0,0.0,0,0,0,0
20,Max,Dowman,Dowman,a,,,5.3,237,149,0.1,471,186,0.0,612,260,0,0,0,-2,2,33,52,0.0,0.0,0.0,0.0,0.0,612,260,,,594,250,601,256,583,243,601,253,,,,,,,,0.0,0.0,0.0,0.0,0.0,0.0,0.0,0.0,0.0,4,0,0,0,0,0,0,0,0,0,0,0,0,0,0,0,62,106,0,0.0,0.0,0.0,0.0,0.0,0.0,0.0,0.0,0,0,0,0
22,Ethan,Nwaneri,Nwaneri,u,Has joined Borussia Dortmund on loan for the rest of the season,,5.4,223,141,0.0,614,261,0.0,621,267,0,0,0,-1,1,0,3,0.0,0.0,0.0,0.0,0.0,621,267,0.0,0.0,607,260,612,264,598,255,613,262,,,,,,,,0.0,0.0,0.0,0.0,0.0,0.0,0.0,0.0,0.0,4,0,0,0,0,0,0,0,0,0,0,0,0,0,0,0,0,9,0,0.0,0.0,0.0,0.0,0.0,0.0,0.0,0.0,0,0,0,0
23,Fábio,Ferreira Vieira,Fábio Vieira,u,Has joined Hamburger SV permanently,,5.5,149,89,0.0,617,263,0.0,630,273,0,0,0,0,0,0,1,0.0,0.0,0.0,0.0,0.0,630,273,0.0,0.0,619,268,625,270,616,264,625,270,,,,,,,,0.0,0.0,0.0,0.0,0.0,0.0,0.0,0.0,0.0,4,0,0,0,0,0,0,0,0,0,0,0,0,0,0,0,0,10,0,0.0,0.0,0.0,0.0,0.0,0.0,0.0,0.0,0,0,0,0
24,Reiss,Nelson,Nelson,u,has departed the club as a free agent.,,5.5,132,80,0.0,630,272,0.0,626,269,0,0,0,0,0,0,4,0.0,0.0,0.0,0.0,0.0,626,269,0.0,0.0,615,264,620,266,610,259,621,266,,,,,,,,0.0,0.0,0.0,0.0,0.0,0.0,0.0,0.0,0.0,4,0,0,0,0,0,0,0,0,0,0,0,0,0,0,0,0,10,0,0.0,0.0,0.0,0.0,0.0,0.0,0.0,0.0,0,0,0,0
25,Viktor,Gyökeres,Gyökeres,a,,,7.2,23,8,3.6,90,12,0.2,396,48,0,0,0,-3,3,203,1926,0.0,0.1,0.2,0.2,1.0,378,47,,,652,76,354,45,652,76,652,76,,,2.0,,,,,0.0,0.0,0.0,0.82,0.0,0.0,0.0,0.0,7.5,4,0,0,0,0,0,0,0,0,0,0,0,0,0,0,0,424,8510,0,0.0,0.0,0.0,0.0,0.0,0.0,0.0,0.0,0,0,0,0
26,Kai,Havertz,Havertz,a,,,7.5,17,6,8.0,52,7,4.0,61,6,0,0,0,0,0,5631,1676,0.5,2.1,4.0,4.0,5.3,48,5,,,38,4,53,2,9,5,15,4,,,,,,,,0.19,0.12,0.31,0.28,0.0,0.7,0.35,1.05,2.8,4,0,0,0,0,0,0,0,0,0,0,0,0,0,0,0,19061,7251,0,0.0,0.0,0.0,0.0,0.0,0.0,0.0,0.0,0,0,0,0
27,Gabriel,Fernando de Jesus,G.Jesus,u,Has joined FC Barcelona permanently,,5.9,89,24,0.2,350,54,0.0,638,76,0,0,0,-1,1,0,171,0.0,0.0,0.0,0.0,0.0,638,76,0.0,0.0,631,71,635,75,629,73,634,74,,,,,,,,0.0,0.0,0.0,0.0,0.0,0.0,0.0,0.0,0.0,4,0,0,0,0,0,0,0,0,0,0,0,0,0,0,0,0,357,0,0.0,0.0,0.0,0.0,0.0,0.0,0.0,0.0,0,0,0,0
31,Ezri,Konsa Ngoyo,Konsa,a,,,4.5,454,96,16.8,23,7,1.2,220,83,0,0,0,0,0,9444,1641,0.3,1.1,1.2,1.2,2.5,162,62,,,209,89,291,104,240,88,271,103,,,,,,,,0.0,0.01,0.01,0.35,0.0,0.0,0.89,0.89,9.8,4,0,0,0,0,0,0,0,0,0,0,0,0,0,0,0,80822,8857,0,0.0,0.0,0.0,0.0,0.0,0.0,0.0,0.0,0,0,0,0
452,Bruno,Guimarães Rodriguez Moura,Bruno G.,a,,,6.8,31,20,1.7,140,42,0.2,395,186,0,0,0,-2,2,83,794,0.0,0.1,0.2,0.2,1.0,377,179,100.0,100.0,347,160,316,157,289,140,347,159,4.0,,4.0,,,,,0.0,0.05,0.05,0.0,0.0,0.0,0.0,0.0,14.21,4,0,0,0,0,0,0,0,0,0,0,0,0,0,0,0,214,2644,0,0.0,0.0,0.0,0.0,0.0,0.0,0.0,0.0,0,0,0,0
557,Christos,Tzolis,Tzolis,a,,,6.4,45,30,16.0,26,10,2.8,117,53,0,0,0,-1,1,1807,8261,0.4,1.7,2.8,2.8,3.7,92,40,,,124,45,13,13,78,47,33,25,3.0,,,,,,,0.08,0.15,0.23,0.24,0.0,0.43,0.43,1.29,7.29,4,0,0,0,0,0,0,0,0,0,0,0,0,0,0,0,8314,45352,0,0.0,0.0,0.0,0.0,0.0,0.0,0.0,0.0,0,0,0,0
29,Marco,Bizot,M.Bizot,a,,,4.5,427,24,0.1,378,43,0.2,356,23,0,0,0,0,0,17,66,0.0,0.2,0.2,0.2,1.0,287,23,,,192,21,422,30,369,27,270,21,,,,,,,,0.0,0.0,0.0,3.77,3.0,0.0,4.0,1.0,0.0,4,0,0,0,0,0,0,0,0,0,0,0,0,0,0,0,74,151,0,0.0,0.0,0.0,0.0,0.0,0.0,0.0,0.0,0,0,0,0
30,Lucas,Digne,Digne,u,Has joined Paris Saint-Germain permanently,,4.5,432,84,0.1,486,172,0.0,463,178,0,0,0,0,0,0,31,0.0,0.0,0.0,0.0,0.0,463,178,0.0,0.0,428,171,425,171,372,158,434,169,,,,,,,,0.0,0.0,0.0,0.0,0.0,0.0,0.0,0.0,0.0,4,0,0,0,0,0,0,0,0,0,0,0,0,0,0,0,0,67,0,0.0,0.0,0.0,0.0,0.0,0.0,0.0,0.0,0,0,0,0
32,Matty,Cash,Cash,d,Muscular injury - 75% chance of playing,,4.5,453,95,6.1,66,27,1.8,182,70,0,0,0,0,0,75,6314,0.4,1.6,1.4,1.4,2.3,174,68,75.0,75.0,181,81,174,54,166,57,196,76,1.0,,,,,,,0.05,0.01,0.06,1.8,0.0,0.36,1.79,1.08,5.02,4,0,0,0,0,0,0,0,0,0,0,0,0,0,0,0,305,17645,0,0.0,0.0,0.0,0.0,0.0,0.0,0.0,0.0,0,0,0,0
33,Tyrone,Mings,Mings,a,,,4.5,440,85,0.4,273,100,1.8,180,68,0,0,0,0,0,126,170,0.4,1.6,1.8,1.8,2.3,173,67,,,236,99,243,82,165,56,254,97,,,,,,,,0.11,0.01,0.12,1.36,0.0,0.53,1.05,0.53,5.26,4,0,65,0,0,0,2,0,0,0,1,0,0,0,0,0,624,350,0,0.09000000000000001,0.0,0.09,1.79,0.0,0.0,0.0,0.0,1,3,2,4
34,Pau,Torres,Pau,a,,,4.5,478,113,0.4,270,99,0.8,271,100,1,0,0,0,0,92,184,0.2,0.7,0.8,0.8,1.0,290,112,,,264,110,292,105,396,166,315,117,,,,,,,,0.0,0.0,0.0,2.27,0.0,0.0,2.41,1.44,4.33,4,1,24,0,0,0,0,0,0,0,0,0,0,1,0,4,477,568,0,0.0,0.0,0.0,0.1299999999999999,0.0,0.0,0.0,0.0,0,0,0,0
35,Lamare,Bogarde,Bogarde,a,,,5.0,328,195,0.1,470,185,0.2,379,173,0,0,0,0,0,29,54,0.0,0.2,0.2,0.2,1.0,327,144,,,340,156,330,163,562,229,352,162,,,,,,,,0.0,0.0,0.0,1.24,0.0,0.0,0.0,0.0,5.62,4,0,0,0,0,0,0,0,0,0,0,0,0,0,0,0,55,127,0,0.0,0.0,0.0,0.0,0.0,0.0,0.0,0.0,0,0,0,0
36,Ian,Maatsen,Maatsen,a,,,4.5,485,119,0.8,204,78,2.2,139,54,1,0,0,0,0,345,314,0.5,2.0,2.2,2.2,2.2,184,73,,,202,86,163,53,124,37,202,78,,,,,,,,0.08,0.12,0.2,1.71,0.0,0.27,1.88,1.07,6.18,4,1,90,0,0,0,2,0,0,0,0,0,0,1,0,6,2256,954,0,0.18000000000000002,0.020000000000000018,0.19999999999999996,1.5,0.0,0.0,0.0,0.0,1,2,6,3
37,Victor,Lindelöf,Lindelöf,a,,,4.5,450,92,0.3,291,105,1.8,181,69,1,0,0,0,0,119,71,0.4,1.6,1.8,1.8,1.8,230,87,,,150,68,140,45,265,98,192,74,,,,,,,,0.11,0.04,0.15,1.82,0.0,0.25,1.75,1.0,4.0,4,1,90,0,0,0,2,0,0,0,0,0,0,1,0,2,628,201,0,0.44,0.010000000000000009,0.44999999999999996,1.92,0.0,0.0,0.0,0.0,0,2,0,2
38,Andrés,García,A.García,a,,,4.0,651,210,1.6,143,58,0.0,449,169,0,0,0,0,0,387,535,0.0,0.0,0.0,0.0,0.0,449,169,,,414,162,409,162,354,147,420,160,,,,,,,,0.0,0.0,0.0,0.0,0.0,0.0,0.0,0.0,0.0,4,0,0,0,0,0,0,0,0,0,0,0,0,0,0,0,1216,1430,0,0.0,0.0,0.0,0.0,0.0,0.0,0.0,0.0,0,0,0,0
39,Kosta,Nedeljkovic,Nedeljkovic,u,Has joined Rangers on loan for the rest of the season,,4.0,648,208,0.1,369,142,0.0,447,168,0,0,0,0,0,0,48,0.0,0.0,0.0,0.0,0.0,447,168,0.0,0.0,412,161,407,161,351,145,418,159,,,,,,,,0.0,0.0,0.0,0.0,0.0,0.0,0.0,0.0,0.0,4,0,0,0,0,0,0,0,0,0,0,0,0,0,0,0,0,149,0,0.0,0.0,0.0,0.0,0.0,0.0,0.0,0.0,0,0,0,0
41,Emiliano,Buendía Stati,Buendía,a,,,5.9,88,57,1.0,182,58,2.2,153,68,2,0,0,-1,1,184,1291,0.4,1.5,2.2,2.2,2.2,192,80,,,307,136,91,62,115,59,204,93,3.0,1.0,1.0,,,,,0.23,0.05,0.28,1.8,0.0,0.29,1.74,1.16,5.21,4,2,62,0,0,0,1,0,0,0,0,0,0,1,0,7,1989,2869,0,0.0,0.010000000000000009,0.010000000000000009,1.3500000000000005,0.0,0.0,0.0,0.0,0,0,4,4
549,Chemsdine,Talbi,Talbi,a,,,5.4,229,145,0.1,370,132,0.2,385,178,0,0,0,-1,1,13,68,0.0,0.2,0.2,0.2,1.0,347,157,,,609,262,309,154,601,257,615,264,,,,,,,,0.0,0.0,0.0,0.41,0.0,0.0,2.9,0.0,5.81,4,0,0,0,0,0,0,0,0,0,0,0,0,0,0,0,26,261,0,0.0,0.0,0.0,0.0,0.0,0.0,0.0,0.0,0,0,0,0
44,Leon,Bailey,Bailey,u,Has joined Olympiakos permanently,,5.4,196,123,0.1,464,183,0.0,616,263,0,0,0,-1,1,0,106,0.0,0.0,0.0,0.0,0.0,616,263,0.0,0.0,598,253,605,259,589,248,605,256,,,,,,,,0.0,0.0,0.0,0.0,0.0,0.0,0.0,0.0,0.0,4,0,0,0,0,0,0,0,0,0,0,0,0,0,0,0,0,274,0,0.0,0.0,0.0,0.0,0.0,0.0,0.0,0.0,0,0,0,0
550,Djiamgone Jocelin Ta,Bi,Jocelin.T,a,,,5.0,359,215,0.0,625,269,0.0,610,259,0,0,0,0,0,3,2,0.0,0.0,0.0,0.0,0.0,610,259,,,592,249,599,255,581,242,599,252,,,,,,,,0.0,0.0,0.0,0.0,0.0,0.0,0.0,0.0,0.0,4,0,0,0,0,0,0,0,0,0,0,0,0,0,0,0,12,7,0,0.0,0.0,0.0,0.0,0.0,0.0,0.0,0.0,0,0,0,0
45,John,McGinn,McGinn,a,,,5.4,186,115,2.3,118,38,2.8,114,51,6,0,0,-1,1,605,1235,0.5,2.0,2.8,2.8,2.8,150,61,,,331,149,170,96,154,76,259,113,2.0,,,,,,,0.2,0.05,0.25,1.83,0.0,0.26,1.79,1.03,5.64,4,6,90,0,1,0,2,0,0,0,0,0,0,1,1,30,2610,3542,0,0.0,0.11000000000000001,0.10999999999999999,1.92,0.0,0.0,0.0,0.0,1,2,4,7
46,Ross,Barkley,Barkley,a,,,5.0,241,151,0.3,303,103,2.2,141,59,2,0,0,0,0,94,181,0.4,1.8,2.2,2.2,2.2,185,73,,,164,61,25,22,112,57,68,44,4.0,,,,,,,0.11,0.04,0.15,1.94,0.0,0.3,1.79,1.19,7.15,4,2,62,0,0,0,1,0,0,0,0,0,0,1,0,17,491,439,0,0.020000000000000018,0.010000000000000009,0.030000000000000027,1.3499999999999996,0.0,0.0,0.0,0.0,4,0,3,7
47,Boubacar,Kamara,Kamara,a,,,5.0,276,169,0.3,289,99,2.2,144,61,2,0,0,0,0,107,235,0.4,1.8,2.2,2.2,2.2,187,75,100.0,100.0,166,63,79,56,529,214,160,74,,,,,,,,0.0,0.04,0.04,1.82,0.0,0.25,1.75,1.0,7.5,4,2,90,0,0,0,2,0,0,0,0,0,0,1,0,17,348,544,0,0.0,0.04000000000000001,0.04000000000000001,1.92,0.0,0.0,0.0,0.0,3,1,1,5
48,Amadou,Onana,Onana,i,Knee injury - Unknown return date,,5.0,290,174,0.0,580,240,0.0,578,241,0,0,0,0,0,2,10,0.0,0.0,0.0,0.0,0.0,578,241,0.0,0.0,558,230,562,236,539,218,565,233,,,,,,,,0.0,0.0,0.0,0.0,0.0,0.0,0.0,0.0,0.0,4,0,0,0,0,0,0,0,0,0,0,0,0,0,0,0,5,23,0,0.0,0.0,0.0,0.0,0.0,0.0,0.0,0.0,0,0,0,0
49,Samuel,Iling-Junior,Iling Jr,u,Has joined Bolton Wanderers on loan for the rest of the season,,5.0,299,178,0.0,648,286,0.0,582,243,0,0,0,0,0,0,1,0.0,0.0,0.0,0.0,0.0,582,243,0.0,0.0,562,232,567,238,544,220,569,235,,,,,,,,0.0,0.0,0.0,0.0,0.0,0.0,0.0,0.0,0.0,4,0,0,0,0,0,0,0,0,0,0,0,0,0,0,0,0,2,0,0.0,0.0,0.0,0.0,0.0,0.0,0.0,0.0,0,0,0,0
50,Bradley,Burrowes,Burrowes,a,,,4.5,555,288,0.6,231,76,0.0,531,211,0,0,0,0,0,130,330,0.0,0.0,0.0,0.0,0.0,531,211,,,502,193,501,201,460,170,508,197,,,,,,,,0.0,0.0,0.0,0.0,0.0,0.0,0.0,0.0,0.0,4,0,0,0,0,0,0,0,0,0,0,0,0,0,0,0,336,801,0,0.0,0.0,0.0,0.0,0.0,0.0,0.0,0.0,0,0,0,0
51,George,Hemmings,George Hemmings,a,,,4.5,534,277,1.3,165,52,2.0,158,69,1,0,0,0,0,817,595,0.4,1.8,2.0,2.0,2.0,201,81,,,205,82,130,79,116,60,169,77,,,,,,,,0.02,0.05,0.07,1.71,0.0,0.32,1.61,1.29,6.13,4,1,45,0,0,0,0,0,0,0,0,0,0,1,0,4,4818,2297,0,0.0,0.010000000000000009,0.010000000000000009,0.3099999999999996,0.0,0.0,0.0,0.0,0,1,0,1
52,Alysson Edward Franco,da Rocha dos Santos,Alysson,a,,,5.0,357,214,0.0,502,201,2.0,162,72,6,0,0,0,0,58,17,0.4,1.6,2.0,2.0,2.0,212,89,,,299,130,266,139,275,130,321,146,,,,,,,,0.07,0.0,0.07,2.19,0.0,0.0,2.07,0.0,8.28,4,6,45,1,0,0,2,0,0,0,0,0,0,0,0,24,90,52,0,0.07,0.0,0.07,1.61,0.0,0.0,0.0,0.0,0,1,1,2
53,Johan,Manzambi,Manzambi,a,,,5.9,107,68,0.1,393,145,0.2,392,184,1,0,0,-1,1,100,52,0.0,0.2,0.2,0.1,1.0,367,171,100.0,50.0,639,282,641,282,639,281,641,282,,,,,,,,0.0,0.07,0.07,1.9,0.0,0.0,3.33,0.0,6.67,4,1,27,0,0,0,1,0,0,0,0,0,0,0,0,3,149,127,0,0.0,0.02,0.02,0.57,0.0,0.0,0.0,0.0,1,0,1,2
54,Joao,Gomes,Gomes,a,,,5.5,152,91,0.0,521,210,-0.5,656,292,0,0,0,0,0,7,17,-0.1,-0.4,-0.5,0.0,-2.0,656,292,100.0,0.0,352,164,217,115,617,265,316,142,,,,,,,,0.0,0.02,0.02,5.95,0.0,0.0,9.23,2.31,16.15,4,0,0,0,0,0,0,0,0,0,0,0,0,0,0,0,14,36,0,0.0,0.0,0.0,0.0,0.0,0.0,0.0,0.0,0,0,0,0
55,Ollie,Watkins,Watkins,u,Has joined Al Hilal permanently,,7.8,13,4,3.0,102,15,0.0,655,78,0,0,0,-2,2,0,2393,0.0,0.0,0.0,0.0,0.0,655,78,0.0,0.0,656,78,656,78,656,78,656,78,,,,,,,,0.0,0.0,0.0,0.0,0.0,0.0,0.0,0.0,0.0,4,0,0,0,0,0,0,0,0,0,0,0,0,0,0,0,0,8243,0,0.0,0.0,0.0,0.0,0.0,0.0,0.0,0.0,0,0,0,0
56,Tammy,Abraham,Abraham,a,,,5.5,129,34,0.2,358,55,0.8,292,35,1,0,0,0,0,118,102,0.1,0.5,0.8,0.8,1.0,352,41,100.0,100.0,342,37,274,34,608,70,344,39,,,,,,,,0.0,0.0,0.0,2.58,0.0,0.0,2.61,0.0,2.61,4,1,45,0,0,0,2,0,0,0,0,0,0,0,0,4,317,253,0,0.0,0.0,0.0,1.6099999999999999,0.0,0.0,0.0,0.0,0,0,1,1
160,Alejandro,Garnacho Ferreyra,Garnacho,a,,,5.9,103,65,0.4,278,92,0.8,295,135,0,0,0,-1,1,33,433,0.1,0.5,0.8,0.8,1.0,366,170,,,351,163,252,133,636,278,340,156,,,,,,,,0.0,0.0,0.0,1.42,0.0,0.0,0.0,0.0,5.81,4,0,0,0,0,0,0,0,0,0,0,0,0,0,0,0,104,954,0,0.0,0.0,0.0,0.0,0.0,0.0,0.0,0.0,0,0,0,0
166,Nicolas,Jackson,N.Jackson,a,,,6.5,42,11,1.3,164,24,1.0,265,31,0,0,0,0,0,809,1990,0.2,0.6,1.0,1.0,1.3,268,32,,,302,30,149,14,119,23,225,25,,,2.0,,,,,0.11,0.26,0.37,0.7,0.0,0.45,0.45,1.36,2.26,4,0,45,0,0,0,0,0,0,0,1,0,0,1,0,0,5326,3183,0,0.0,0.039999999999999925,0.039999999999999925,0.31000000000000005,0.0,0.0,0.0,0.0,0,0,0,0
582,Brian,Madjo,Madjo,i,Unspecified injury - Unknown return date,,5.5,184,43,0.3,312,50,0.0,636,75,0,0,0,0,0,8,239,0.0,0.0,0.0,0.0,0.0,636,75,0.0,0.0,627,69,632,74,626,72,631,73,,,,,,,,0.0,0.0,0.0,0.0,0.0,0.0,0.0,0.0,0.0,4,0,0,0,0,0,0,0,0,0,0,0,0,0,0,0,16,624,0,0.0,0.0,0.0,0.0,0.0,0.0,0.0,0.0,0,0,0,0
596,Matteo,Ruggeri,Ruggeri,a,,,4.5,499,126,0.1,433,155,0.5,310,114,0,0,0,0,0,12,72,0.1,0.4,0.5,0.5,1.0,294,115,,,289,115,265,92,411,174,323,119,,,,,,,,0.0,0.04,0.04,1.92,0.0,0.0,0.0,0.0,11.74,4,0,0,0,0,0,0,0,0,0,0,0,0,0,0,0,25,166,0,0.0,0.0,0.0,0.0,0.0,0.0,0.0,0.0,0,0,0,0
597,Zion,Suzuki,Suzuki,a,,,5.0,286,12,1.8,133,20,3.5,71,7,2,0,0,0,0,1591,435,0.7,2.8,3.5,3.5,4.7,58,5,,,146,18,561,63,536,63,242,18,,,,,,,,0.0,0.0,0.0,1.18,3.33,0.33,1.0,1.0,0.0,4,2,90,0,0,0,2,0,0,0,0,0,5,1,0,17,8074,2187,0,0.0,0.0,0.0,1.9199999999999997,0.0,0.0,0.0,0.0,0,2,9,0
606,Triston,Rowe,Rowe,a,,,4.0,643,203,0.2,359,136,0.0,443,164,0,0,0,0,0,125,65,0.0,0.0,0.0,0.0,0.0,443,164,,,408,157,403,157,346,140,414,155,,,,,,,,0.0,0.0,0.0,0.0,0.0,0.0,0.0,0.0,0.0,4,0,0,0,0,0,0,0,0,0,0,0,0,0,0,0,287,125,0,0.0,0.0,0.0,0.0,0.0,0.0,0.0,0.0,0,0,0,0
607,Luka,Lynch,Lynch,u,Has joined Oxford United on loan until January,,4.5,529,275,0.1,440,171,0.0,513,201,0,0,0,0,0,0,80,0.0,0.0,0.0,0.0,0.0,513,201,0.0,0.0,482,183,481,191,439,160,488,187,,,,,,,,0.0,0.0,0.0,0.0,0.0,0.0,0.0,0.0,0.0,4,0,0,0,0,0,0,0,0,0,0,0,0,0,0,0,0,159,0,0.0,0.0,0.0,0.0,0.0,0.0,0.0,0.0,0,0,0,0
611,Aaron,Wan-Bissaka,Wan-Bissaka,a,,,4.5,458,98,0.2,345,130,1.7,199,77,3,0,0,0,0,217,60,0.4,1.1,1.7,1.7,1.7,238,90,,,292,117,287,103,386,160,330,122,,,,,,,,0.0,0.04,0.04,1.91,0.0,0.0,1.68,0.84,13.46,4,3,90,0,0,0,2,0,0,0,0,0,0,1,0,11,563,198,0,0.0,0.05,0.05,1.92,0.0,0.0,0.0,0.0,5,8,1,13
618,Leon,Goretzka,Goretzka,i,Knee injury - Expected back 10 Oct,,6.0,61,43,0.0,514,207,0.0,644,283,0,0,0,0,0,2,141,0.0,0.0,0.0,0.0,0.0,644,283,0.0,0.0,640,283,642,283,640,282,642,283,,,,,,,,0.0,0.0,0.0,0.0,0.0,0.0,0.0,0.0,0.0,4,0,0,0,0,0,0,0,0,0,0,0,0,0,0,0,12,239,0,0.0,0.0,0.0,0.0,0.0,0.0,0.0,0.0,0,0,0,0
630,Taylor,Harwood-Bellis,Harwood-Bellis,a,,,4.5,479,114,0.0,584,198,0.0,481,184,0,0,0,0,0,14,20,0.0,0.0,0.0,0.0,0.0,481,184,,,448,178,446,178,397,167,454,176,,,,,,,,0.0,0.0,0.0,0.0,0.0,0.0,0.0,0.0,0.0,4,0,0,0,0,0,0,0,0,0,0,0,0,0,0,0,50,33,0,0.0,0.0,0.0,0.0,0.0,0.0,0.0,0.0,0,0,0,0
631,Ibrahim,Mbaye,Mbaye,a,,,6.0,82,54,0.1,485,193,0.5,341,154,1,0,0,0,0,101,81,0.1,0.2,0.5,0.5,1.0,370,172,,,646,286,647,286,645,285,646,286,,,,,,,,0.07,0.47,0.54,1.9,0.0,0.0,3.33,0.0,6.67,4,1,27,0,0,0,1,0,0,0,0,0,0,0,0,6,210,175,0,0.02,0.14,0.16,0.57,0.0,0.0,0.0,0.0,1,0,1,2
57,Đorđe,Petrović,Petrović,a,,,4.5,489,39,3.3,95,16,1.8,185,16,1,0,0,0,0,383,809,0.4,1.6,1.8,1.8,1.8,232,19,,,43,7,452,45,404,42,172,7,,,,,,,,0.0,0.0,0.0,1.32,2.25,0.0,1.75,1.0,0.0,4,1,90,0,0,0,2,0,0,0,0,0,0,1,0,0,2466,3562,0,0.0,0.0,0.0,0.5,0.0,0.0,0.0,0.0,0,0,9,0
58,Fraser,Forster,Forster,a,,,4.0,581,50,3.4,92,15,0.0,398,25,0,0,0,0,0,604,341,0.0,0.0,0.0,0.0,0.0,398,25,,,363,24,356,5,296,2,368,24,,,,,,,,0.0,0.0,0.0,0.0,0.0,0.0,0.0,0.0,0.0,4,0,0,0,0,0,0,0,0,0,0,0,0,0,0,0,3360,5231,0,0.0,0.0,0.0,0.0,0.0,0.0,0.0,0.0,0,0,0,0
59,Will,Dennis,Dennis,u,Has joined MK Dons permanently,,4.0,615,65,0.1,376,42,0.0,422,40,0,0,0,0,0,0,39,0.0,0.0,0.0,0.0,0.0,422,40,0.0,0.0,387,39,382,20,324,17,393,39,,,,,,,,0.0,0.0,0.0,0.0,0.0,0.0,0.0,0.0,0.0,4,0,0,0,0,0,0,0,0,0,0,0,0,0,0,0,0,124,0,0.0,0.0,0.0,0.0,0.0,0.0,0.0,0.0,0,0,0,0
60,James,Hill,Hill,a,,,5.5,155,20,0.8,208,81,2.0,167,63,2,0,0,0,0,229,433,0.4,1.5,2.0,2.0,2.0,215,83,,,102,46,55,9,230,81,101,32,,,,,,,,0.0,0.19,0.19,1.32,0.0,0.0,1.75,1.0,8.75,4,2,90,0,0,0,2,0,0,0,1,0,0,1,0,5,1010,1132,0,0.0,0.010000000000000009,0.010000000000000009,0.5,0.0,0.0,0.0,0.0,1,10,3,11
61,Adrien,Truffert,Truffert,a,,,5.5,164,22,3.4,93,35,2.0,168,64,3,0,0,0,0,339,1030,0.4,1.5,2.0,2.0,2.0,217,84,,,105,48,90,23,231,82,125,48,,,,,,,,0.03,0.06,0.09,1.32,0.0,0.0,1.75,1.0,9.25,4,3,90,0,0,0,2,0,0,0,0,0,0,1,0,19,1570,3791,0,0.11,0.1,0.20999999999999996,0.5,0.0,0.0,0.0,0.0,7,8,3,15
62,Bafodé,Diakité,Diakité,a,,,5.0,282,46,0.2,355,133,0.0,576,205,0,0,0,0,0,52,108,0.0,0.0,0.0,0.0,0.0,576,205,,,556,204,558,204,533,201,563,204,,,,,,,,0.0,0.0,0.0,0.0,0.0,0.0,0.0,0.0,0.0,4,0,0,0,0,0,0,0,0,0,0,0,0,0,0,0,144,231,0,0.0,0.0,0.0,0.0,0.0,0.0,0.0,0.0,0,0,0,0
63,Veljko,Milosavljevic,Milosavljević,i,Thigh injury - Unknown return date,,5.0,352,63,0.0,612,207,0.0,605,210,0,0,0,0,0,2,5,0.0,0.0,0.0,0.0,0.0,605,210,0.0,0.0,586,209,593,209,575,207,593,209,,,,,,,,0.0,0.0,0.0,0.0,0.0,0.0,0.0,0.0,0.0,4,0,0,0,0,0,0,0,0,0,0,0,0,0,0,0,5,15,0,0.0,0.0,0.0,0.0,0.0,0.0,0.0,0.0,0,0,0,0
64,Adam,Smith,Smith,a,,,4.5,425,81,0.1,379,143,0.5,303,109,0,0,0,0,0,45,62,0.1,0.4,0.5,0.5,0.5,391,138,,,182,82,84,21,238,86,162,64,,,,,,,,0.0,0.02,0.02,1.32,0.0,0.0,1.75,1.0,5.25,4,0,90,0,0,0,2,0,0,0,1,0,0,1,0,-2,162,160,0,0.0,0.010000000000000009,0.009999999999999995,0.5,0.0,0.0,0.0,0.0,1,5,4,6
65,Julián,Araujo Zúñiga,J.Araujo,i,Thigh injury - Unknown return date,,4.4,570,154,0.0,594,202,0.0,458,177,0,0,0,-1,1,3,3,0.0,0.0,0.0,0.0,0.0,458,177,0.0,0.0,423,170,418,170,364,156,429,168,,,,,,,,0.0,0.0,0.0,0.0,0.0,0.0,0.0,0.0,0.0,4,0,0,0,0,0,0,0,0,0,0,0,0,0,0,0,7,5,0,0.0,0.0,0.0,0.0,0.0,0.0,0.0,0.0,0,0,0,0
66,Julio,Soler Barreto,Soler,a,,,4.0,645,205,0.3,310,115,0.0,444,165,0,0,0,0,0,145,89,0.0,0.0,0.0,0.0,0.0,444,165,100.0,100.0,409,158,404,158,348,142,415,156,,,,,,,,0.0,0.0,0.0,0.0,0.0,0.0,0.0,0.0,0.0,4,0,0,0,0,0,0,0,0,0,0,0,0,0,0,0,475,226,0,0.0,0.0,0.0,0.0,0.0,0.0,0.0,0.0,0,0,0,0
67,Rayan Vitor,Simplício Rocha,Rayan,a,,,6.4,47,31,1.9,131,41,2.0,175,80,2,0,0,-1,1,141,2232,0.3,1.2,2.0,2.0,2.0,224,95,,,238,97,186,105,26,15,123,60,,,,,,,,0.26,0.02,0.28,1.28,0.0,0.0,1.56,1.04,2.85,4,2,81,0,0,0,2,0,0,0,0,0,0,1,0,7,860,4873,0,0.51,0.03,0.54,0.39000000000000057,0.0,0.0,0.0,0.0,1,2,0,3
68,Marcus,Tavernier,Tavernier,a,,,6.0,64,44,3.8,89,30,7.2,3,2,8,0,0,0,0,9157,1356,1.2,4.8,7.2,7.2,7.2,13,7,,,12,8,37,32,7,4,10,8,1.0,1.0,3.0,,,,,0.43,0.21,0.64,1.32,0.0,0.0,1.8,1.03,9.26,4,8,82,1,0,0,2,0,0,0,1,0,0,1,2,44,25066,5659,0,0.17999999999999994,0.47000000000000003,0.6500000000000001,0.3899999999999997,0.0,0.0,0.0,0.0,1,2,5,8
69,Alex,Scott,Scott,a,,,6.1,59,42,5.8,67,21,7.0,6,4,4,0,0,1,-1,4561,3843,1.1,4.6,7.0,7.0,7.0,17,9,,,50,18,43,37,90,50,48,35,2.0,4.0,,,,,,0.13,0.09,0.22,1.31,0.0,0.25,1.52,1.01,12.89,4,4,90,0,0,0,2,0,0,0,0,0,0,1,0,19,30795,11526,0,0.18,0.04999999999999999,0.22999999999999998,0.5,0.0,0.0,0.0,0.0,2,6,6,14
70,Justin,Kluivert,Kluivert,a,,,6.0,67,46,1.0,187,59,3.8,66,29,8,0,0,0,0,834,417,0.6,2.5,3.8,3.8,3.8,88,36,,,211,85,80,57,19,11,69,45,3.0,2.0,2.0,,,,,0.3,0.02,0.32,1.37,0.0,0.61,0.92,1.22,6.73,4,8,65,1,0,0,2,0,0,0,0,0,0,1,1,31,1625,1762,0,0.20999999999999996,0.020000000000000004,0.2300000000000001,0.39000000000000057,0.0,0.0,0.0,0.0,0,1,3,4
71,Lewis,Cook,Cook,a,,,5.0,250,155,0.2,336,120,1.8,191,83,0,0,0,0,0,46,248,0.4,1.4,1.8,1.8,1.8,233,100,,,276,116,188,106,516,208,280,122,,,,,,,,0.0,0.01,0.01,2.15,0.0,1.09,0.55,1.09,6.55,4,0,8,0,0,0,0,0,0,0,1,0,0,0,0,-1,167,455,0,0.0,0.0,0.0,0.11000000000000032,0.0,0.0,0.0,0.0,0,2,0,2
72,Ben,Gannon-Doak,Gannon-Doak,a,,,4.9,399,239,0.1,475,188,0.8,275,123,1,0,0,-1,1,17,45,0.2,0.6,0.8,0.8,1.0,307,130,,,339,155,321,158,211,105,319,144,,,,,,,,1.17,0.27,1.44,3.15,0.0,0.0,9.0,0.0,72.0,4,1,8,0,0,0,0,0,0,0,0,0,0,0,0,6,54,92,0,0.11,0.03,0.14,0.10999999999999999,0.0,0.0,0.0,0.0,1,0,4,5
73,Tyler,Adams,Adams,a,,,5.0,260,161,0.3,304,104,2.0,160,71,2,0,0,0,0,157,207,0.4,1.6,2.0,2.0,2.0,208,86,100.0,100.0,232,94,199,109,522,211,262,114,,,,,,,,0.01,0.01,0.02,0.63,0.0,0.0,2.81,0.94,13.12,4,2,81,0,0,0,2,0,0,0,0,0,0,1,0,16,447,402,0,0.03,0.019999999999999997,0.049999999999999996,0.3900000000000001,0.0,0.0,0.0,0.0,2,3,5,10
74,David,Brooks,Brooks,a,,,5.0,244,152,0.1,484,192,0.5,318,142,0,0,0,0,0,19,47,0.1,0.4,0.5,0.5,0.7,385,180,100.0,100.0,541,221,290,148,511,205,364,170,4.0,3.0,,,,,,0.0,0.03,0.03,1.5,0.0,0.0,6.0,0.0,9.0,4,0,7,0,0,0,0,0,0,0,1,0,0,0,0,-1,75,101,0,0.0,0.0,0.0,0.10999999999999999,0.0,0.0,0.0,0.0,0,2,1,3
75,Ryan,Christie,Christie,a,,,5.0,251,156,0.0,532,216,0.8,277,125,1,0,0,0,0,26,30,0.2,0.6,0.8,0.8,1.0,319,139,100.0,100.0,334,151,339,167,517,209,351,161,,,,,,,,0.0,0.39,0.39,0.77,0.0,0.0,3.21,0.0,28.93,4,1,24,0,0,0,0,0,0,0,0,0,0,0,0,7,123,74,0,0.0,0.12,0.12,0.10999999999999999,0.0,0.0,0.0,0.0,0,3,4,7
76,Alex,Tóth,Tóth.A,a,,,5.0,351,212,0.0,586,245,0.2,380,174,0,0,0,0,0,9,7,0.0,0.2,0.2,0.2,1.0,332,148,,,335,152,324,160,574,240,354,164,,,,,,,,0.0,0.0,0.0,1.86,0.0,0.0,12.0,0.0,12.0,4,0,0,0,0,0,0,0,0,0,0,0,0,0,0,0,14,22,0,0.0,0.0,0.0,0.0,0.0,0.0,0.0,0.0,0,0,0,0
77,Amine,Adli,Adli,i,Calf injury - Unknown return date,,4.9,398,238,0.0,583,243,0.0,555,227,0,0,0,-1,1,1,16,0.0,0.0,0.0,0.0,0.0,555,227,0.0,0.0,530,212,531,220,493,191,538,217,,,,,,,,0.0,0.0,0.0,0.0,0.0,0.0,0.0,0.0,0.0,4,0,0,0,0,0,0,0,0,0,0,0,0,0,0,0,5,30,0,0.0,0.0,0.0,0.0,0.0,0.0,0.0,0.0,0,0,0,0
78,Junior,Kroupi,Kroupi.Jr,i,Foot injury - Expected back 7 Nov,,7.4,22,14,0.2,341,123,0.0,654,291,0,0,0,-1,1,12,114,0.0,0.0,0.0,0.0,0.0,654,291,0.0,0.0,655,292,655,292,655,292,655,292,,,1.0,,,,,0.0,0.0,0.0,0.0,0.0,0.0,0.0,0.0,0.0,4,0,0,0,0,0,0,0,0,0,0,0,0,0,0,0,19,273,0,0.0,0.0,0.0,0.0,0.0,0.0,0.0,0.0,0,0,0,0
79,Francisco Evanilson,de Lima Barbosa,Evanilson,a,,,6.0,72,16,3.3,94,14,4.0,58,5,5,0,0,0,0,1762,1577,0.7,2.7,4.0,4.0,4.0,85,11,,,156,10,94,7,67,16,87,13,,,,,,,,0.19,0.14,0.33,1.29,0.0,0.54,1.08,1.08,5.93,4,5,90,0,1,0,2,0,0,0,0,0,0,1,0,22,5365,4566,0,0.0,0.25,0.25,0.47999999999999954,0.0,0.0,0.0,0.0,0,1,3,4
80,Enes,Ünal,Enes Ünal,u,Has joined Getafe permanently,,5.5,126,32,0.0,578,75,0.0,624,73,0,0,0,0,0,0,7,0.0,0.0,0.0,0.0,0.0,624,73,0.0,0.0,613,67,618,72,607,69,619,71,,,,,,,,0.0,0.0,0.0,0.0,0.0,0.0,0.0,0.0,0.0,4,0,0,0,0,0,0,0,0,0,0,0,0,0,0,0,0,15,0,0.0,0.0,0.0,0.0,0.0,0.0,0.0,0.0,0,0,0,0
81,Álvaro,Rodríguez,Rodríguez,a,,,6.0,79,19,0.1,397,58,0.5,339,42,1,0,0,0,0,37,76,0.1,0.3,0.5,0.5,1.0,368,45,100.0,100.0,643,74,645,76,643,75,644,75,,,,,,,,0.0,0.0,0.0,1.62,0.0,0.0,9.0,0.0,9.0,4,1,1,0,0,0,0,0,0,0,0,0,0,0,0,3,97,152,0,0.0,0.0,0.0,0.01999999999999999,0.0,0.0,0.0,0.0,0,0,0,0
566,António João,Pereira de Albuquerque Tavares da Silva,Silva,a,,,5.0,304,54,0.4,268,97,2.5,124,45,3,0,0,0,0,76,176,0.5,2.0,2.5,2.5,2.5,164,63,,,44,17,256,87,96,22,113,40,,,,,,,,0.28,0.03,0.31,1.32,0.0,0.0,1.75,1.0,10.5,4,3,90,0,0,0,2,0,0,0,0,0,0,1,0,-2,626,560,0,0.8699999999999999,0.09,0.96,0.5,0.0,0.0,0.0,0.0,0,11,5,11
573,Juanlu,Sánchez,Sanchez,a,,,4.5,505,127,0.2,348,131,0.0,492,187,0,0,0,0,0,4,41,0.0,0.0,0.0,0.0,0.0,492,187,,,460,182,460,182,417,175,466,180,,,,,,,,0.0,0.0,0.0,0.0,0.0,0.0,0.0,0.0,0.0,4,0,0,0,0,0,0,0,0,0,0,0,0,0,0,0,21,146,0,0.0,0.0,0.0,0.0,0.0,0.0,0.0,0.0,0,0,0,0
608,Daniel,Jebbison,Jebbison,a,,,5.0,331,60,0.1,415,60,0.5,322,37,0,0,0,0,0,86,78,0.1,0.4,0.5,0.5,1.0,328,35,,,324,32,313,37,137,26,290,33,,,,,,,,0.56,0.0,0.56,2.02,0.0,0.0,11.25,0.0,5.62,4,0,0,0,0,0,0,0,0,0,0,0,0,0,0,0,286,185,0,0.0,0.0,0.0,0.0,0.0,0.0,0.0,0.0,0,0,0,0
615,Michele,Di Gregorio,Di Gregorio,a,,,4.5,467,35,0.0,529,59,0.0,476,58,0,0,0,0,0,15,33,0.0,0.0,0.0,0.0,0.0,476,58,,,443,58,440,41,390,38,449,58,,,,,,,,0.0,0.0,0.0,0.0,0.0,0.0,0.0,0.0,0.0,4,0,0,0,0,0,0,0,0,0,0,0,0,0,0,0,54,57,0,0.0,0.0,0.0,0.0,0.0,0.0,0.0,0.0,0,0,0,0
82,Caoimhín,Kelleher,Kelleher,a,,,5.0,259,9,6.6,60,9,3.5,70,6,3,0,0,0,0,649,2332,0.7,2.8,3.5,3.5,3.5,98,7,,,86,13,549,60,521,60,213,13,,,,,,,,0.0,0.0,0.0,1.48,3.75,0.25,1.0,1.0,0.0,4,3,90,0,0,0,2,0,0,0,0,0,8,1,0,19,2798,6533,0,0.0,0.0,0.0,2.1799999999999997,0.0,0.0,0.0,0.0,0,1,11,0
83,Hákon Rafn,Valdimarsson,Valdimarsson,a,,,4.5,509,43,0.1,419,48,0.0,496,61,0,0,0,0,0,11,35,0.0,0.0,0.0,0.0,0.0,496,61,,,464,61,464,47,421,46,470,61,,,,,,,,0.0,0.0,0.0,0.0,0.0,0.0,0.0,0.0,0.0,4,0,0,0,0,0,0,0,0,0,0,0,0,0,0,0,59,115,0,0.0,0.0,0.0,0.0,0.0,0.0,0.0,0.0,0,0,0,0
84,Nathan,Collins,Collins,i,Calf injury - Unknown return date,,5.5,147,18,1.4,154,63,2.5,130,48,0,0,0,0,0,3,2504,0.5,1.8,0.0,0.0,3.3,110,46,0.0,0.0,147,67,153,49,56,9,98,29,,,,,,,,0.23,0.02,0.25,0.98,0.0,0.46,0.46,1.38,7.81,4,0,0,0,0,0,0,0,0,0,0,0,0,0,0,0,7,8354,0,0.0,0.0,0.0,0.0,0.0,0.0,0.0,0.0,0,0,0,0
85,Sepp,van den Berg,Van den Berg,i,Groin injury - Unknown return date,,4.9,391,72,0.1,468,166,0.0,551,200,0,0,0,-1,1,1,37,0.0,0.0,0.0,0.0,0.0,551,200,0.0,0.0,526,198,527,198,489,193,534,197,,,,,,,,0.0,0.0,0.0,0.0,0.0,0.0,0.0,0.0,0.0,4,0,0,0,0,0,0,0,0,0,0,0,0,0,0,0,4,85,0,0.0,0.0,0.0,0.0,0.0,0.0,0.0,0.0,0,0,0,0
86,Keane,Lewis-Potter,Lewis-Potter,a,,,5.5,144,87,2.1,123,39,4.8,36,17,1,0,0,0,0,390,2653,0.9,3.5,4.8,4.8,4.8,56,25,,,24,12,17,16,70,42,20,16,,1.0,,,,,,0.29,0.22,0.51,1.49,0.0,0.28,1.1,1.1,7.73,4,1,59,0,0,0,2,0,0,0,0,0,0,1,0,0,2108,5177,0,0.030000000000000027,0.13,0.16000000000000014,1.6499999999999995,0.0,0.0,0.0,0.0,1,0,0,1
87,Kristoffer,Ajer,Ajer,a,,,4.5,451,93,4.6,75,30,3.5,69,29,1,0,0,0,0,608,1825,0.8,3.1,3.5,3.5,3.5,96,38,,,56,25,157,51,80,15,79,20,,,,,,,,0.03,0.01,0.04,1.48,0.0,0.25,1.0,1.0,10.25,4,1,90,0,0,0,2,0,0,0,0,0,0,1,0,-2,4325,11543,0,0.009999999999999995,0.0,0.009999999999999981,2.1799999999999997,0.0,0.0,0.0,0.0,2,7,1,9
88,Michael,Kayode,Kayode,a,,,4.6,424,80,8.8,46,18,4.2,47,19,1,0,0,1,-1,1180,8316,0.9,3.7,4.2,4.2,4.2,73,27,,,95,43,177,55,48,6,80,21,,,,,,,,0.22,0.14,0.36,1.09,0.0,0.4,0.4,1.19,5.58,4,1,19,0,0,0,0,0,0,0,0,0,0,0,0,5,5070,15529,0,0.0,0.13000000000000003,0.13,0.4600000000000004,0.0,0.0,0.0,0.0,0,1,1,1
89,Rico,Henry,Henry,a,,,4.5,452,94,0.2,338,126,0.2,357,132,0,0,0,0,0,17,67,0.0,0.2,0.2,0.2,1.0,289,111,,,437,172,434,172,383,159,443,170,,,,,,,,0.0,0.0,0.0,0.0,0.0,0.0,0.0,0.0,0.0,4,0,0,0,0,0,0,0,0,0,0,0,0,0,0,0,36,209,0,0.0,0.0,0.0,0.0,0.0,0.0,0.0,0.0,0,0,0,0
90,Aaron,Hickey,Hickey,a,,,4.5,495,124,0.1,463,165,1.0,241,90,1,0,0,0,0,21,20,0.2,0.9,1.0,1.0,1.0,293,114,,,258,107,237,81,408,173,302,112,,,,,,,,0.03,0.03,0.06,2.18,0.0,0.0,2.06,0.69,8.93,4,1,70,0,0,0,2,0,0,0,0,0,0,1,0,4,37,55,0,0.04,0.02,0.06,1.7200000000000002,0.0,0.0,0.0,0.0,2,5,4,7
92,Kim,Ji-soo,Ji-soo,a,,,4.5,528,135,0.0,576,197,0.0,512,193,0,0,0,0,0,2,6,0.0,0.0,0.0,0.0,0.0,512,193,,,481,188,480,188,438,181,487,186,,,,,,,,0.0,0.0,0.0,0.0,0.0,0.0,0.0,0.0,0.0,4,0,0,0,0,0,0,0,0,0,0,0,0,0,0,0,4,13,0,0.0,0.0,0.0,0.0,0.0,0.0,0.0,0.0,0,0,0,0
93,Jannik,Schuster,Schuster,a,,,4.5,511,130,0.1,368,141,1.8,187,73,3,0,0,0,0,12,18,0.4,1.6,1.8,1.8,3.5,97,39,,,234,98,346,129,242,90,287,107,,,,,,,,0.06,0.01,0.07,2.09,0.0,0.0,1.66,0.55,12.15,4,3,90,0,0,0,2,0,0,0,0,0,0,1,0,5,131,83,0,0.0,0.01,0.009999999999999995,2.1799999999999997,0.0,0.0,0.0,0.0,2,10,3,12
94,Kevin,Schade,Schade,a,,,6.0,75,51,3.8,88,29,7.5,2,1,15,0,0,0,0,17196,1188,1.2,5.0,7.5,7.5,7.5,8,5,,,66,21,105,67,12,6,27,20,,,2.0,,,,,0.24,0.08,0.32,1.49,0.0,0.25,1.01,1.01,6.81,4,15,90,2,0,0,2,0,0,0,0,0,0,1,3,49,20065,9346,0,0.19999999999999996,0.09999999999999998,0.30000000000000004,2.1799999999999997,0.0,0.0,0.0,0.0,1,0,3,4
95,Dango,Ouattara,O.Dango,a,,,6.4,48,32,0.6,235,78,1.5,216,98,1,0,0,-1,1,14,956,0.2,0.9,1.5,1.5,1.5,259,115,,,206,83,46,39,139,71,127,62,4.0,,,,,,,0.05,0.21,0.26,1.43,0.0,0.53,0.53,1.06,14.82,4,1,30,0,0,0,0,0,0,0,0,0,0,0,0,4,124,3121,0,0.01999999999999999,0.010000000000000009,0.02999999999999997,0.5299999999999998,0.0,0.0,0.0,0.0,0,1,3,4
96,Mikkel,Damsgaard,Damsgaard,a,,,5.5,150,90,0.5,256,85,3.2,85,36,1,0,0,0,0,72,426,0.6,2.4,3.2,3.2,3.2,115,46,,,170,65,19,17,95,52,56,38,2.0,3.0,,,,,,0.05,0.21,0.26,1.09,0.0,0.46,0.46,0.91,9.14,4,1,30,0,0,0,0,0,0,0,0,0,0,0,0,2,498,857,0,0.09,0.0,0.08999999999999997,0.53,0.0,0.0,0.0,0.0,0,1,2,3
97,Mathias,Jensen,Jensen,i,Unspecified injury - Expected back 18 Sep,,5.4,194,121,0.1,399,147,1.5,212,95,0,0,0,-1,1,1,111,0.3,1.1,0.0,0.0,6.0,35,17,0.0,0.0,254,105,69,52,172,85,179,82,1.0,2.0,3.0,,,,,0.11,0.46,0.57,0.64,0.0,1.36,0.0,1.36,6.82,4,0,0,0,0,0,0,0,0,0,0,0,0,0,0,0,6,385,0,0.0,0.0,0.0,0.0,0.0,0.0,0.0,0.0,0,0,0,0
98,Vitaly,Janelt,Janelt,a,,,5.0,262,163,2.4,117,37,6.2,15,10,4,0,0,0,0,2335,1527,1.2,5.0,6.2,6.2,6.2,30,16,,,4,3,26,23,66,40,16,12,3.0,,,,,,,0.12,0.1,0.22,1.48,0.0,0.25,1.0,1.0,13.75,4,4,90,0,0,0,2,0,0,0,0,0,0,1,0,18,17154,4796,0,0.0,0.08000000000000002,0.08000000000000007,2.1799999999999997,0.0,0.0,0.0,0.0,3,11,6,20
99,Antoni,Milambo,Milambo,i,Knee injury - Unknown return date,,5.0,337,202,0.0,647,285,0.0,600,254,0,0,0,0,0,1,0,0.0,0.0,0.0,0.0,0.0,600,254,0.0,0.0,581,244,588,250,567,234,588,247,,,,,,,,0.0,0.0,0.0,0.0,0.0,0.0,0.0,0.0,0.0,4,0,0,0,0,0,0,0,0,0,0,0,0,0,0,0,3,1,0,0.0,0.0,0.0,0.0,0.0,0.0,0.0,0.0,0,0,0,0
100,Fábio,Freitas Gouveia Carvalho,Carvalho,a,,,5.0,283,172,0.0,562,232,0.0,577,240,0,0,0,0,0,10,28,0.0,0.0,0.0,0.0,0.0,577,240,100.0,100.0,557,229,559,235,534,216,564,232,,,,,,,,0.0,0.0,0.0,0.0,0.0,0.0,0.0,0.0,0.0,4,0,0,0,0,0,0,0,0,0,0,0,0,0,0,0,28,43,0,0.0,0.0,0.0,0.0,0.0,0.0,0.0,0.0,0,0,0,0
102,Yehor,Yarmoliuk,Yarmoliuk,a,,,4.9,403,242,0.7,215,66,1.5,203,88,4,0,0,-1,1,52,401,0.3,1.2,1.5,1.5,1.5,250,108,,,282,120,182,103,199,98,256,111,,,,,,,,0.04,0.15,0.19,2.69,0.0,0.0,2.43,0.61,9.12,4,4,59,0,1,0,2,0,0,0,0,0,0,1,0,18,85,1683,0,0.0,0.21,0.21,1.65,0.0,0.0,0.0,0.0,0,2,2,4
103,Josh,Dasilva,Dasilva,i,Hamstring injury - Expected back 10 Oct,,4.9,370,221,0.0,581,241,0.0,543,218,0,0,0,-1,1,0,19,0.0,0.0,0.0,0.0,0.0,543,218,0.0,0.0,516,202,515,209,475,179,522,206,,,,,,,,0.0,0.0,0.0,0.0,0.0,0.0,0.0,0.0,0.0,4,0,0,0,0,0,0,0,0,0,0,0,0,0,0,0,0,58,0,0.0,0.0,0.0,0.0,0.0,0.0,0.0,0.0,0,0,0,0
105,Jaidon,Anthony,Anthony,a,,,6.0,73,49,0.1,374,135,1.2,234,105,1,0,0,0,0,19,119,0.2,0.8,1.2,1.2,1.2,270,121,,,247,101,38,33,126,64,136,67,,,,,,,,0.09,0.25,0.34,1.54,0.0,0.48,1.44,0.96,11.55,4,1,59,0,0,0,2,0,0,0,0,0,0,1,0,12,72,300,0,0.0,0.10000000000000003,0.09999999999999998,1.6500000000000001,0.0,0.0,0.0,0.0,2,5,4,11
106,Igor Thiago,Nascimento Rodrigues,Thiago,a,,,7.9,12,3,10.6,40,6,1.2,236,26,1,0,0,-1,1,470,12977,0.2,0.6,1.2,1.2,1.2,271,33,,,221,17,214,25,8,4,71,9,,,1.0,,,,,0.62,0.03,0.65,1.5,0.0,0.26,1.02,1.02,4.09,4,1,90,0,0,0,2,0,0,0,1,0,0,1,0,3,2309,36944,0,0.11000000000000032,0.03,0.14000000000000012,2.1799999999999997,0.0,0.0,0.0,0.0,0,0,1,1
107,Kaye,Furo,Furo,a,,,4.5,538,74,1.1,178,27,0.0,519,56,0,0,0,0,0,578,421,0.0,0.0,0.0,0.0,0.0,519,56,,,488,48,487,53,445,50,494,52,,,,,,,,0.0,0.0,0.0,0.0,0.0,0.0,0.0,0.0,0.0,4,0,0,0,0,0,0,0,0,0,0,0,0,0,0,0,1695,1397,0,0.0,0.0,0.0,0.0,0.0,0.0,0.0,0.0,0,0,0,0
108,Callum,Wilson,Wilson,a,,,5.5,122,31,0.3,286,49,0.8,291,34,0,0,0,0,0,75,282,0.1,0.5,0.8,0.8,1.0,351,40,,,327,33,223,29,179,30,276,31,,,,,,,,0.48,0.28,0.76,1.04,0.0,0.0,0.0,0.0,13.85,4,0,0,0,0,0,0,0,0,0,0,0,0,0,0,0,206,628,0,0.0,0.0,0.0,0.0,0.0,0.0,0.0,0.0,0,0,0,0
565,Mamadou,Sangaré,M.Sangaré,a,,,5.7,118,77,13.0,30,11,5.5,26,14,4,0,0,2,-2,1214,12180,1.0,3.9,5.5,5.5,5.5,43,22,,,94,35,65,49,71,43,67,43,,,,,,,,0.12,0.2,0.32,1.34,0.0,0.3,0.9,1.2,13.5,4,4,90,0,0,0,2,0,0,0,0,0,0,1,0,19,6944,36080,0,0.0,0.28,0.28,2.18,0.0,0.0,0.0,0.0,6,1,6,13
620,El Hadji Malick,Diouf,Diouf,a,,,4.5,546,141,0.1,430,154,0.3,348,124,1,0,0,0,0,57,131,0.1,0.2,0.3,0.3,1.0,296,116,,,495,192,494,192,452,185,501,190,,,,,,,,0.0,0.03,0.03,1.59,0.0,0.0,0.0,0.0,6.0,4,1,30,0,0,0,0,0,0,0,0,0,0,0,0,4,195,227,0,0.0,0.01,0.01,0.53,0.0,0.0,0.0,0.0,0,2,1,2
109,Bart,Verbruggen,Verbruggen,a,,,4.5,500,42,22.3,13,2,2.2,140,13,0,0,0,0,0,1999,3922,0.5,2.0,2.2,2.2,3.0,123,10,,,130,16,259,3,412,45,228,15,,,,,,,,0.0,0.07,0.07,1.9,1.33,0.33,1.67,1.0,0.0,4,0,0,0,0,0,0,0,0,0,0,0,0,0,0,0,24899,23615,0,0.0,0.0,0.0,0.0,0.0,0.0,0.0,0.0,0,0,0,0
111,Jason,Steele,Steele,a,,,4.0,582,51,4.3,78,12,0.0,399,26,0,0,0,0,0,617,444,0.0,0.0,0.0,0.0,0.0,399,26,,,364,25,357,6,297,3,369,25,,,,,,,,0.0,0.0,0.0,0.0,0.0,0.0,0.0,0.0,0.0,4,0,0,0,0,0,0,0,0,0,0,0,0,0,0,0,3744,5197,0,0.0,0.0,0.0,0.0,0.0,0.0,0.0,0.0,0,0,0,0
113,Ferdi,Kadıoğlu,F.Kadıoğlu,a,,,4.4,568,152,1.8,136,57,0.5,301,107,0,0,0,-1,1,109,655,0.1,0.5,0.5,0.5,1.0,282,106,100.0,100.0,241,100,132,40,103,26,178,69,3.0,,,,,,,0.04,0.01,0.05,2.87,0.0,0.0,2.69,1.08,2.69,4,0,0,0,0,0,0,0,0,0,0,0,0,0,0,0,773,2621,0,0.0,0.0,0.0,0.0,0.0,0.0,0.0,0.0,0,0,0,0
114,Olivier,Boscagli,Boscagli,a,,,4.5,456,97,0.3,299,110,1.8,183,71,0,0,0,0,0,37,93,0.4,1.6,1.8,1.8,2.3,175,69,,,108,50,15,1,134,42,44,7,,,,,,,,0.02,0.16,0.18,1.9,0.0,0.33,1.67,1.0,4.33,4,0,0,0,0,0,0,0,0,0,0,0,0,0,0,0,277,326,0,0.0,0.0,0.0,0.0,0.0,0.0,0.0,0.0,0,0,0,0
115,Maxim,De Cuyper,De Cuyper,a,,,4.8,422,79,22.1,15,3,5.2,30,10,0,0,0,3,-3,6411,4598,1.1,4.4,5.2,5.2,7.0,16,5,,,58,27,18,2,58,10,23,1,2.0,4.0,,,,,,0.56,0.15,0.71,2.08,0.0,0.37,1.85,1.11,2.96,4,0,0,0,0,0,0,0,0,0,0,0,0,0,0,0,72054,18082,0,0.0,0.0,0.0,0.0,0.0,0.0,0.0,0.0,0,0,0,0
116,Lewis,Dunk,Dunk,a,,,4.5,430,82,1.4,160,65,2.5,119,42,0,0,0,0,0,318,318,0.6,2.2,2.5,2.5,3.3,103,42,,,81,41,224,76,239,87,171,68,,3.0,,,,,,0.0,0.02,0.02,1.9,0.0,0.33,1.67,1.0,5.67,4,0,0,0,0,0,0,0,0,0,0,0,0,0,0,0,2095,1126,0,0.0,0.0,0.0,0.0,0.0,0.0,0.0,0.0,0,0,0,0
117,Diego,Coppola,Coppola,a,,,4.5,520,133,0.0,568,194,0.0,506,192,0,0,0,0,0,5,5,0.0,0.0,0.0,0.0,0.0,506,192,,,474,187,474,187,431,180,480,185,,,,,,,,0.0,0.0,0.0,0.0,0.0,0.0,0.0,0.0,0.0,4,0,0,0,0,0,0,0,0,0,0,0,0,0,0,0,21,17,0,0.0,0.0,0.0,0.0,0.0,0.0,0.0,0.0,0,0,0,0
118,Igor Julio,dos Santos de Paulo,Igor,u,Has joined Burnley permanently,,4.5,463,102,0.0,497,176,0.0,475,180,0,0,0,0,0,0,37,0.0,0.0,0.0,0.0,0.0,475,180,0.0,0.0,442,174,439,174,389,162,448,172,,,,,,,,0.0,0.0,0.0,0.0,0.0,0.0,0.0,0.0,0.0,4,0,0,0,0,0,0,0,0,0,0,0,0,0,0,0,0,115,0,0.0,0.0,0.0,0.0,0.0,0.0,0.0,0.0,0,0,0,0
119,João Pedro,Loureiro da Costa,Costinha,a,,,4.5,488,121,0.0,525,183,0.5,308,112,0,0,0,0,0,8,9,0.1,0.4,0.5,0.5,0.7,382,133,,,246,102,181,57,127,38,232,88,,,,,,,,0.22,0.3,0.52,0.45,0.0,0.0,0.0,0.0,9.38,4,0,0,0,0,0,0,0,0,0,0,0,0,0,0,0,28,29,0,0.0,0.0,0.0,0.0,0.0,0.0,0.0,0.0,0,0,0,0
120,Michael,Svoboda,Svoboda,a,,,5.0,292,50,0.1,487,173,0.0,579,206,0,0,0,0,0,23,18,0.0,0.0,0.0,0.0,0.0,579,206,,,559,205,563,205,540,203,566,205,,,,,,,,0.0,0.0,0.0,0.0,0.0,0.0,0.0,0.0,0.0,4,0,0,0,0,0,0,0,0,0,0,0,0,0,0,0,76,51,0,0.0,0.0,0.0,0.0,0.0,0.0,0.0,0.0,0,0,0,0
121,Mitoma,Kaoru,Mitoma,i,Hamstring injury - Expected back 10 Oct,,5.9,97,63,0.0,537,219,0.0,639,279,0,0,0,-1,1,5,15,0.0,0.0,0.0,0.0,0.0,639,279,0.0,0.0,634,278,636,278,633,276,636,278,,,,,,,,0.0,0.0,0.0,0.0,0.0,0.0,0.0,0.0,0.0,4,0,0,0,0,0,0,0,0,0,0,0,0,0,0,0,7,24,0,0.0,0.0,0.0,0.0,0.0,0.0,0.0,0.0,0,0,0,0
122,Yankuba,Minteh,Minteh,i,Leg injury - Expected back 28 Nov,,5.9,106,67,0.0,522,211,0.0,643,282,0,0,0,-1,1,2,21,0.0,0.0,0.0,0.0,0.0,643,282,0.0,0.0,638,281,640,281,638,280,640,281,5.0,,,,,,,0.0,0.0,0.0,0.0,0.0,0.0,0.0,0.0,0.0,4,0,0,0,0,0,0,0,0,0,0,0,0,0,0,0,2,57,0,0.0,0.0,0.0,0.0,0.0,0.0,0.0,0.0,0,0,0,0
123,Jack,Hinshelwood,Hinshelwood,i,Ankle injury - Expected back 10 Oct,,6.0,76,52,0.9,203,63,4.0,59,27,0,0,0,0,0,5,2185,0.7,2.7,0.0,0.0,16.0,1,1,0.0,0.0,47,17,201,111,44,29,63,41,,,,,,,,2.01,0.03,2.04,0.27,0.0,1.43,0.0,1.43,4.29,4,0,0,0,0,0,0,0,0,0,0,0,0,0,0,0,23,5968,0,0.0,0.0,0.0,0.0,0.0,0.0,0.0,0.0,0,0,0,0
124,Pascal,Groß,Groß,a,,,5.6,119,78,16.2,25,9,4.0,56,25,0,0,0,1,-1,1820,6488,0.7,2.9,4.0,4.0,5.3,46,23,,,59,19,9,9,61,36,21,17,1.0,1.0,1.0,,,,,0.28,0.14,0.42,1.9,0.0,0.33,1.67,1.0,5.0,4,0,0,0,0,0,0,0,0,0,0,0,0,0,0,0,24654,31619,0,0.0,0.0,0.0,0.0,0.0,0.0,0.0,0.0,0,0,0,0
125,Georginio,Rutter,Georginio,d,Unspecified injury - 75% chance of playing,,5.4,214,48,0.6,245,41,1.2,229,23,0,0,0,-1,1,48,521,0.2,0.9,0.9,0.9,5.0,51,6,75.0,75.0,222,18,215,26,156,28,237,28,,,,,,,,0.08,0.44,0.52,0.29,0.0,1.0,0.0,1.0,7.0,4,0,0,0,0,0,0,0,0,0,0,0,0,0,0,0,175,1807,0,0.0,0.0,0.0,0.0,0.0,0.0,0.0,0.0,0,0,0,0
126,Matt,O'Riley,O'Riley,a,,,5.5,139,83,0.1,422,162,0.0,628,271,0,0,0,0,0,21,42,0.0,0.0,0.0,0.0,0.0,628,271,,,617,266,623,268,613,261,623,268,,,3.0,,,,,0.0,0.0,0.0,0.0,0.0,0.0,0.0,0.0,0.0,4,0,0,0,0,0,0,0,0,0,0,0,0,0,0,0,65,118,0,0.0,0.0,0.0,0.0,0.0,0.0,0.0,0.0,0,0,0,0
127,Diego,Gómez Amarilla,Gomez,a,,,5.0,325,192,4.9,73,23,3.2,81,35,0,0,0,0,0,657,2638,0.6,2.6,3.2,3.2,4.3,66,30,,,107,39,33,28,5,2,18,14,,5.0,,,,,,0.22,0.24,0.46,1.94,0.0,0.34,1.7,1.02,6.79,4,0,0,0,0,0,0,0,0,0,0,0,0,0,0,0,11498,12338,0,0.0,0.0,0.0,0.0,0.0,0.0,0.0,0.0,0,0,0,0
128,Facundo,Buonanotte,Buonanotte,u,Has joined Elche on loan for the rest of the season,,5.0,335,200,0.0,645,283,0.0,599,253,0,0,0,0,0,0,2,0.0,0.0,0.0,0.0,0.0,599,253,0.0,0.0,580,243,587,249,566,233,587,246,,,,,,,,0.0,0.0,0.0,0.0,0.0,0.0,0.0,0.0,0.0,4,0,0,0,0,0,0,0,0,0,0,0,0,0,0,0,0,4,0,0.0,0.0,0.0,0.0,0.0,0.0,0.0,0.0,0,0,0,0
129,Yasin,Ayari,Ayari,a,,,5.4,226,143,0.4,280,93,1.0,253,111,0,0,0,-1,1,45,228,0.2,0.7,1.0,1.0,2.0,213,90,100.0,100.0,261,108,127,77,114,58,209,96,4.0,2.0,,,,,,0.16,0.04,0.2,1.58,0.0,0.59,0.59,1.18,4.12,4,0,0,0,0,0,0,0,0,0,0,0,0,0,0,0,205,687,0,0.0,0.0,0.0,0.0,0.0,0.0,0.0,0.0,0,0,0,0
130,Mats,Wieffer,Wieffer,i,Knee injury - Unknown return date,,5.0,298,52,0.3,311,116,1.8,192,75,0,0,0,0,0,4,391,0.4,1.4,0.0,0.0,3.5,99,40,0.0,0.0,157,72,108,31,193,66,156,61,,,,,,,,0.07,0.08,0.15,1.83,0.0,0.58,2.31,1.15,8.65,4,0,0,0,0,0,0,0,0,0,0,0,0,0,0,0,6,1181,0,0.0,0.0,0.0,0.0,0.0,0.0,0.0,0.0,0,0,0,0
132,Harry,Howell,Howell,u,Has joined Leicester City on loan for the rest of the season,,4.5,541,281,0.0,527,214,0.0,522,206,0,0,0,0,0,0,23,0.0,0.0,0.0,0.0,0.0,522,206,0.0,0.0,491,188,490,196,448,165,497,192,,,,,,,,0.0,0.0,0.0,0.0,0.0,0.0,0.0,0.0,0.0,4,0,0,0,0,0,0,0,0,0,0,0,0,0,0,0,0,45,0,0.0,0.0,0.0,0.0,0.0,0.0,0.0,0.0,0,0,0,0
133,Tom,Watson,Watson,u,Has joined Leicester City on loan for the rest of the season,,5.0,339,204,0.0,652,289,0.0,601,255,0,0,0,0,0,0,0,0.0,0.0,0.0,0.0,0.0,601,255,0.0,0.0,582,245,589,251,569,236,589,248,,,,,,,,0.0,0.0,0.0,0.0,0.0,0.0,0.0,0.0,0.0,4,0,0,0,0,0,0,0,0,0,0,0,0,0,0,0,0,0,0,0.0,0.0,0.0,0.0,0.0,0.0,0.0,0.0,0,0,0,0
134,Nehemiah,Oriola,Oriola,a,,,4.5,524,274,0.3,308,108,0.0,509,200,0,0,0,0,0,30,105,0.0,0.0,0.0,0.0,0.0,509,200,,,477,182,477,190,434,159,483,186,,,,,,,,0.0,0.0,0.0,0.0,0.0,0.0,0.0,0.0,0.0,4,0,0,0,0,0,0,0,0,0,0,0,0,0,0,0,119,306,0,0.0,0.0,0.0,0.0,0.0,0.0,0.0,0.0,0,0,0,0
135,Zadok,Yohanna,Yohanna,i,Unspecified injury - Expected back 10 Oct,,4.9,421,257,0.0,499,199,0.2,373,169,0,0,0,-1,1,1,76,0.0,0.2,0.0,0.0,1.0,317,138,0.0,0.0,359,168,298,149,506,203,357,166,,,,,,,,0.0,0.22,0.22,0.0,0.0,0.0,0.0,0.0,0.0,4,0,0,0,0,0,0,0,0,0,0,0,0,0,0,0,3,214,0,0.0,0.0,0.0,0.0,0.0,0.0,0.0,0.0,0,0,0,0
137,Stefanos,Tzimas,Tzimas,i,Knee injury - Unknown return date,,5.5,181,41,0.0,619,77,0.0,635,74,0,0,0,0,0,0,5,0.0,0.0,0.0,0.0,0.0,635,74,0.0,0.0,626,68,631,73,624,71,630,72,,,,,,,,0.0,0.0,0.0,0.0,0.0,0.0,0.0,0.0,0.0,4,0,0,0,0,0,0,0,0,0,0,0,0,0,0,0,3,13,0,0.0,0.0,0.0,0.0,0.0,0.0,0.0,0.0,0,0,0,0
138,Charalampos,Kostoulas,Kostoulas,a,,,5.5,183,42,0.5,246,42,2.0,171,17,0,0,0,0,0,152,336,0.4,1.5,2.0,2.0,2.7,157,21,,,244,22,166,19,57,13,153,17,,,,,,,,0.36,0.02,0.38,2.53,0.0,0.0,2.31,0.92,7.38,4,0,0,0,0,0,0,0,0,0,0,0,0,0,0,0,1534,1157,0,0.0,0.0,0.0,0.0,0.0,0.0,0.0,0.0,0,0,0,0
139,Evan,Ferguson,Ferguson,i,Ankle injury - Expected back 10 Oct,,5.0,307,57,0.0,541,73,0.0,585,64,0,0,0,0,0,10,25,0.0,0.0,0.0,0.0,0.0,585,64,0.0,0.0,565,56,571,61,549,58,572,60,,,,,,,,0.0,0.0,0.0,0.0,0.0,0.0,0.0,0.0,0.0,4,0,0,0,0,0,0,0,0,0,0,0,0,0,0,0,22,51,0,0.0,0.0,0.0,0.0,0.0,0.0,0.0,0.0,0,0,0,0
328,Pascal,Struijk,Struijk,a,,,5.0,275,45,0.2,343,129,0.2,376,138,0,0,0,0,0,30,70,0.0,0.2,0.2,0.2,1.0,322,125,100.0,100.0,360,132,351,130,528,200,559,203,,,,,,,,0.0,0.0,0.0,0.0,0.0,0.0,0.0,0.0,0.0,4,0,0,0,0,0,0,0,0,0,0,0,0,0,0,0,141,240,0,0.0,0.0,0.0,0.0,0.0,0.0,0.0,0.0,0,0,0,0
504,Luka,Vušković,Vuskovic,a,,,5.0,349,62,3.2,98,36,4.5,41,16,0,0,0,0,0,1171,807,0.9,3.6,4.5,4.5,6.0,33,13,,,26,7,191,62,45,4,51,9,,,,,,,,0.12,0.02,0.14,1.9,0.0,0.33,1.67,1.0,7.33,4,0,0,0,0,0,0,0,0,0,0,0,0,0,0,0,12393,5411,0,0.0,0.0,0.0,0.0,0.0,0.0,0.0,0.0,0,0,0,0
594,Promise,David,David,a,,,6.0,77,17,0.2,325,52,0.2,393,47,0,0,0,0,0,45,136,0.0,0.2,0.2,0.2,0.5,395,48,,,642,73,251,31,251,39,346,41,,,2.0,,,,,1.64,0.0,1.64,0.55,0.0,0.0,0.0,0.0,0.0,4,0,0,0,0,0,0,0,0,0,0,0,0,0,0,0,178,438,0,0.0,0.0,0.0,0.0,0.0,0.0,0.0,0.0,0,0,0,0
600,Ibrahim,Osman,Osman,a,,,5.0,350,211,0.0,577,238,0.5,324,145,0,0,0,0,0,5,9,0.1,0.4,0.5,0.5,1.0,331,147,,,285,122,183,104,228,113,264,115,,,,,,,,0.0,0.19,0.19,0.32,0.0,0.0,3.21,0.0,9.64,4,0,0,0,0,0,0,0,0,0,0,0,0,0,0,0,20,32,0,0.0,0.0,0.0,0.0,0.0,0.0,0.0,0.0,0,0,0,0
605,Malick,Yalcouyé,Yalcouyé,a,,,4.5,544,282,3.2,96,31,2.8,109,47,0,0,0,0,0,2056,1552,0.6,2.4,2.8,2.8,3.7,89,37,,,78,25,67,51,40,25,40,29,,,,,,,,0.4,0.14,0.54,2.87,0.0,0.0,2.16,1.08,6.47,4,0,0,0,0,0,0,0,0,0,0,0,0,0,0,0,16461,6714,0,0.0,0.0,0.0,0.0,0.0,0.0,0.0,0.0,0,0,0,0
614,Jaouen,Hadjam,Hadjam,a,,,4.5,510,129,0.0,509,178,0.0,497,189,0,0,0,0,0,24,21,0.0,0.0,0.0,0.0,0.0,497,189,,,465,184,465,184,422,177,471,182,,,,,,,,0.0,0.0,0.0,0.0,0.0,0.0,0.0,0.0,0.0,4,0,0,0,0,0,0,0,0,0,0,0,0,0,0,0,49,41,0,0.0,0.0,0.0,0.0,0.0,0.0,0.0,0.0,0,0,0,0
624,Amario,Cozier-Duberry,Cozier-Duberry,u,Has joined Middlesbrough on loan for the rest of the season,,5.0,329,196,0.0,655,292,0.0,596,250,0,0,0,0,0,0,1,0.0,0.0,0.0,0.0,0.0,596,250,0.0,0.0,577,240,584,246,563,230,584,243,,,,,,,,0.0,0.0,0.0,0.0,0.0,0.0,0.0,0.0,0.0,4,0,0,0,0,0,0,0,0,0,0,0,0,0,0,0,0,2,0,0.0,0.0,0.0,0.0,0.0,0.0,0.0,0.0,0,0,0,0
639,José María,Andrés Baixauli,Andrés,a,,,5.5,180,112,0.0,615,262,0.0,634,277,0,0,0,0,0,9,6,0.0,0.0,0.0,0.0,0.0,634,277,,,625,274,630,275,623,271,629,274,,,,,,,,0.0,0.0,0.0,0.0,0.0,0.0,0.0,0.0,0.0,4,0,0,0,0,0,0,0,0,0,0,0,0,0,0,0,34,18,0,0.0,0.0,0.0,0.0,0.0,0.0,0.0,0.0,0,0,0,0
652,Femi,Azeez,Azeez,d,Hamstring injury - 75% chance of playing,,5.5,157,94,0.0,639,279,0.0,631,274,0,0,0,0,0,4,0,0.0,0.0,0.0,0.0,0.0,631,274,75.0,75.0,620,269,626,271,618,266,626,271,,,,,,,,0.0,0.0,0.0,0.0,0.0,0.0,0.0,0.0,0.0,4,0,0,0,0,0,0,0,0,0,0,0,0,0,0,0,15,3,0,0.0,0.0,0.0,0.0,0.0,0.0,0.0,0.0,0,0,0,0
28,Emiliano,Martínez Romero,Martinez,a,,,5.0,242,6,5.2,72,11,1.8,190,17,2,0,0,0,0,1508,2627,0.4,1.4,1.8,1.8,2.3,179,15,,,14,2,169,1,509,57,88,1,,,,,,,,0.0,0.0,0.0,1.65,5.0,0.0,2.33,1.0,0.0,4,2,90,0,0,0,2,0,0,0,0,0,3,1,0,11,10313,5768,0,0.0,0.0,0.0,1.4900000000000002,0.0,0.0,0.0,0.0,0,0,9,0
40,Morgan,Rogers,Rogers,a,,,7.6,16,10,34.7,7,3,6.8,8,6,8,0,0,1,-1,52316,1024,0.9,3.6,6.8,6.8,6.8,20,12,,,9,6,5,5,33,19,7,5,3.0,,,,,,,0.36,0.3,0.66,1.61,0.0,0.0,2.33,1.04,5.97,4,8,90,1,0,0,2,0,0,0,0,0,0,1,1,30,187766,11232,0,0.20999999999999996,0.020000000000000018,0.22999999999999998,1.4900000000000002,0.0,0.0,0.0,0.0,2,0,4,6
101,Jordan,Henderson,Henderson,i,Wrist injury - Unknown return date,,4.9,360,216,0.0,545,223,0.0,536,215,0,0,0,-1,1,2,32,0.0,0.0,0.0,0.0,0.0,536,215,0.0,0.0,507,197,507,205,466,174,513,201,,,,,,,,0.0,0.0,0.0,0.0,0.0,0.0,0.0,0.0,0.0,4,0,0,0,0,0,0,0,0,0,0,0,0,0,0,0,5,67,0,0.0,0.0,0.0,0.0,0.0,0.0,0.0,0.0,0,0,0,0
136,Danny,Welbeck,Welbeck,a,,,5.9,83,21,0.8,212,34,0.5,336,40,1,0,0,-1,1,264,636,0.1,0.3,0.5,0.5,1.0,360,42,100.0,100.0,630,70,344,43,287,41,360,42,,,,,,,,0.0,0.36,0.36,2.7,0.0,0.0,0.0,0.0,6.0,4,1,12,0,0,0,0,0,0,0,0,0,0,0,0,4,801,1299,0,0.0,0.06,0.06,0.45,0.0,0.0,0.0,0.0,0,1,0,1
140,Robert,Lynch Sánchez,Sánchez,u,Has joined Como on loan for the rest of the season,,4.9,376,19,0.9,200,31,0.5,312,22,0,0,0,-1,1,0,1010,0.1,0.4,0.0,0.0,2.0,203,17,0.0,0.0,214,22,517,54,478,53,288,22,,,,,,,,0.0,0.01,0.01,1.33,4.0,0.0,2.0,1.0,0.0,4,0,0,0,0,0,0,0,0,0,0,0,0,0,0,0,0,3886,0,0.0,0.0,0.0,0.0,0.0,0.0,0.0,0.0,0,0,0,0
141,Filip,Jörgensen,Jörgensen,u,Has joined RC Strasbourg on loan for the rest of the season,,5.0,323,16,0.0,607,70,0.0,595,71,0,0,0,0,0,0,2,0.0,0.0,0.0,0.0,0.0,595,71,0.0,0.0,576,71,583,67,561,67,583,71,,,,,,,,0.0,0.0,0.0,0.0,0.0,0.0,0.0,0.0,0.0,4,0,0,0,0,0,0,0,0,0,0,0,0,0,0,0,0,4,0,0.0,0.0,0.0,0.0,0.0,0.0,0.0,0.0,0,0,0,0
142,Reece,James,James,a,,,5.4,199,26,7.7,55,22,0.8,283,102,1,0,0,-1,1,1274,6150,0.1,0.6,0.8,0.8,0.8,380,131,,,162,75,118,34,87,19,124,47,1.0,1.0,,,,,,0.1,0.08,0.18,1.54,0.0,0.0,2.16,0.92,4.01,4,1,90,0,0,0,2,0,0,0,0,0,0,1,0,11,8093,12316,0,0.13999999999999999,0.14,0.27999999999999997,1.4899999999999998,0.0,0.0,0.0,0.0,2,2,4,4
143,Trevoh,Chalobah,Chalobah,u,Has joined Como permanently,,5.5,130,14,0.1,452,160,0.0,625,213,0,0,0,0,0,0,41,0.0,0.0,0.0,0.0,0.0,625,213,0.0,0.0,614,213,619,213,609,212,620,213,,,,,,,,0.0,0.0,0.0,0.0,0.0,0.0,0.0,0.0,0.0,4,0,0,0,0,0,0,0,0,0,0,0,0,0,0,0,0,84,0,0.0,0.0,0.0,0.0,0.0,0.0,0.0,0.0,0,0,0,0
144,Malo,Gusto,Gusto,a,,,5.0,303,53,1.1,179,69,1.0,249,95,1,0,0,0,0,269,705,0.2,0.8,1.0,1.0,1.0,324,126,,,227,95,196,65,214,73,246,94,,,,,,,,0.03,0.04,0.07,1.22,0.0,0.0,2.32,0.99,4.96,4,1,77,0,0,0,2,0,0,0,0,0,0,1,0,7,735,1523,0,0.04,0.08,0.12,1.04,0.0,0.0,0.0,0.0,0,5,4,5
145,Wesley,Fofana,Fofana,a,,,5.0,288,49,0.2,357,135,1.0,248,94,1,0,0,0,0,198,107,0.2,0.8,1.0,1.0,1.3,264,95,100.0,100.0,80,40,148,48,537,202,155,60,,,,,,,,0.0,0.03,0.03,1.63,0.0,0.0,2.23,1.12,11.9,4,1,85,0,0,0,2,0,0,0,0,0,0,1,0,10,1456,255,0,0.0,0.03,0.03,1.0699999999999998,0.0,0.0,0.0,0.0,2,4,4,6
146,Benoît,Badiashile Mukinayi,B.Badiashile,u,Has joined Napoli on loan for the rest of the season,,4.5,473,109,0.0,598,203,0.0,479,182,0,0,0,0,0,0,6,0.0,0.0,0.0,0.0,0.0,479,182,0.0,0.0,446,176,444,176,394,164,452,174,,,,,,,,0.0,0.0,0.0,0.0,0.0,0.0,0.0,0.0,0.0,4,0,0,0,0,0,0,0,0,0,0,0,0,0,0,0,0,18,0,0.0,0.0,0.0,0.0,0.0,0.0,0.0,0.0,0,0,0,0
148,Jorrel,Hato,Hato,a,,,4.5,521,134,1.0,183,71,2.0,157,60,0,0,0,0,0,538,1231,0.4,1.8,2.0,2.0,2.0,200,80,,,46,19,75,17,167,58,77,19,,,,,,,,0.0,0.08,0.08,1.7,0.0,0.0,3.14,1.4,6.28,4,0,45,0,0,0,2,0,0,0,0,0,0,1,0,-5,6574,2391,0,0.0,0.11,0.11000000000000001,0.5,0.0,0.0,0.0,0.0,1,2,2,3
149,Levi,Samuels Colwill,Colwill,a,,,4.9,394,73,1.1,180,70,0.5,313,116,1,0,0,-1,1,148,1180,0.1,0.4,0.5,0.5,0.7,383,134,,,223,94,281,100,210,72,267,101,,,,,,,,0.0,0.01,0.01,1.48,0.0,0.0,2.15,1.08,6.81,4,1,90,0,0,0,2,0,0,0,0,0,0,1,0,8,735,2789,0,0.0,0.010000000000000002,0.010000000000000002,1.4899999999999998,0.0,0.0,0.0,0.0,0,6,6,6
150,Mamadou,Sarr,M.Sarr,u,Has joined Real Sociedad on loan for the rest of the season,,4.5,530,136,0.0,533,185,0.0,514,194,0,0,0,0,0,0,20,0.0,0.0,0.0,0.0,0.0,514,194,0.0,0.0,483,189,482,189,440,182,489,187,,,,,,,,0.0,0.0,0.0,0.0,0.0,0.0,0.0,0.0,0.0,4,0,0,0,0,0,0,0,0,0,0,0,0,0,0,0,0,78,0,0.0,0.0,0.0,0.0,0.0,0.0,0.0,0.0,0,0,0,0
151,Josh,Acheampong,Acheampong,a,,,4.5,533,138,0.4,275,101,1.2,222,84,0,0,0,0,0,82,332,0.3,1.1,1.2,1.2,1.7,240,91,,,143,65,245,84,224,78,224,86,,,,,,,,0.0,0.01,0.01,1.57,0.0,0.0,2.23,0.89,8.47,4,0,0,0,0,0,0,0,0,0,0,0,0,0,0,0,658,627,0,0.0,0.0,0.0,0.0,0.0,0.0,0.0,0.0,0,0,0,0
152,Marco,Palestra,Palestra,i,Thigh injury - Expected back 18 Sep,,5.4,234,32,0.8,206,79,0.0,623,212,0,0,0,-1,1,5,1508,0.0,0.0,0.0,0.0,0.0,623,212,0.0,0.0,612,212,615,212,604,211,618,212,,,,,,,,0.0,0.0,0.0,0.0,0.0,0.0,0.0,0.0,0.0,4,0,0,0,0,0,0,0,0,0,0,0,0,0,0,0,12,6672,0,0.0,0.0,0.0,0.0,0.0,0.0,0.0,0.0,0,0,0,0
154,Cole,Palmer,Palmer,a,,,9.7,3,2,26.9,9,5,6.5,12,9,5,0,0,2,-2,6733,7312,0.7,2.7,6.5,6.5,6.5,26,14,100.0,100.0,6,5,24,21,6,3,3,3,,2.0,1.0,,,,,0.3,0.16,0.46,1.58,0.0,0.0,2.3,1.02,5.88,4,5,90,0,1,0,2,0,0,0,0,0,0,1,0,26,120718,12093,0,0.1399999999999999,0.25,0.3900000000000001,1.4900000000000002,0.0,0.0,0.0,0.0,0,0,3,3
156,Pedro,Lomba Neto,Neto,a,,,6.5,37,25,1.4,150,45,3.0,107,45,2,0,0,0,0,545,1025,0.5,1.8,3.0,3.0,3.0,145,57,,,93,34,54,44,50,32,45,32,2.0,3.0,,,,,,0.18,0.19,0.37,1.68,0.0,0.0,2.2,1.1,7.68,4,2,85,0,0,0,2,0,0,0,0,0,0,1,0,16,4172,2149,0,0.020000000000000018,0.10000000000000003,0.12,1.0699999999999998,0.0,0.0,0.0,0.0,1,3,2,6
157,Estêvão,Almeida de Oliveira Gonçalves,Estêvão,a,,,6.4,49,33,0.7,216,67,0.8,296,136,1,0,0,-1,1,92,767,0.1,0.5,0.8,0.8,1.0,374,176,,,325,147,315,156,140,72,284,126,4.0,,2.0,,,,,0.4,0.32,0.72,2.3,0.0,0.0,0.0,0.0,9.0,4,1,4,0,0,0,0,0,0,0,0,0,0,0,0,6,269,1577,0,0.049999999999999996,0.07,0.12,0.42000000000000004,0.0,0.0,0.0,0.0,1,0,0,1
158,Jamie,Bynoe-Gittens,Gittens,a,,,5.9,99,64,0.0,548,226,0.0,641,280,0,0,0,-1,1,8,23,0.0,0.0,0.0,0.0,0.0,641,280,,,636,279,638,279,635,277,638,279,,,,,,,,0.0,0.0,0.0,0.0,0.0,0.0,0.0,0.0,0.0,4,0,0,0,0,0,0,0,0,0,0,0,0,0,0,0,18,49,0,0.0,0.0,0.0,0.0,0.0,0.0,0.0,0.0,0,0,0,0
159,Moisés,Caicedo Corozo,Caicedo,i,Calf injury - Expected back 18 Sep,,5.4,221,139,1.4,153,46,0.2,384,177,0,0,0,-1,1,20,2545,0.0,0.2,0.0,0.0,1.0,346,156,0.0,0.0,605,258,353,176,596,253,611,260,,,,,,,,0.0,0.0,0.0,0.48,0.0,0.0,0.0,0.0,0.0,4,0,0,0,0,0,0,0,0,0,0,0,0,0,0,0,35,6550,0,0.0,0.0,0.0,0.0,0.0,0.0,0.0,0.0,0,0,0,0
161,Roméo,Lavia,Lavia,a,,,5.0,326,193,0.2,323,115,2.8,113,50,2,0,0,0,0,139,260,0.6,2.2,2.8,2.8,2.8,149,60,,,84,27,147,87,35,20,59,39,,,,,,,,0.26,0.03,0.29,1.83,0.0,0.0,2.78,1.39,11.12,4,2,69,0,0,0,2,0,0,0,0,0,0,1,0,15,573,504,0,0.0,0.060000000000000005,0.05999999999999994,1.04,0.0,0.0,0.0,0.0,1,3,6,10
163,Dário,Luís Essugo,D.Essugo,u,Has joined RC Strasbourg on loan for the rest of the season,,4.5,502,268,0.1,402,149,0.0,489,194,0,0,0,0,0,0,129,0.0,0.0,0.0,0.0,0.0,489,194,0.0,0.0,457,176,457,184,414,153,463,180,,,,,,,,0.0,0.0,0.0,0.0,0.0,0.0,0.0,0.0,0.0,4,0,0,0,0,0,0,0,0,0,0,0,0,0,0,0,0,341,0,0.0,0.0,0.0,0.0,0.0,0.0,0.0,0.0,0,0,0,0
164,Geovany,Quenda,Quenda,a,,,5.4,233,148,0.0,530,215,0.2,387,180,0,0,0,-1,1,8,43,0.0,0.2,0.2,0.2,1.0,350,160,100.0,100.0,350,162,342,169,283,136,343,158,,,,,,,,0.0,0.0,0.0,1.01,0.0,0.0,0.0,0.0,11.25,4,0,0,0,0,0,0,0,0,0,0,0,0,0,0,0,14,91,0,0.0,0.0,0.0,0.0,0.0,0.0,0.0,0.0,0,0,0,0
165,João Pedro,Junqueira de Jesus,João Pedro,a,,,7.7,15,5,73.8,1,1,8.2,1,1,12,0,0,2,-2,18225,1360,1.1,4.3,8.2,8.2,8.2,4,1,,,10,3,30,1,15,7,12,3,,,,,,,,0.54,0.05,0.59,1.57,0.0,0.0,2.25,1.0,2.25,4,12,90,1,1,0,2,0,0,0,0,0,0,1,3,44,53341,6067,0,0.29000000000000004,0.05000000000000002,0.3400000000000003,1.4900000000000002,0.0,0.0,0.0,0.0,0,2,0,2
168,Marc,Guiu Paz,Marc Guiu,u,Has joined RB Leipzig permanently,,5.0,318,58,0.2,318,51,0.0,592,65,0,0,0,0,0,0,255,0.0,0.0,0.0,0.0,0.0,592,65,0.0,0.0,573,57,580,62,558,59,580,61,,,,,,,,0.0,0.0,0.0,0.0,0.0,0.0,0.0,0.0,0.0,4,0,0,0,0,0,0,0,0,0,0,0,0,0,0,0,0,721,0,0.0,0.0,0.0,0.0,0.0,0.0,0.0,0.0,0,0,0,0
169,Shumaira,Mheuka,Mheuka,a,,,4.5,527,73,0.4,267,47,0.0,511,55,0,0,0,0,0,177,234,0.0,0.0,0.0,0.0,0.0,511,55,,,480,47,479,52,437,49,486,51,,,,,,,,0.0,0.0,0.0,0.0,0.0,0.0,0.0,0.0,0.0,4,0,0,0,0,0,0,0,0,0,0,0,0,0,0,0,446,560,0,0.0,0.0,0.0,0.0,0.0,0.0,0.0,0.0,0,0,0,0
170,Emmanuel,Emegha,Emegha,i,Hamstring injury - Expected back 18 Sep,,5.0,322,59,0.1,373,56,0.0,594,66,0,0,0,0,0,5,247,0.0,0.0,0.0,0.0,0.0,594,66,0.0,0.0,575,58,582,63,560,60,582,62,,,,,,,,0.0,0.0,0.0,0.0,0.0,0.0,0.0,0.0,0.0,4,0,0,0,0,0,0,0,0,0,0,0,0,0,0,0,10,458,0,0.0,0.0,0.0,0.0,0.0,0.0,0.0,0.0,0,0,0,0
200,Maxence,Lacroix,Lacroix,a,,,6.0,71,7,8.0,53,21,2.5,134,49,1,0,0,0,0,587,7396,0.4,1.7,2.5,2.5,2.5,171,65,,,34,11,210,73,195,67,121,46,,,,,,,,0.01,0.07,0.08,1.71,0.0,0.0,2.3,0.99,11.17,4,1,4,0,0,0,0,0,0,0,0,0,0,0,0,2,6422,12499,0,0.0,0.0,0.0,0.41999999999999993,0.0,0.0,0.0,0.0,0,2,0,2
560,Mike,Penders,Penders,a,,,4.4,575,48,0.1,477,54,0.0,460,48,0,0,0,-1,1,23,23,0.0,0.0,0.0,0.0,0.0,460,48,,,425,47,420,28,367,25,431,47,,,,,,,,0.0,0.0,0.0,0.0,0.0,0.0,0.0,0.0,0.0,4,0,0,0,0,0,0,0,0,0,0,0,0,0,0,0,60,73,0,0.0,0.0,0.0,0.0,0.0,0.0,0.0,0.0,0,0,0,0
561,Aaron,Anselmino,Anselmino,a,,,4.5,550,143,0.0,567,193,0.0,526,196,0,0,0,0,0,13,14,0.0,0.0,0.0,0.0,0.0,526,196,100.0,100.0,497,193,496,193,455,187,503,191,,,,,,,,0.0,0.0,0.0,0.0,0.0,0.0,0.0,0.0,0.0,4,0,0,0,0,0,0,0,0,0,0,0,0,0,0,0,27,23,0,0.0,0.0,0.0,0.0,0.0,0.0,0.0,0.0,0,0,0,0
568,Valentín,Barco,Barco,a,,,5.5,170,105,0.1,382,139,0.2,388,181,0,0,0,0,0,39,69,0.0,0.2,0.2,0.2,0.5,394,186,,,622,271,628,273,246,117,359,168,,,,,,,,0.13,0.29,0.42,1.67,0.0,0.0,3.21,0.0,9.64,4,0,20,0,0,0,0,0,0,0,1,0,0,0,0,7,102,156,0,0.0,0.09,0.09,0.45,0.0,0.0,0.0,0.0,0,1,1,2
583,Pep,Chavarría,Chavarria,a,,,4.9,400,75,0.2,363,139,1.0,244,92,1,0,0,-1,1,22,87,0.2,0.8,1.0,1.0,1.0,308,121,,,262,109,268,94,225,79,294,109,,,,,,,,0.0,0.02,0.02,1.14,0.0,0.0,0.76,0.0,4.58,4,1,45,0,0,0,0,0,0,0,0,0,0,0,0,4,84,287,0,0.0,0.009999999999999998,0.009999999999999998,0.99,0.0,0.0,0.0,0.0,0,0,1,0
91,Ethan,Pinnock,Pinnock,a,,,4.5,468,106,0.1,469,167,1.0,240,89,0,0,0,0,0,15,26,0.2,0.9,1.0,1.0,2.0,198,78,,,212,91,318,120,222,76,266,100,,,,,,,,0.1,0.0,0.1,2.35,0.0,0.0,1.76,0.88,13.24,4,0,0,0,0,0,0,0,0,0,0,0,0,0,0,0,75,75,0,0.0,0.0,0.0,0.0,0.0,0.0,0.0,0.0,0,0,0,0
104,Frank,Onyeka,Onyeka,a,,,4.9,386,232,0.1,407,152,1.0,243,106,0,0,0,-1,1,19,53,0.2,0.8,1.0,1.0,2.0,204,83,,,316,143,280,143,484,186,337,154,,,,,,,,0.0,0.01,0.01,1.81,0.0,0.0,2.37,1.18,7.11,4,0,0,0,0,0,0,0,0,0,0,0,0,0,0,0,56,182,0,0.0,0.0,0.0,0.0,0.0,0.0,0.0,0.0,0,0,0,0
110,Carl,Rushworth,Rushworth,a,,,4.5,496,40,0.9,193,30,1.2,221,18,0,0,0,0,0,65,207,0.3,1.1,1.2,1.2,1.7,239,20,,,137,17,455,46,409,43,239,17,,,,,,,,0.0,0.0,0.0,1.57,1.67,0.0,1.67,1.0,0.0,4,0,0,0,0,0,0,0,0,0,0,0,0,0,0,0,685,1674,0,0.0,0.0,0.0,0.0,0.0,0.0,0.0,0.0,0,0,0,0
171,Oliver,Dovin,Dovin,u,Has joined Leyton Orient on loan for the rest of the season,,4.0,625,68,1.2,175,25,0.0,428,43,0,0,0,0,0,0,489,0.0,0.0,0.0,0.0,0.0,428,43,0.0,0.0,393,42,388,23,330,20,399,42,,,,,,,,0.0,0.0,0.0,0.0,0.0,0.0,0.0,0.0,0.0,4,0,0,0,0,0,0,0,0,0,0,0,0,0,0,0,0,1550,0,0.0,0.0,0.0,0.0,0.0,0.0,0.0,0.0,0,0,0,0
172,Ben,Wilson,Wilson,a,,,4.5,436,28,0.4,279,37,0.0,465,52,0,0,0,0,0,9,49,0.0,0.0,0.0,0.0,0.0,465,52,,,430,51,427,34,376,31,436,51,,,,,,,,0.0,0.0,0.0,0.0,0.0,0.0,0.0,0.0,0.0,4,0,0,0,0,0,0,0,0,0,0,0,0,0,0,0,24,213,0,0.0,0.0,0.0,0.0,0.0,0.0,0.0,0.0,0,0,0,0
173,Bobby,Thomas,Thomas,a,,,4.0,621,185,9.2,45,17,3.8,62,26,0,0,0,0,0,2019,1005,1.0,3.8,3.8,3.8,5.0,49,19,,,74,37,117,33,109,32,91,24,,,,,,,,0.08,0.07,0.15,1.46,0.0,0.35,1.4,1.05,10.86,4,0,0,0,0,0,0,0,0,0,0,0,0,0,0,0,18339,7761,0,0.0,0.0,0.0,0.0,0.0,0.0,0.0,0.0,0,0,0,0
174,Liam,Kitching,Kitching,u,Has joined Sheffield United on loan for the rest of the season,,4.0,614,180,0.4,269,98,0.0,421,148,0,0,0,0,0,0,256,0.0,0.0,0.0,0.0,0.0,421,148,0.0,0.0,386,141,381,141,323,123,392,139,,,,,,,,0.0,0.0,0.0,0.0,0.0,0.0,0.0,0.0,0.0,4,0,0,0,0,0,0,0,0,0,0,0,0,0,0,0,0,845,0,0.0,0.0,0.0,0.0,0.0,0.0,0.0,0.0,0,0,0,0
175,Milan,van Ewijk,van Ewijk,a,,,4.0,619,183,10.6,41,15,1.5,200,78,0,0,0,0,0,805,2555,0.4,1.5,1.5,1.5,2.0,195,76,,,138,62,87,22,190,65,137,52,,,,,,,,0.0,0.09,0.09,1.57,0.0,0.0,1.67,1.0,6.67,4,0,0,0,0,0,0,0,0,0,0,0,0,0,0,0,3389,13300,0,0.0,0.0,0.0,0.0,0.0,0.0,0.0,0.0,0,0,0,0
176,Jay,Dasilva,Dasilva,a,,,4.0,599,168,0.7,220,84,1.2,218,81,0,0,0,0,0,37,100,0.3,1.2,1.2,1.2,1.7,237,89,,,114,54,141,46,132,40,133,49,,,,,,,,0.06,0.05,0.11,1.61,0.0,0.0,1.7,1.02,5.45,4,0,0,0,0,0,0,0,0,0,0,0,0,0,0,0,253,475,0,0.0,0.0,0.0,0.0,0.0,0.0,0.0,0.0,0,0,0,0
177,Kaine,Kesler-Hayden,Kesler-Hayden,i,Hamstring injury - Unknown return date,,4.0,623,186,0.0,515,181,0.0,426,150,0,0,0,0,0,5,21,0.0,0.0,0.0,0.0,0.0,426,150,0.0,0.0,391,143,386,143,328,125,397,141,,,,,,,,0.0,0.0,0.0,0.0,0.0,0.0,0.0,0.0,0.0,4,0,0,0,0,0,0,0,0,0,0,0,0,0,0,0,16,85,0,0.0,0.0,0.0,0.0,0.0,0.0,0.0,0.0,0,0,0,0
178,Jake,Bidwell,Bidwell,a,,,4.0,586,162,0.1,447,159,0.0,403,140,0,0,0,0,0,19,27,0.0,0.0,0.0,0.0,0.0,403,140,,,368,133,361,131,301,111,373,130,,,,,,,,0.0,0.0,0.0,0.0,0.0,0.0,0.0,0.0,0.0,4,0,0,0,0,0,0,0,0,0,0,0,0,0,0,0,50,78,0,0.0,0.0,0.0,0.0,0.0,0.0,0.0,0.0,0,0,0,0
179,Joel,Latibeaudiere,Latibeaudiere,a,,,4.0,603,172,0.0,517,182,0.0,414,144,0,0,0,0,0,7,8,0.0,0.0,0.0,0.0,0.0,414,144,,,379,137,374,137,316,119,385,135,,,,,,,,0.0,0.0,0.0,0.0,0.0,0.0,0.0,0.0,0.0,4,0,0,0,0,0,0,0,0,0,0,0,0,0,0,0,26,46,0,0.0,0.0,0.0,0.0,0.0,0.0,0.0,0.0,0,0,0,0
180,Luke,Woolfenden,Woolfenden,i,Knee injury - Unknown return date,,4.0,608,176,0.1,394,146,0.0,417,146,0,0,0,0,0,22,54,0.0,0.0,0.0,0.0,0.0,417,146,0.0,0.0,382,139,377,139,319,121,388,137,,,,,,,,0.0,0.0,0.0,0.0,0.0,0.0,0.0,0.0,0.0,4,0,0,0,0,0,0,0,0,0,0,0,0,0,0,0,49,145,0,0.0,0.0,0.0,0.0,0.0,0.0,0.0,0.0,0,0,0,0
181,Miguel,Brau,Brau,u,Has joined Academico de Viseu on loan for the rest of the season,,4.0,646,206,0.0,554,189,0.0,445,166,0,0,0,0,0,0,12,0.0,0.0,0.0,0.0,0.0,445,166,0.0,0.0,410,159,405,159,349,143,416,157,,,,,,,,0.0,0.0,0.0,0.0,0.0,0.0,0.0,0.0,0.0,4,0,0,0,0,0,0,0,0,0,0,0,0,0,0,0,0,47,0,0.0,0.0,0.0,0.0,0.0,0.0,0.0,0.0,0,0,0,0
182,Aurèle,Amenda,Amenda,a,,,4.0,635,195,0.7,214,83,1.0,237,86,0,0,0,0,0,91,116,0.2,1.0,1.0,1.0,1.3,260,93,,,133,60,244,83,182,62,207,80,,,,,,,,0.01,0.13,0.14,1.57,0.0,0.0,1.67,1.0,5.33,4,0,0,0,0,0,0,0,0,0,0,0,0,0,0,0,412,533,0,0.0,0.0,0.0,0.0,0.0,0.0,0.0,0.0,0,0,0,0
183,Jack,Rudoni,Rudoni,a,,,5.0,302,180,0.1,409,154,1.5,209,92,0,0,0,0,0,18,70,0.3,1.2,1.5,1.5,2.0,210,87,100.0,100.0,197,77,42,36,53,34,64,42,5.0,1.0,,,,,,0.3,0.11,0.41,0.88,0.0,0.59,0.59,1.18,9.47,4,0,0,0,0,0,0,0,0,0,0,0,0,0,0,0,100,202,0,0.0,0.0,0.0,0.0,0.0,0.0,0.0,0.0,0,0,0,0
184,Matt,Grimes,Grimes,a,,,5.0,252,157,0.1,372,134,1.5,206,90,0,0,0,0,0,6,95,0.3,1.2,1.5,1.5,2.0,207,85,,,127,47,136,81,255,123,166,76,1.0,,3.0,,,,,0.02,0.02,0.04,1.57,0.0,0.0,1.67,1.0,8.33,4,0,0,0,0,0,0,0,0,0,0,0,0,0,0,0,46,314,0,0.0,0.0,0.0,0.0,0.0,0.0,0.0,0.0,0,0,0,0
185,Tatsuhiro,Sakamoto,Sakamoto,a,,,4.9,401,240,0.1,461,182,0.2,368,164,0,0,0,-1,1,6,35,0.0,0.2,0.2,0.2,1.0,309,131,,,297,128,234,124,212,106,296,132,,,,,,,,0.06,0.06,0.12,2.0,0.0,0.0,2.9,0.0,11.61,4,0,0,0,0,0,0,0,0,0,0,0,0,0,0,0,16,116,0,0.0,0.0,0.0,0.0,0.0,0.0,0.0,0.0,0,0,0,0
186,Ephron,Mason-Clark,Mason-Clark,a,,,5.4,202,127,0.1,432,167,0.8,285,131,0,0,0,-1,1,6,40,0.1,0.6,0.8,0.8,1.5,256,112,100.0,100.0,315,142,180,102,277,131,291,129,,,,,,,,0.0,0.04,0.04,0.84,0.0,0.0,0.71,1.42,6.38,4,0,0,0,0,0,0,0,0,0,0,0,0,0,0,0,21,116,0,0.0,0.0,0.0,0.0,0.0,0.0,0.0,0.0,0,0,0,0
187,Josh,Eccles,Eccles,i,Unspecified injury - Expected back 12 Oct,,4.9,389,234,0.0,595,249,0.0,550,224,0,0,0,-1,1,0,23,0.0,0.0,0.0,0.0,0.0,550,224,0.0,0.0,525,209,525,217,487,188,532,214,,,,,,,,0.0,0.0,0.0,0.0,0.0,0.0,0.0,0.0,0.0,4,0,0,0,0,0,0,0,0,0,0,0,0,0,0,0,9,59,0,0.0,0.0,0.0,0.0,0.0,0.0,0.0,0.0,0,0,0,0
188,Victor,Torp,Torp,a,,,5.4,200,125,0.1,405,151,0.5,329,147,0,0,0,-1,1,0,58,0.1,0.4,0.5,0.5,1.0,338,152,,,288,124,171,97,591,250,275,119,2.0,2.0,2.0,,,,,0.0,0.23,0.23,1.93,0.0,0.0,1.91,0.0,5.74,4,0,0,0,0,0,0,0,0,0,0,0,0,0,0,0,0,169,0,0.0,0.0,0.0,0.0,0.0,0.0,0.0,0.0,0,0,0,0
189,George,Shepherd,Shepherd,a,,,4.5,558,290,0.2,317,113,0.0,534,213,0,0,0,0,0,22,102,0.0,0.0,0.0,0.0,0.0,534,213,,,505,195,504,203,463,172,511,199,,,,,,,,0.0,0.0,0.0,0.0,0.0,0.0,0.0,0.0,0.0,4,0,0,0,0,0,0,0,0,0,0,0,0,0,0,0,85,317,0,0.0,0.0,0.0,0.0,0.0,0.0,0.0,0.0,0,0,0,0
190,Loum,Tchaouna,Tchaouna,a,,,5.4,217,136,0.1,411,156,1.0,252,110,0,0,0,-1,1,0,40,0.2,0.7,1.0,1.0,1.3,265,117,,,235,95,63,47,98,53,132,66,3.0,,,,,,,0.1,0.1,0.2,1.48,0.0,0.0,1.63,1.08,8.13,4,0,0,0,0,0,0,0,0,0,0,0,0,0,0,0,5,172,0,0.0,0.0,0.0,0.0,0.0,0.0,0.0,0.0,0,0,0,0
191,Raphael,Borges Rodrigues,Borges Rodrigues,u,Has joined Burton Albion on loan for the rest of the season,,4.5,504,270,0.1,413,158,0.0,491,196,0,0,0,0,0,0,87,0.0,0.0,0.0,0.0,0.0,491,196,0.0,0.0,459,178,459,186,416,155,465,182,,,,,,,,0.0,0.0,0.0,0.0,0.0,0.0,0.0,0.0,0.0,4,0,0,0,0,0,0,0,0,0,0,0,0,0,0,0,0,266,0,0.0,0.0,0.0,0.0,0.0,0.0,0.0,0.0,0,0,0,0
192,Kai,Andrews,Andrews,u,Has joined Oxford United on loan for the rest of the season,,4.5,552,287,0.3,285,96,0.0,528,210,0,0,0,0,0,0,290,0.0,0.0,0.0,0.0,0.0,528,210,0.0,0.0,499,192,498,200,457,169,505,196,,,,,,,,0.0,0.0,0.0,0.0,0.0,0.0,0.0,0.0,0.0,4,0,0,0,0,0,0,0,0,0,0,0,0,0,0,0,0,898,0,0.0,0.0,0.0,0.0,0.0,0.0,0.0,0.0,0,0,0,0
193,Haji,Wright,Wright,i,Thigh injury - Unknown return date,,5.4,189,45,0.1,441,64,0.0,613,71,0,0,0,-1,1,1,47,0.0,0.0,0.0,0.0,0.0,613,71,0.0,0.0,595,64,602,69,585,66,602,68,,,1.0,,,,,0.0,0.0,0.0,0.0,0.0,0.0,0.0,0.0,0.0,4,0,0,0,0,0,0,0,0,0,0,0,0,0,0,0,3,158,0,0.0,0.0,0.0,0.0,0.0,0.0,0.0,0.0,0,0,0,0
194,Brandon,Thomas-Asante,Thomas-Asante,a,,,5.0,278,54,0.8,210,33,1.0,247,27,0,0,0,0,0,334,401,0.2,0.8,1.0,1.0,1.3,263,31,,,279,27,254,32,244,38,305,35,,,4.0,,,,,0.0,0.02,0.02,2.43,0.0,0.0,3.0,0.75,8.25,4,0,0,0,0,0,0,0,0,0,0,0,0,0,0,0,984,1239,0,0.0,0.0,0.0,0.0,0.0,0.0,0.0,0.0,0,0,0,0
195,Ellis,Simms,Simms,a,,,5.0,269,52,0.8,213,35,0.8,278,32,0,0,0,0,0,150,393,0.2,0.6,0.8,0.8,1.5,251,30,,,283,28,154,15,82,19,194,20,,,,,,,,0.31,0.01,0.32,2.61,0.0,0.0,3.07,1.02,3.07,4,0,0,0,0,0,0,0,0,0,0,0,0,0,0,0,492,1499,0,0.0,0.0,0.0,0.0,0.0,0.0,0.0,0.0,0,0,0,0
196,Jahnoah,Markelo,Markelo,u,Has joined Shabab Al-Ahli Dubai permanently,,5.0,341,61,0.0,613,76,0.0,602,67,0,0,0,0,0,0,10,0.0,0.0,0.0,0.0,0.0,602,67,0.0,0.0,583,59,590,64,570,61,590,63,,,,,,,,0.0,0.0,0.0,0.0,0.0,0.0,0.0,0.0,0.0,4,0,0,0,0,0,0,0,0,0,0,0,0,0,0,0,0,16,0,0.0,0.0,0.0,0.0,0.0,0.0,0.0,0.0,0,0,0,0
197,Norman,Bassette,Bassette,u,Has joined KVC Westerlo on loan for the rest of the season,,4.5,519,70,0.0,549,74,0.0,505,53,0,0,0,0,0,0,17,0.0,0.0,0.0,0.0,0.0,505,53,0.0,0.0,473,44,473,50,430,46,479,48,,,,,,,,0.0,0.0,0.0,0.0,0.0,0.0,0.0,0.0,0.0,4,0,0,0,0,0,0,0,0,0,0,0,0,0,0,0,0,38,0,0.0,0.0,0.0,0.0,0.0,0.0,0.0,0.0,0,0,0,0
492,Taiwo,Awoniyi,Awoniyi,a,,,5.5,138,36,0.6,230,37,1.2,232,24,0,0,0,0,0,93,312,0.2,0.9,1.2,1.2,1.7,246,28,,,248,23,109,10,31,11,95,14,,,5.0,,,,,0.62,0.02,0.64,1.09,0.0,0.0,1.0,1.0,4.5,4,0,0,0,0,0,0,0,0,0,0,0,0,0,0,0,601,1194,0,0.0,0.0,0.0,0.0,0.0,0.0,0.0,0.0,0,0,0,0
575,Caleb,Yirenkyi,Yirenkyi,a,,,4.9,420,256,0.2,351,127,1.2,223,100,0,0,0,-1,1,9,90,0.2,1.0,1.2,1.2,1.7,241,103,,,266,111,172,98,213,107,257,112,,,,,,,,0.02,0.07,0.09,1.44,0.0,0.57,1.71,1.14,9.11,4,0,0,0,0,0,0,0,0,0,0,0,0,0,0,0,53,272,0,0.0,0.0,0.0,0.0,0.0,0.0,0.0,0.0,0,0,0,0
584,Gustavo,Hamer,Hamer,a,,,5.4,192,119,0.1,418,160,0.8,281,128,0,0,0,-1,1,3,28,0.1,0.6,0.8,0.8,1.0,336,150,,,354,165,285,146,588,247,355,165,4.0,,,,,,,0.0,0.06,0.06,2.31,0.0,0.0,2.81,0.0,8.44,4,0,0,0,0,0,0,0,0,0,0,0,0,0,0,0,14,121,0,0.0,0.0,0.0,0.0,0.0,0.0,0.0,0.0,0,0,0,0
599,Sidiki,Cherif,Cherif,a,,,5.0,354,63,0.1,424,62,0.0,607,69,0,0,0,0,0,46,52,0.0,0.0,0.0,0.0,0.0,607,69,,,588,61,595,66,577,63,595,65,,,,,,,,0.0,0.0,0.0,0.0,0.0,0.0,0.0,0.0,0.0,4,0,0,0,0,0,0,0,0,0,0,0,0,0,0,0,118,155,0,0.0,0.0,0.0,0.0,0.0,0.0,0.0,0.0,0,0,0,0
623,Dan,Bentley,Bentley,a,,,4.0,585,54,0.5,257,34,0.0,402,29,0,0,0,0,0,230,47,0.0,0.0,0.0,0.0,0.0,402,29,,,367,28,360,9,300,6,372,28,,,,,,,,0.0,0.0,0.0,0.0,0.0,0.0,0.0,0.0,0.0,4,0,0,0,0,0,0,0,0,0,0,0,0,0,0,0,4053,2132,0,0.0,0.0,0.0,0.0,0.0,0.0,0.0,0.0,0,0,0,0
655,Yann,Gboho,Gboho,a,,,5.5,141,84,0.0,654,291,0.0,629,272,0,0,0,0,0,2,0,0.0,0.0,2.0,2.0,0.0,629,272,,,618,267,624,269,614,262,624,269,,,,,,,,0.0,0.0,0.0,0.0,0.0,0.0,0.0,0.0,0.0,4,0,0,0,0,0,0,0,0,0,0,0,0,0,0,0,9,1,0,0.0,0.0,0.0,0.0,0.0,0.0,0.0,0.0,0,0,0,0
656,Stephen,Mfuni,Mfuni,a,,,4.0,642,202,0.0,513,180,0.0,442,163,0,0,0,0,0,599,52,0.0,0.0,1.0,1.0,0.0,442,163,,,407,156,402,156,345,139,413,154,,,,,,,,0.0,0.0,0.0,0.0,0.0,0.0,0.0,0.0,0.0,4,0,0,0,0,0,0,0,0,0,0,0,0,0,0,0,1436,134,0,0.0,0.0,0.0,0.0,0.0,0.0,0.0,0.0,0,0,0,0
42,Evann,Guessand,Guessand,a,,,5.5,162,98,0.0,503,202,0.5,331,148,0,0,0,0,0,19,42,0.1,0.4,0.5,0.5,1.0,354,162,,,301,132,279,142,219,110,307,137,,,,,,,,0.05,0.05,0.1,0.57,0.0,0.0,1.67,0.0,3.33,4,0,0,0,0,0,0,0,0,0,0,0,0,0,0,0,57,83,0,0.0,0.0,0.0,0.0,0.0,0.0,0.0,0.0,0,0,0,0
153,Axel,Disasi,Disasi,s,Suspended until 25 Oct,,4.5,460,100,0.1,398,148,0.2,358,133,-3,0,0,0,0,58,336,0.0,0.2,0.0,0.2,0.3,396,139,0.0,,180,80,202,67,266,99,231,87,,,,,,,,0.0,0.03,0.03,2.41,0.0,0.0,3.88,1.29,12.95,4,-3,33,0,0,0,3,0,0,0,0,1,0,1,0,-18,955,577,0,0.0,0.0,0.0,0.38000000000000034,0.0,0.0,0.0,0.0,0,6,2,6
198,Dean,Henderson,Henderson,i,Foot injury - Expected back 11 Oct,,5.0,255,8,1.9,128,19,1.2,224,19,0,0,0,0,0,65,4928,0.2,1.0,0.0,1.2,1.7,242,21,0.0,100.0,15,3,548,59,520,59,130,3,,,,,,,,0.0,0.0,0.0,2.16,4.0,0.0,2.67,1.0,0.0,4,0,0,0,0,0,0,0,0,0,0,0,0,0,0,0,3690,6167,0,0.0,0.0,0.0,0.0,0.0,0.0,0.0,0.0,0,0,0,0
199,Walter,Benítez,Benitez,a,,,4.5,437,29,0.1,414,47,0.5,305,21,2,0,0,0,0,68,33,0.1,0.4,0.5,0.5,2.0,196,16,,,431,52,428,35,377,32,437,52,,,,,,,,0.0,0.0,0.0,1.67,3.0,0.0,3.0,1.0,0.0,4,2,90,0,0,0,3,0,0,0,0,0,3,1,0,3,99,78,0,0.0,0.0,0.0,1.67,0.0,0.0,0.0,0.0,0,1,7,0
202,Chris,Richards,Richards,a,,,5.0,284,47,0.7,227,87,1.5,208,80,2,0,0,0,0,120,343,0.3,1.2,1.5,1.5,1.5,252,92,,,31,9,299,111,113,34,106,36,,,,,,,,0.02,0.02,0.04,2.04,0.0,0.0,2.75,1.0,10.75,4,2,90,0,0,0,3,0,0,0,1,0,0,1,0,1,935,882,0,0.0,0.06,0.06000000000000001,1.6700000000000008,0.0,0.0,0.0,0.0,1,11,6,12
203,Jaydee,Canvot,Canvot,a,,,4.9,419,78,0.2,322,119,0.5,317,118,0,0,0,-1,1,18,197,0.1,0.4,0.5,0.5,0.7,384,135,,,67,32,228,77,233,83,165,66,,,,,,,,0.02,0.0,0.02,2.16,0.0,0.0,2.67,1.0,8.0,4,0,0,0,0,0,0,0,0,0,0,0,0,0,0,0,215,480,0,0.0,0.0,0.0,0.0,0.0,0.0,0.0,0.0,0,0,0,0
204,Tyrick,Mitchell,Mitchell,a,,,4.5,477,112,6.6,61,25,4.2,46,18,1,0,0,0,0,2424,1992,0.9,3.8,4.2,4.2,4.2,72,26,,,13,1,70,16,47,5,25,2,,,,,,,,0.21,0.07,0.28,1.92,0.0,0.0,2.74,1.09,4.65,4,1,76,0,0,0,2,0,0,0,0,0,0,1,0,2,29540,6105,0,0.0,0.06,0.06000000000000005,1.13,0.0,0.0,0.0,0.0,0,1,8,1
205,Borna,Sosa,Sosa,u,Has joined FC Cologne on loan for the rest of the season,,4.5,459,99,0.0,574,196,0.0,473,179,0,0,0,0,0,0,23,0.0,0.0,0.0,0.0,0.0,473,179,0.0,0.0,440,173,437,173,387,161,446,171,,,,,,,,0.0,0.0,0.0,0.0,0.0,0.0,0.0,0.0,0.0,4,0,0,0,0,0,0,0,0,0,0,0,0,0,0,0,0,39,0,0.0,0.0,0.0,0.0,0.0,0.0,0.0,0.0,0,0,0,0
206,Chadi,Riad Dnanou,Chadi Riad,i,Knee injury - Unknown return date,,4.4,574,157,0.0,558,191,0.2,354,130,0,0,0,-1,1,1,19,0.0,0.2,0.0,0.0,1.0,285,109,0.0,0.0,252,103,296,109,366,157,308,114,,,,,,,,0.0,0.01,0.01,1.22,0.0,0.0,2.5,1.25,8.75,4,0,0,0,0,0,0,0,0,0,0,0,0,0,0,0,3,69,0,0.0,0.0,0.0,0.0,0.0,0.0,0.0,0.0,0,0,0,0
207,Oscar,Mingueza,Mingueza,a,,,4.4,569,153,0.1,472,168,0.5,302,108,0,0,0,-1,1,8,59,0.1,0.5,0.5,0.5,1.0,283,107,,,326,125,334,126,363,155,348,126,,,,,,,,0.0,0.0,0.0,1.86,0.0,0.0,5.62,0.0,11.25,4,0,0,0,0,0,0,0,0,0,0,0,0,0,0,0,63,127,0,0.0,0.0,0.0,0.0,0.0,0.0,0.0,0.0,0,0,0,0
208,Ismaïla,Sarr,Sarr,i,Groin injury - Unknown return date,,6.3,53,37,0.7,217,68,0.0,647,286,0,0,0,-2,2,3,758,0.0,0.0,0.0,0.0,0.0,647,286,0.0,0.0,647,287,648,287,646,286,647,287,,,2.0,,,,,0.0,0.0,0.0,0.0,0.0,0.0,0.0,0.0,0.0,4,0,0,0,0,0,0,0,0,0,0,0,0,0,0,0,13,3636,0,0.0,0.0,0.0,0.0,0.0,0.0,0.0,0.0,0,0,0,0
210,Adam,Wharton,Wharton,a,,,5.5,165,100,0.8,205,64,2.5,132,58,2,0,0,0,0,160,606,0.5,1.8,2.5,2.5,2.5,170,70,100.0,100.0,123,44,45,38,286,138,110,57,2.0,,,,,,,0.02,0.09,0.11,1.98,0.0,0.0,2.6,1.04,8.84,4,2,76,0,0,0,2,0,0,0,0,0,0,1,0,13,731,1269,0,0.08,0.03999999999999998,0.12,1.13,0.0,0.0,0.0,0.0,1,1,3,5
211,Yéremy,Pino Santos,Yeremy,a,,,5.5,163,99,0.5,258,86,3.0,104,44,1,0,0,0,0,118,699,0.5,2.2,3.0,3.0,3.0,140,56,,,219,89,23,20,122,63,83,51,1.0,1.0,,,,,,0.14,0.16,0.3,2.26,0.0,0.0,2.39,1.19,8.36,4,1,36,0,0,0,1,0,0,0,0,0,0,1,0,4,4921,1692,0,0.0,0.010000000000000009,0.010000000000000009,0.3799999999999999,0.0,0.0,0.0,0.0,0,0,1,1
212,Will,Hughes,Hughes,a,,,4.5,435,259,8.4,49,18,0.5,304,139,1,0,0,0,0,531,4127,0.1,0.4,0.5,0.5,1.0,288,122,,,336,153,337,165,375,146,349,160,4.0,,,,,,,0.0,0.12,0.12,3.48,0.0,0.0,3.1,0.0,21.72,4,1,13,0,0,0,1,0,0,0,0,0,0,0,0,6,2234,13739,0,0.0,0.04,0.04,0.5500000000000002,0.0,0.0,0.0,0.0,1,1,2,4
213,Jefferson,Lerma Solís,Lerma,a,,,4.9,367,218,0.1,445,174,0.2,361,159,1,0,0,-1,1,11,45,0.0,0.2,0.2,0.2,1.0,299,125,,,513,199,513,207,472,176,519,203,,,,,,,,0.0,0.0,0.0,7.05,0.0,0.0,15.0,0.0,15.0,4,1,6,0,0,0,1,0,0,0,0,0,0,0,0,3,47,128,0,0.0,0.0,0.0,0.47,0.0,0.0,0.0,0.0,0,1,0,1
214,Daichi,Kamada,Kamada,a,,,5.0,264,164,0.4,272,90,4.5,39,19,8,0,0,0,0,1073,146,0.9,3.6,4.5,4.5,4.5,62,28,,,87,28,48,40,169,82,81,49,3.0,,,,,,,0.01,0.09,0.1,1.94,0.0,0.0,2.56,1.03,7.18,4,8,83,0,2,0,2,0,0,0,0,0,0,1,0,30,2885,696,0,0.0,0.04999999999999999,0.050000000000000044,1.21,0.0,0.0,0.0,0.0,1,0,0,1
215,Justin,Devenny,Devenny,u,Has joined Stoke City permanently,,5.0,308,182,0.0,622,266,0.0,586,245,0,0,0,0,0,0,9,0.0,0.0,0.0,0.0,0.0,586,245,0.0,0.0,566,234,572,240,550,223,573,237,,2.0,3.0,,,,,0.0,0.0,0.0,0.0,0.0,0.0,0.0,0.0,0.0,4,0,0,0,0,0,0,0,0,0,0,0,0,0,0,0,0,20,0,0.0,0.0,0.0,0.0,0.0,0.0,0.0,0.0,0,0,0,0
216,Romain,Esse,Esse,u,Has joined Millwall on loan for the rest of the season,,5.0,346,208,0.0,563,233,0.0,604,257,0,0,0,0,0,0,18,0.0,0.0,0.0,0.0,0.0,604,257,0.0,0.0,585,247,592,253,573,239,592,250,,,,,,,,0.0,0.0,0.0,0.0,0.0,0.0,0.0,0.0,0.0,4,0,0,0,0,0,0,0,0,0,0,0,0,0,0,0,0,52,0,0.0,0.0,0.0,0.0,0.0,0.0,0.0,0.0,0,0,0,0
217,Matheus,França de Oliveira,M.França,u,Has joined Alverca on loan for the rest of the season,,4.9,407,245,0.0,575,237,0.0,558,229,0,0,0,-1,1,0,53,0.0,0.0,0.0,0.0,0.0,558,229,0.0,0.0,533,214,534,222,496,193,541,219,,,,,,,,0.0,0.0,0.0,0.0,0.0,0.0,0.0,0.0,0.0,4,0,0,0,0,0,0,0,0,0,0,0,0,0,0,0,0,109,0,0.0,0.0,0.0,0.0,0.0,0.0,0.0,0.0,0,0,0,0
218,Cheick,Doucouré,Doucouré,a,,,4.9,388,233,0.1,489,194,0.0,549,223,0,0,0,-1,1,12,45,0.0,0.0,0.0,0.0,0.0,549,223,,,524,208,524,216,486,187,531,213,,,,,,,,0.0,0.0,0.0,0.0,0.0,0.0,0.0,0.0,0.0,4,0,0,0,0,0,0,0,0,0,0,0,0,0,0,0,26,102,0,0.0,0.0,0.0,0.0,0.0,0.0,0.0,0.0,0,0,0,0
219,Jesurun,Rak-Sakyi,J.Rak-Sakyi,u,has joined  Kasimpasa on loan for the rest of the seaon.,,4.9,393,235,0.0,634,274,0.0,553,225,0,0,0,-1,1,0,6,0.0,0.0,0.0,0.0,0.0,553,225,0.0,0.0,528,210,529,218,491,189,536,215,,,,,,,,0.0,0.0,0.0,0.0,0.0,0.0,0.0,0.0,0.0,4,0,0,0,0,0,0,0,0,0,0,0,0,0,0,0,0,10,0,0.0,0.0,0.0,0.0,0.0,0.0,0.0,0.0,0,0,0,0
220,Rio,Cardines,Cardines,u,Has joined Bristol City on loan for the rest of the season,,4.5,535,139,0.0,650,215,0.0,516,195,0,0,0,0,0,0,1,0.0,0.0,0.0,0.0,0.0,516,195,0.0,0.0,485,190,484,190,442,183,491,188,,,,,,,,0.0,0.0,0.0,0.0,0.0,0.0,0.0,0.0,0.0,4,0,0,0,0,0,0,0,0,0,0,0,0,0,0,0,0,1,0,0.0,0.0,0.0,0.0,0.0,0.0,0.0,0.0,0,0,0,0
221,Joél,Drakes-Thomas,Drakes-Thomas,a,,,4.5,557,289,0.1,451,178,0.0,533,212,0,0,0,0,0,17,40,0.0,0.0,0.0,0.0,0.0,533,212,,,504,194,503,202,462,171,510,198,,,,,,,,0.0,0.0,0.0,0.0,0.0,0.0,0.0,0.0,0.0,4,0,0,0,0,0,0,0,0,0,0,0,0,0,0,0,48,120,0,0.0,0.0,0.0,0.0,0.0,0.0,0.0,0.0,0,0,0,0
222,Jørgen,Strand Larsen,Strand Larsen,a,,,6.0,69,15,0.6,237,40,3.0,105,12,8,0,0,0,0,455,309,0.5,2.0,3.0,3.0,3.0,143,17,,,275,26,242,30,123,24,252,30,,,,,,,,0.16,0.01,0.17,2.03,0.0,0.0,2.07,0.83,4.15,4,8,83,1,0,0,2,0,0,0,0,0,0,1,2,39,3733,1240,0,0.09000000000000002,0.019999999999999997,0.10999999999999999,1.2100000000000004,0.0,0.0,0.0,0.0,1,0,1,2
223,Jean-Philippe,Mateta,Mateta,i,Hamstring injury - Expected back 11 Oct,,6.4,44,12,1.6,142,21,0.5,344,44,0,0,0,-1,1,10,1600,0.1,0.3,0.0,0.0,2.0,222,27,0.0,0.0,346,38,212,24,189,33,279,32,,,1.0,,,,,1.02,0.03,1.05,1.42,0.0,0.0,2.9,1.45,7.26,4,0,0,0,0,0,0,0,0,0,0,0,0,0,0,0,22,6497,0,0.0,0.0,0.0,0.0,0.0,0.0,0.0,0.0,0,0,0,0
224,Eddie,Nketiah,Nketiah,d,Unspecified injury - 75% chance of playing,,5.5,136,35,0.7,219,36,1.8,196,18,0,0,0,0,0,81,1280,0.3,1.3,1.4,1.8,2.3,180,23,75.0,,169,12,72,3,59,14,78,11,,,,,,,,0.59,0.31,0.9,2.4,0.0,0.0,3.77,1.62,5.93,4,0,0,0,0,0,0,0,0,0,0,0,0,0,0,0,2423,2075,0,0.0,0.0,0.0,0.0,0.0,0.0,0.0,0.0,0,0,0,0
225,Christantus,Uche,Uche,u,has returned to Getafe CF,,5.0,358,65,0.0,656,78,0.0,609,70,0,0,0,0,0,0,0,0.0,0.0,0.0,0.0,0.0,609,70,0.0,0.0,591,63,598,68,580,65,598,67,,,,,,,,0.0,0.0,0.0,0.0,0.0,0.0,0.0,0.0,0.0,4,0,0,0,0,0,0,0,0,0,0,0,0,0,0,0,0,0,0,0.0,0.0,0.0,0.0,0.0,0.0,0.0,0.0,0,0,0,0
241,Dwight,McNeil,McNeil,a,,,5.4,208,131,0.1,384,140,0.8,288,132,0,0,0,-1,1,5,77,0.1,0.6,0.8,0.8,1.5,258,114,,,269,114,239,127,278,132,303,135,,,,,,,,0.05,0.02,0.07,1.26,0.0,0.0,3.21,1.07,7.5,4,0,0,0,0,0,0,0,0,0,0,0,0,0,0,0,49,204,0,0.0,0.0,0.0,0.0,0.0,0.0,0.0,0.0,0,0,0,0
555,Remi,Matthews,Matthews,a,,,4.0,598,61,1.7,138,21,0.0,412,36,0,0,0,0,0,99,144,0.0,0.0,0.0,0.0,0.0,412,36,,,377,35,372,16,312,13,383,35,,,,,,,,0.0,0.0,0.0,0.0,0.0,0.0,0.0,0.0,0.0,4,0,0,0,0,0,0,0,0,0,0,0,0,0,0,0,444,944,0,0.0,0.0,0.0,0.0,0.0,0.0,0.0,0.0,0,0,0,0
577,Takehiro,Tomiyasu,Tomiyasu,a,,,4.5,464,103,0.3,297,109,0.5,306,110,0,0,0,0,0,15,97,0.1,0.4,0.5,0.5,0.7,381,132,,,242,101,250,86,267,100,286,106,,,,,,,,0.0,0.01,0.01,2.15,0.0,0.0,3.12,0.62,8.75,4,0,53,0,0,0,2,0,0,0,0,0,0,0,0,6,55,291,0,0.0,0.01,0.01,1.29,0.0,0.0,0.0,0.0,1,4,3,5
588,Anan,Khalaili,Khalaili,a,,,5.0,343,60,0.3,292,106,3.2,82,34,7,0,0,0,0,676,111,0.6,2.6,3.2,3.2,3.2,114,48,,,51,20,125,37,153,52,93,26,,,,,,,,0.3,0.1,0.4,2.21,0.0,0.0,2.49,0.93,11.83,4,7,90,1,0,0,3,0,0,0,0,0,0,1,0,4,3910,724,0,0.21999999999999997,0.13999999999999999,0.36,1.67,0.0,0.0,0.0,0.0,2,3,4,5
595,Zavier,Gozo,Gozo,a,,,5.0,342,206,0.0,590,247,0.5,323,144,1,0,0,0,0,6,5,0.1,0.4,0.5,0.5,1.0,330,146,,,345,159,301,151,571,237,353,163,,,,,,,,0.0,0.0,0.0,2.15,0.0,0.0,6.43,0.0,3.21,4,1,6,0,0,0,1,0,0,0,0,0,0,0,0,3,14,19,0,0.0,0.0,0.0,0.47000000000000003,0.0,0.0,0.0,0.0,0,0,0,0
633,Honest,Ahanor,Ahanor,a,,,4.5,543,140,0.0,601,204,1.5,201,79,3,0,0,0,0,60,10,0.3,0.7,1.5,1.5,3.0,124,54,,,493,191,492,191,450,184,499,189,,,,,,,,0.0,0.01,0.01,1.67,0.0,0.0,3.0,1.0,11.0,4,3,90,0,0,0,3,0,0,0,0,0,0,1,0,10,137,24,0,0.0,0.01,0.01,1.67,0.0,0.0,0.0,0.0,2,9,4,11
643,Ben,Chilwell,Chilwell,a,,,4.5,447,90,0.5,248,92,4.0,52,23,1,0,0,0,0,247,427,0.9,1.8,4.0,4.0,4.0,77,31,,,176,78,317,119,133,41,223,85,,,,,,,,0.84,0.03,0.87,3.48,0.0,0.0,3.1,0.0,3.1,4,1,13,0,0,0,1,0,0,0,0,0,0,0,0,1,3798,990,0,0.12000000000000002,0.01,0.13000000000000003,0.5500000000000002,0.0,0.0,0.0,0.0,0,1,0,1
644,Quinten,Timber,Timber,a,,,5.0,291,175,0.0,560,231,3.0,97,42,4,0,0,0,0,55,19,0.6,1.2,3.0,3.0,3.0,131,51,,,313,140,348,173,293,142,339,155,,,,,,,,0.07,0.02,0.09,2.34,0.0,0.0,2.76,1.1,12.15,4,4,90,0,0,0,3,0,0,0,0,0,0,1,0,24,144,57,0,0.09999999999999999,0.03,0.13,1.6700000000000004,0.0,0.0,0.0,0.0,8,2,6,16
647,Darío,Osorio,Osorio,a,,,5.5,169,104,0.0,610,259,0.5,332,149,0,0,0,0,0,11,14,0.1,0.2,0.5,0.5,1.0,355,163,,,343,157,343,170,620,268,358,167,,,,,,,,0.0,0.0,0.0,11.7,0.0,0.0,0.0,0.0,90.0,4,0,0,0,0,0,0,0,0,0,0,0,0,0,0,0,17,22,0,0.0,0.0,0.0,0.0,0.0,0.0,0.0,0.0,0,0,0,0
21,Christian,Nørgaard,Nørgaard,i,Groin injury - Unknown return date,,4.9,366,217,0.1,495,198,0.0,541,216,0,0,0,-1,1,1,38,0.0,0.0,0.0,0.0,0.0,541,216,0.0,0.0,512,198,512,206,471,175,518,202,,,,,,,,0.0,0.0,0.0,0.0,0.0,0.0,0.0,0.0,0.0,4,0,0,0,0,0,0,0,0,0,0,0,0,0,0,0,3,128,0,0.0,0.0,0.0,0.0,0.0,0.0,0.0,0.0,0,0,0,0
209,Brennan,Johnson,Johnson,a,,,5.9,93,59,0.1,401,148,1.0,259,116,1,0,0,-1,1,55,59,0.2,0.7,1.0,1.0,1.0,364,169,,,257,106,151,89,202,101,240,104,,,,,,,,0.04,0.03,0.07,2.04,0.0,0.0,0.83,1.67,10.83,4,1,9,0,0,0,0,0,0,0,0,0,0,1,0,3,117,182,0,0.0,0.0,0.0,0.20999999999999996,0.0,0.0,0.0,0.0,0,1,0,1
226,Jordan,Pickford,Pickford,a,,,5.5,124,2,8.7,48,7,3.0,100,9,1,0,0,0,0,2496,1197,0.5,2.2,3.0,3.0,3.0,137,13,,,48,8,616,68,605,68,176,9,,,,,,,,0.0,0.01,0.01,1.62,2.9,0.32,0.97,1.29,0.0,4,1,9,0,0,0,0,0,0,0,0,0,0,1,0,3,7824,5683,0,0.0,0.0,0.0,0.20999999999999996,0.0,0.0,0.0,0.0,0,0,1,0
227,Mark,Travers,Travers,a,,,5.0,277,10,0.0,523,58,0.0,573,70,0,0,0,0,0,31,15,0.0,0.0,0.0,0.0,0.0,573,70,,,553,70,555,61,530,61,560,70,,,,,,,,0.0,0.0,0.0,0.0,0.0,0.0,0.0,0.0,0.0,4,0,0,0,0,0,0,0,0,0,0,0,0,0,0,0,60,49,0,0.0,0.0,0.0,0.0,0.0,0.0,0.0,0.0,0,0,0,0
228,Tom,King,King,a,,,4.5,439,31,0.0,504,56,0.0,467,54,0,0,0,0,0,10,5,0.0,0.0,0.0,0.0,0.0,467,54,,,433,54,430,37,379,34,439,54,,,,,,,,0.0,0.0,0.0,0.0,0.0,0.0,0.0,0.0,0.0,4,0,0,0,0,0,0,0,0,0,0,0,0,0,0,0,18,20,0,0.0,0.0,0.0,0.0,0.0,0.0,0.0,0.0,0,0,0,0
229,James,Tarkowski,Tarkowski,a,,,6.0,60,5,11.6,35,13,5.5,28,9,1,0,0,0,0,5147,1495,0.9,3.7,5.5,5.5,5.5,44,17,,,21,5,203,68,99,24,74,18,,,,,,,,0.05,0.01,0.06,1.62,0.0,0.32,0.97,1.29,10.32,4,1,9,0,0,0,0,0,0,0,0,0,0,1,0,3,16632,7718,0,0.0,0.0,0.0,0.20999999999999996,0.0,0.0,0.0,0.0,0,1,0,1
230,Jarrad,Branthwaite,Branthwaite,a,,,5.5,161,21,1.9,127,52,3.5,74,31,1,0,0,0,0,1257,329,0.6,2.5,3.5,3.5,3.5,101,41,,,35,12,262,90,23,2,54,10,,,,,,,,0.05,0.01,0.06,1.62,0.0,0.32,0.97,1.29,10.32,4,1,9,0,0,0,0,0,0,0,0,0,0,1,0,3,4043,1873,0,0.0,0.0,0.0,0.20999999999999996,0.0,0.0,0.0,0.0,0,1,0,1
231,Michael,Keane,Keane,a,,,4.9,364,66,0.9,202,77,0.0,539,199,0,0,0,-1,1,46,371,0.0,0.0,0.0,0.0,0.0,539,199,,,510,196,510,196,469,190,516,194,,,,,,,,0.0,0.0,0.0,0.0,0.0,0.0,0.0,0.0,0.0,4,0,0,0,0,0,0,0,0,0,0,0,0,0,0,0,125,1616,0,0.0,0.0,0.0,0.0,0.0,0.0,0.0,0.0,0,0,0,0
232,Jake,O'Brien,O'Brien,a,,,4.9,404,76,0.3,294,107,0.0,556,201,0,0,0,-1,1,26,94,0.0,0.0,0.0,0.0,0.0,556,201,,,531,199,532,199,494,194,539,198,,,,,,,,0.0,0.0,0.0,0.0,0.0,0.0,0.0,0.0,0.0,4,0,0,0,0,0,0,0,0,0,0,0,0,0,0,0,70,412,0,0.0,0.0,0.0,0.0,0.0,0.0,0.0,0.0,0,0,0,0
233,Vitalii,Mykolenko,Mykolenko,a,,,4.5,465,104,2.1,125,51,3.0,92,36,1,0,0,0,0,2146,281,0.7,2.7,3.0,3.0,3.0,120,51,,,68,33,178,56,268,101,157,62,,,,,,,,0.0,0.02,0.02,1.62,0.0,0.32,0.97,1.29,7.74,4,1,9,0,0,0,0,0,0,0,0,0,0,1,0,5,8746,3201,0,0.0,0.0,0.0,0.20999999999999996,0.0,0.0,0.0,0.0,1,1,0,2
234,Nathan,Patterson,Patterson,u,Has joined Torino permanently,,4.5,476,111,0.0,572,195,0.0,480,183,0,0,0,0,0,0,22,0.0,0.0,0.0,0.0,0.0,480,183,0.0,0.0,447,177,445,177,395,165,453,175,,,,,,,,0.0,0.0,0.0,0.0,0.0,0.0,0.0,0.0,0.0,4,0,0,0,0,0,0,0,0,0,0,0,0,0,0,0,0,52,0,0.0,0.0,0.0,0.0,0.0,0.0,0.0,0.0,0,0,0,0
235,Adam,Aznou,Aznou,u,Has joined Malaga on loan for the rest of the season,,4.0,629,190,0.1,404,150,0.0,431,153,0,0,0,0,0,0,86,0.0,0.0,0.0,0.0,0.0,431,153,0.0,0.0,396,146,391,146,333,128,402,144,,,,,,,,0.0,0.0,0.0,0.0,0.0,0.0,0.0,0.0,0.0,4,0,0,0,0,0,0,0,0,0,0,0,0,0,0,0,0,228,0,0.0,0.0,0.0,0.0,0.0,0.0,0.0,0.0,0,0,0,0
236,Kiernan,Dewsbury-Hall,Dewsbury-Hall,a,,,6.5,35,23,4.7,74,24,4.0,60,28,1,0,0,0,0,3479,1918,0.6,2.5,4.0,4.0,4.0,86,35,,,32,15,6,6,30,17,13,10,2.0,,,,,,,0.15,0.13,0.28,1.61,0.0,0.32,0.97,1.29,9.68,4,1,9,0,0,0,0,0,0,0,0,0,0,1,0,3,16688,10001,0,0.0,0.0,0.0,0.21000000000000085,0.0,0.0,0.0,0.0,0,1,0,1
238,Jack,Grealish,Grealish,a,,,6.5,34,22,0.4,274,91,0.5,345,157,0,0,0,0,0,433,185,0.1,0.3,0.5,0.5,1.0,375,177,100.0,100.0,286,123,206,113,196,96,265,116,,,,,,,,0.06,0.37,0.43,0.87,0.0,0.0,2.81,0.0,5.62,4,0,0,0,0,0,0,0,0,0,0,0,0,0,0,0,1407,592,0,0.0,0.0,0.0,0.0,0.0,0.0,0.0,0.0,0,0,0,0
239,James,Garner,Garner,a,,,6.0,68,47,0.1,387,141,1.2,233,104,1,0,0,0,0,106,56,0.2,0.8,1.2,1.2,1.2,269,120,100.0,100.0,230,93,76,54,288,139,200,91,1.0,1.0,2.0,,,,,0.0,0.06,0.06,0.88,0.0,0.0,1.15,1.72,11.46,4,1,9,0,0,0,0,0,0,0,0,0,0,1,0,3,627,220,0,0.0,0.0,0.0,0.20999999999999996,0.0,0.0,0.0,0.0,0,0,1,1
242,Tyrique,George,George,a,,,5.5,174,108,0.6,234,77,4.0,55,24,1,0,0,0,0,1362,181,0.7,2.9,4.0,4.0,4.0,82,34,,,90,31,35,30,36,21,31,24,,,,,,,,0.1,0.06,0.16,1.17,0.0,0.37,1.11,1.48,5.19,4,1,9,0,0,0,0,0,0,0,0,0,0,1,0,3,5711,1422,0,0.0,0.0,0.0,0.20999999999999996,0.0,0.0,0.0,0.0,0,1,0,1
243,Carlos,Alcaraz Durán,Alcaraz,a,,,4.9,402,241,0.1,454,179,0.2,369,165,0,0,0,-1,1,24,42,0.0,0.2,0.2,0.2,0.5,392,184,,,306,135,312,155,110,56,273,118,,,,,,,,0.9,0.36,1.26,0.72,0.0,0.0,0.0,0.0,54.0,4,0,0,0,0,0,0,0,0,0,0,0,0,0,0,0,59,124,0,0.0,0.0,0.0,0.0,0.0,0.0,0.0,0.0,0,0,0,0
244,Harrison,Armstrong,Armstrong,a,,,5.0,348,210,0.4,264,88,3.0,98,43,1,0,0,0,0,243,294,0.6,2.4,3.0,3.0,3.0,134,53,,,132,49,116,73,170,83,139,68,,,,,,,,0.03,0.03,0.06,1.64,0.0,0.33,0.98,1.31,9.82,4,1,9,0,0,0,0,0,0,0,0,0,0,1,0,2,1072,821,0,0.0,0.0,0.0,0.20999999999999996,0.0,0.0,0.0,0.0,0,0,0,0
245,Tyler,Dibling,Dibling,a,,,5.4,222,140,0.0,546,224,0.0,620,266,0,0,0,-1,1,3,13,0.0,0.0,0.0,0.0,0.0,620,266,,,606,259,611,263,597,254,612,261,,,,,,,,0.0,0.0,0.0,0.0,0.0,0.0,0.0,0.0,0.0,4,0,0,0,0,0,0,0,0,0,0,0,0,0,0,0,9,41,0,0.0,0.0,0.0,0.0,0.0,0.0,0.0,0.0,0,0,0,0
246,Merlin,Röhl,Röhl,a,,,5.0,324,191,0.0,500,200,1.5,211,94,0,0,0,0,0,23,40,0.3,1.2,1.5,1.5,2.0,211,88,,,198,78,119,74,274,129,208,95,,,,,,,,0.0,0.07,0.07,1.63,0.0,0.36,0.72,1.08,8.67,4,0,0,0,0,0,0,0,0,0,0,0,0,0,0,0,61,122,0,0.0,0.0,0.0,0.0,0.0,0.0,0.0,0.0,0,0,0,0
247,Hayden,Hackney,Hackney,a,,,5.5,143,86,0.2,335,119,2.0,163,73,0,0,0,0,0,44,60,0.4,1.5,2.0,2.0,2.7,153,62,100.0,100.0,159,59,95,64,138,70,140,69,3.0,,,,,,,0.04,0.08,0.12,2.6,0.0,0.74,0.74,0.74,8.18,4,0,0,0,0,0,0,0,0,0,0,0,0,0,0,0,125,182,0,0.0,0.0,0.0,0.0,0.0,0.0,0.0,0.0,0,0,0,0
248,Norberto Bercique,Gomes Betuncal,Beto,u,Has joined Fiorentina permanently,,5.4,220,50,0.9,196,31,0.5,330,39,0,0,0,-1,1,0,1490,0.1,0.4,0.0,0.0,1.0,345,39,0.0,0.0,332,36,341,42,234,37,332,37,,,,,,,,0.26,0.0,0.26,5.57,0.0,0.0,0.0,0.0,2.9,4,0,0,0,0,0,0,0,0,0,0,0,0,0,0,0,0,4776,0,0.0,0.0,0.0,0.0,0.0,0.0,0.0,0.0,0,0,0,0
249,Thierno,Barry,Barry,a,,,5.6,121,30,6.3,64,9,3.2,87,8,1,0,0,1,-1,5308,2022,0.6,2.3,3.2,3.2,3.2,117,13,,,121,8,74,5,4,3,22,5,,,1.0,,,,,0.85,0.04,0.89,1.13,0.0,0.37,1.1,1.46,3.66,4,1,9,0,0,0,0,0,0,0,0,0,0,1,0,3,27871,14095,0,0.0,0.0,0.0,0.20999999999999996,0.0,0.0,0.0,0.0,0,0,0,0
649,Ainsley,Maitland-Niles,Maitland-Niles,a,,,4.5,442,86,0.3,300,111,4.0,51,22,1,0,0,0,0,534,56,0.9,1.8,4.0,4.0,4.0,76,30,,,174,77,311,118,208,71,241,92,,,,,,,,0.12,0.0,0.12,2.05,0.0,0.0,4.09,4.09,0.0,4,1,9,0,0,0,0,0,0,0,0,0,0,1,0,3,2155,428,0,0.0,0.0,0.0,0.21000000000000002,0.0,0.0,0.0,0.0,0,0,1,0
654,Braiden,Graham,Graham,a,,,4.5,551,286,0.1,408,153,0.0,527,209,0,0,0,0,0,201,88,0.0,0.0,0.0,0.0,0.0,527,209,,,498,191,497,199,456,168,504,195,,,,,,,,0.0,0.0,0.0,0.0,0.0,0.0,0.0,0.0,0.0,4,0,0,0,0,0,0,0,0,0,0,0,0,0,0,0,494,220,0,0.0,0.0,0.0,0.0,0.0,0.0,0.0,0.0,0,0,0,0
250,Bernd,Leno,Leno,a,,,4.5,428,25,2.9,103,17,3.5,68,5,8,0,0,0,0,1369,436,0.8,3.1,3.5,3.5,3.5,95,6,,,60,10,423,31,370,28,186,10,,,,,,,,0.0,0.0,0.0,1.84,2.75,0.25,1.75,1.0,0.0,4,8,90,0,0,1,0,0,0,0,0,0,3,1,1,29,3130,3315,0,0.0,0.0,0.0,1.13,0.0,0.0,0.0,0.0,0,1,8,0
251,Benjamin,Lecomte,Lecomte,a,,,4.0,587,55,1.2,176,26,0.0,404,30,0,0,0,0,0,101,111,0.0,0.0,0.0,0.0,0.0,404,30,,,369,29,362,10,302,7,374,29,,,,,,,,0.0,0.0,0.0,0.0,0.0,0.0,0.0,0.0,0.0,4,0,0,0,0,0,0,0,0,0,0,0,0,0,0,0,809,798,0,0.0,0.0,0.0,0.0,0.0,0.0,0.0,0.0,0,0,0,0
252,Alfie,McNally,McNally,u,Has joined York City on loan for the rest of the season,,4.0,632,70,0.1,389,46,0.0,434,45,0,0,0,0,0,0,40,0.0,0.0,0.0,0.0,0.0,434,45,0.0,0.0,399,44,394,25,336,22,405,44,,,,,,,,0.0,0.0,0.0,0.0,0.0,0.0,0.0,0.0,0.0,4,0,0,0,0,0,0,0,0,0,0,0,0,0,0,0,0,163,0,0.0,0.0,0.0,0.0,0.0,0.0,0.0,0.0,0,0,0,0
253,Joachim,Andersen,Andersen,a,,,5.0,256,39,0.1,385,144,0.5,320,120,0,0,0,0,0,79,72,0.1,0.4,0.5,0.5,1.0,320,124,100.0,100.0,140,63,106,30,204,69,151,59,,,,,,,,0.0,0.05,0.05,2.0,0.0,0.0,2.0,1.0,7.5,4,0,0,0,0,0,0,0,0,0,0,0,0,0,0,0,195,302,0,0.0,0.0,0.0,0.0,0.0,0.0,0.0,0.0,0,0,0,0
254,Antonee,Robinson,Robinson,a,,,4.5,445,89,1.4,156,64,2.5,120,43,6,0,0,0,0,424,364,0.6,2.2,2.5,2.5,2.5,160,60,,,129,59,50,8,174,59,103,34,,,2.0,,,,,0.07,0.06,0.13,1.95,0.0,0.27,1.86,1.06,6.11,4,6,90,0,0,1,0,0,0,0,0,0,0,1,0,25,802,2270,0,0.05000000000000002,0.04999999999999999,0.09999999999999998,1.13,0.0,0.0,0.0,0.0,2,6,4,8
255,Jorge,Cuenca Barreno,J.Cuenca,a,,,4.5,480,115,0.0,544,188,0.8,272,101,0,0,0,0,0,4,10,0.2,0.7,0.8,0.8,3.0,121,52,,,179,79,162,52,398,168,218,82,,,,,,,,0.0,0.03,0.03,2.24,0.0,0.0,3.0,1.0,10.0,4,0,0,0,0,0,0,0,0,0,0,0,0,0,0,0,11,60,0,0.0,0.0,0.0,0.0,0.0,0.0,0.0,0.0,0,0,0,0
256,Kenny,Tete,Tete,a,,,4.4,564,148,0.2,334,125,0.0,457,176,0,0,0,-1,1,15,66,0.0,0.0,0.0,0.0,0.0,457,176,,,422,169,417,169,362,154,428,167,,,,,,,,0.0,0.0,0.0,2.03,0.0,0.0,0.0,0.0,10.0,4,0,27,0,0,0,0,0,0,0,1,0,0,0,0,-1,31,221,0,0.0,0.0,0.0,0.61,0.0,0.0,0.0,0.0,0,3,0,3
257,Calvin,Bassey,Bassey,a,,,4.5,471,108,0.7,225,86,2.2,137,52,6,0,0,0,0,205,136,0.5,2.0,2.2,2.2,2.2,183,72,,,125,58,207,70,269,102,205,79,,,,,,,,0.02,0.02,0.04,1.84,0.0,0.25,1.75,1.0,5.25,4,6,90,0,0,1,0,0,0,0,0,0,0,1,0,27,368,888,0,0.06,0.0,0.06,1.13,0.0,0.0,0.0,0.0,1,7,3,8
258,Timothy,Castagne,Castagne,a,,,4.5,444,88,0.8,209,82,4.8,34,13,6,0,0,0,0,686,224,1.1,4.2,4.8,4.8,4.8,54,21,,,83,42,56,10,55,8,49,8,,,,,,,,0.19,0.11,0.3,1.43,0.0,0.57,1.7,1.13,5.66,4,6,71,0,0,1,0,0,0,0,0,0,0,1,0,23,1059,1834,0,0.0,0.010000000000000009,0.010000000000000009,0.5700000000000003,0.0,0.0,0.0,0.0,2,3,3,5
261,Alex,Iwobi,Iwobi,a,,,5.4,187,116,0.7,221,70,2.2,147,63,3,0,0,-1,1,134,447,0.4,1.7,2.2,2.2,2.2,189,77,,,183,69,34,29,171,84,97,54,1.0,1.0,3.0,,,,,0.06,0.22,0.28,1.82,0.0,0.27,1.86,1.07,5.86,4,3,76,0,0,1,0,0,0,0,0,0,0,1,0,15,304,1716,0,0.15999999999999998,0.1100000000000001,0.27,0.6199999999999992,0.0,0.0,0.0,0.0,1,0,3,4
262,Emile,Smith Rowe,Smith Rowe,a,,,5.4,195,122,0.3,307,107,0.8,282,129,1,0,0,-1,1,20,201,0.1,0.6,0.8,0.8,1.0,337,151,,,300,131,150,88,201,100,249,107,,,,,,,,0.14,0.05,0.19,2.18,0.0,0.0,0.0,0.0,7.11,4,1,13,0,0,0,0,0,0,0,0,0,0,0,0,3,45,521,0,0.0,0.0,0.0,0.51,0.0,0.0,0.0,0.0,0,1,1,2
263,Kevin,Santos Lopes de Macedo,Kevin,a,,,5.4,230,146,0.0,507,204,0.8,290,134,1,0,0,-1,1,6,42,0.1,0.6,0.8,0.8,1.0,348,158,,,304,134,255,135,602,258,333,152,4.0,,,,,,,0.06,0.26,0.32,1.63,0.0,0.0,0.0,0.0,12.86,4,1,18,0,0,0,0,0,0,0,0,0,0,0,0,4,15,102,0,0.03,0.06999999999999999,0.09999999999999999,0.56,0.0,0.0,0.0,0.0,1,0,2,3
264,Oscar,Bobb,Bobb,a,,,5.5,160,97,0.3,298,102,2.5,131,57,3,0,0,0,0,142,201,0.5,1.8,2.5,2.5,2.5,169,69,,,195,75,22,19,38,23,35,26,2.0,,,,,,,0.11,0.38,0.49,1.64,0.0,0.66,1.98,1.32,7.25,4,3,62,0,0,1,0,0,0,0,0,0,0,1,0,11,243,628,0,0.0,0.22999999999999987,0.22999999999999998,0.5199999999999996,0.0,0.0,0.0,0.0,1,2,4,7
265,Sander,Berge,Berge,a,,,4.9,372,222,0.3,293,100,2.0,159,70,3,0,0,-1,1,82,136,0.4,1.6,2.0,2.0,2.0,202,82,,,208,84,51,42,197,97,150,71,,,,,,,,0.01,0.11,0.12,1.99,0.0,0.33,1.65,0.99,5.6,4,3,90,0,0,1,0,0,0,0,0,0,0,1,0,14,146,505,0,0.0,0.010000000000000009,0.010000000000000009,1.13,0.0,0.0,0.0,0.0,3,4,2,9
266,Tom,Cairney,Cairney,i,Knee injury - Expected back 10 Oct,,5.0,239,150,0.0,637,277,0.0,562,233,0,0,0,0,0,0,1,0.0,0.0,0.0,0.0,0.0,562,233,0.0,0.0,539,220,540,228,507,204,547,225,,,,,,,,0.0,0.0,0.0,0.0,0.0,0.0,0.0,0.0,0.0,4,0,0,0,0,0,0,0,0,0,0,0,0,0,0,0,11,2,0,0.0,0.0,0.0,0.0,0.0,0.0,0.0,0.0,0,0,0,0
268,Josh,King,King,a,,,5.5,178,111,1.2,166,53,5.5,24,13,3,0,0,0,0,3254,609,1.0,4.0,5.5,5.5,5.5,42,21,,,16,9,71,53,14,8,17,13,,,,,,,,0.3,0.11,0.41,1.78,0.0,0.26,1.82,1.04,5.98,4,3,76,0,0,1,0,0,0,0,0,0,0,1,0,19,8517,3371,0,0.19999999999999996,0.08999999999999997,0.29000000000000004,0.6199999999999992,0.0,0.0,0.0,0.0,2,0,2,4
269,Ryan,Sessegnon,Sessegnon,a,,,4.4,565,149,0.3,290,104,0.8,268,98,0,0,0,-1,1,34,137,0.2,0.7,0.8,0.8,1.0,280,104,,,233,97,139,44,94,21,168,67,3.0,,,,,,,0.23,0.79,1.02,3.24,0.0,0.0,1.8,0.0,5.4,4,0,0,0,0,0,0,0,0,0,0,0,0,0,0,0,79,483,0,0.0,0.0,0.0,0.0,0.0,0.0,0.0,0.0,0,0,0,0
270,Harrison,Reed,Reed,a,,,4.5,441,260,1.1,177,57,0.0,468,188,0,0,0,0,0,97,651,0.0,0.0,0.0,0.0,0.0,468,188,,,434,170,431,178,380,147,440,174,,,,,,,,0.0,0.0,0.0,0.0,0.0,0.0,0.0,0.0,0.0,4,0,0,0,0,0,0,0,0,0,0,0,0,0,0,0,285,1932,0,0.0,0.0,0.0,0.0,0.0,0.0,0.0,0.0,0,0,0,0
271,Rodrigo,Muniz Carvalho,Muniz,a,,,5.4,204,46,0.4,262,45,0.8,286,33,1,0,0,-1,1,144,231,0.1,0.6,0.8,0.8,1.0,339,37,,,273,24,161,17,88,21,197,21,,,,,,,,1.29,0.0,1.29,1.74,0.0,0.0,0.0,0.0,6.43,4,1,13,0,0,0,0,0,0,0,0,0,0,0,0,4,393,828,0,0.0,0.0,0.0,0.51,0.0,0.0,0.0,0.0,0,1,0,1
272,Jonah,Kusi-Asare,Kusi-Asare,a,,,4.5,553,77,6.1,65,10,0.0,529,59,0,0,0,0,0,1026,2053,0.0,0.0,0.0,0.0,0.0,529,59,,,500,51,499,56,458,53,506,55,,,,,,,,0.0,0.0,0.0,0.0,0.0,0.0,0.0,0.0,0.0,4,0,0,0,0,0,0,0,0,0,0,0,0,0,0,0,2986,8534,0,0.0,0.0,0.0,0.0,0.0,0.0,0.0,0.0,0,0,0,0
569,Gonzalo,García,Gonzalo,a,,,6.0,78,18,3.9,85,11,3.0,106,13,2,0,0,0,0,1193,3457,0.5,2.0,3.0,3.0,3.0,144,18,,,119,7,164,18,10,6,38,6,,,1.0,,,,,0.43,0.07,0.5,1.78,0.0,0.26,1.82,1.04,4.16,4,2,76,0,0,1,0,0,0,0,0,0,0,1,0,5,3668,11839,0,0.19999999999999996,0.03,0.22999999999999998,0.6199999999999992,0.0,0.0,0.0,0.0,0,1,2,3
570,César,Palacios,Palacios,a,,,5.5,176,110,0.2,353,128,2.8,115,52,0,0,0,0,0,26,139,0.5,2.0,2.8,2.8,3.7,91,39,,,149,55,155,91,42,27,84,52,,,,,,,,0.43,0.01,0.44,2.16,0.0,0.0,2.61,1.3,5.65,4,0,0,0,0,0,0,0,0,0,0,0,0,0,0,0,98,306,0,0.0,0.0,0.0,0.0,0.0,0.0,0.0,0.0,0,0,0,0
580,Shea,Charles,Charles,a,,,5.0,295,177,0.1,466,184,2.2,145,62,5,0,0,0,0,25,19,0.4,1.8,2.2,2.2,2.2,188,76,,,237,96,93,63,159,78,182,85,,,,,,,,0.04,0.06,0.1,2.07,0.0,0.42,1.69,0.85,13.94,4,5,90,0,0,1,0,0,0,0,0,0,0,1,0,20,31,85,0,0.0,0.020000000000000018,0.020000000000000018,1.1300000000000003,0.0,0.0,0.0,0.0,1,7,9,17
610,Luc,De Fougerolles,De Fougerolles,u,has joined  Real Salt Lake on loan for the rest of the seaon.,,4.0,638,198,0.1,439,158,0.0,439,160,0,0,0,0,0,0,66,0.0,0.0,0.0,0.0,0.0,439,160,0.0,0.0,404,153,399,153,341,135,410,151,,,,,,,,0.0,0.0,0.0,0.0,0.0,0.0,0.0,0.0,0.0,4,0,0,0,0,0,0,0,0,0,0,0,0,0,0,0,0,139,0,0.0,0.0,0.0,0.0,0.0,0.0,0.0,0.0,0,0,0,0
626,Macaulay,Zepa,Zepa,a,,,4.5,547,284,0.3,287,97,0.0,525,208,0,0,0,0,0,103,248,0.0,0.0,0.0,0.0,0.0,525,208,,,496,190,495,198,453,167,502,194,,,,,,,,0.0,0.0,0.0,0.0,0.0,0.0,0.0,0.0,0.0,4,0,0,0,0,0,0,0,0,0,0,0,0,0,0,0,253,530,0,0.0,0.0,0.0,0.0,0.0,0.0,0.0,0.0,0,0,0,0
635,Hugo,Larsson,Larsson,a,,,5.0,340,205,0.0,628,270,1.0,251,109,1,0,0,0,0,8,3,0.2,0.4,1.0,1.0,1.0,329,145,,,321,145,300,150,200,99,311,139,,,,,,,,0.49,0.86,1.35,1.91,0.0,0.0,0.0,0.0,7.5,4,1,13,0,0,0,0,0,0,0,0,0,0,0,0,3,24,12,0,0.0,0.010000000000000009,0.010000000000000009,0.51,0.0,0.0,0.0,0.0,0,0,1,1
636,Manuel Ángel,Morán Ibáñez,Ángel,a,,,5.0,320,189,0.0,640,280,0.0,593,249,0,0,0,0,0,4,3,0.0,0.0,0.0,0.0,0.0,593,249,,,574,239,581,245,559,228,581,242,,,,,,,,0.0,0.0,0.0,0.0,0.0,0.0,0.0,0.0,0.0,4,0,0,0,0,0,0,0,0,0,0,0,0,0,0,0,12,5,0,0.0,0.0,0.0,0.0,0.0,0.0,0.0,0.0,0,0,0,0
650,David,Affengruber,Affengruber,a,,,4.5,486,120,0.0,626,209,4.0,54,25,8,0,0,0,0,84,3,0.9,1.8,4.0,4.0,8.0,5,1,,,452,181,450,181,402,171,458,179,,,,,,,,0.0,0.0,0.0,1.13,0.0,1.0,0.0,1.0,12.0,4,8,90,0,0,1,0,0,0,0,0,0,0,1,0,25,99,7,0,0.0,0.0,0.0,1.13,0.0,0.0,0.0,0.0,1,11,3,12
240,Tim,Iroegbunam,Iroegbunam,a,,,5.0,309,183,0.0,582,242,0.2,378,172,0,0,0,0,0,20,12,0.0,0.2,0.2,0.2,0.5,393,185,100.0,100.0,567,235,573,241,551,224,574,238,,,,,,,,0.0,0.0,0.0,1.22,0.0,0.0,0.0,0.0,7.2,4,0,21,0,0,0,0,0,0,0,1,0,0,0,0,1,38,20,0,0.0,0.0,0.0,0.34,0.0,0.0,0.0,0.0,1,1,0,2
273,Dillon,Phillips,Phillips,a,,,4.0,596,60,1.4,151,22,0.0,411,35,0,0,0,0,0,146,212,0.0,0.0,0.0,0.0,0.0,411,35,,,376,34,370,15,310,12,381,34,,,,,,,,0.0,0.0,0.0,0.0,0.0,0.0,0.0,0.0,0.0,4,0,0,0,0,0,0,0,0,0,0,0,0,0,0,0,675,941,0,0.0,0.0,0.0,0.0,0.0,0.0,0.0,0.0,0,0,0,0
274,Jack,Butland,Butland,i,Arm injury - Unknown return date,,4.5,434,27,0.1,458,51,0.0,464,51,0,0,0,0,0,3,27,0.0,0.0,0.0,0.0,0.0,464,51,0.0,0.0,429,50,426,33,374,30,435,50,,,,,,,,0.0,0.0,0.0,0.0,0.0,0.0,0.0,0.0,0.0,4,0,0,0,0,0,0,0,0,0,0,0,0,0,0,0,17,59,0,0.0,0.0,0.0,0.0,0.0,0.0,0.0,0.0,0,0,0,0
275,Harvey,Cartwright,Cartwright,u,Has joined Grimsby Town on loan for the rest of the season,,4.0,627,69,0.0,616,71,0.0,430,44,0,0,0,0,0,0,3,0.0,0.0,0.0,0.0,0.0,430,44,0.0,0.0,395,43,390,24,332,21,401,43,,,,,,,,0.0,0.0,0.0,0.0,0.0,0.0,0.0,0.0,0.0,4,0,0,0,0,0,0,0,0,0,0,0,0,0,0,0,0,9,0,0.0,0.0,0.0,0.0,0.0,0.0,0.0,0.0,0,0,0,0
276,Thimothée,Lo-Tutala,Lo-Tutala,u,Has joined Colchester United on loan for the rest of the season,,4.0,616,66,0.0,555,63,0.0,423,41,0,0,0,0,0,0,6,0.0,0.0,0.0,0.0,0.0,423,41,0.0,0.0,388,40,383,21,325,18,394,40,,,,,,,,0.0,0.0,0.0,0.0,0.0,0.0,0.0,0.0,0.0,4,0,0,0,0,0,0,0,0,0,0,0,0,0,0,0,0,22,0,0.0,0.0,0.0,0.0,0.0,0.0,0.0,0.0,0,0,0,0
277,John,Egan,Egan,a,,,4.1,578,160,6.4,63,26,6.2,13,2,2,0,0,1,-1,3331,1126,1.5,6.1,6.2,6.2,6.2,28,10,,,36,13,319,121,264,97,149,58,,,,,,,,0.01,0.0,0.01,1.48,0.0,0.75,0.5,1.0,13.5,4,2,90,0,0,0,2,0,0,0,1,0,0,1,0,-1,15186,9030,0,0.04,0.0,0.04,0.8900000000000006,0.0,0.0,0.0,0.0,2,11,6,13
278,Charlie,Hughes,Hughes,i,Groin injury - Unknown return date,,4.0,631,192,0.1,456,162,0.0,433,155,0,0,0,0,0,3,34,0.0,0.0,0.0,0.0,0.0,433,155,0.0,0.0,398,148,393,148,335,130,404,146,,,,,,,,0.0,0.0,0.0,0.0,0.0,0.0,0.0,0.0,0.0,4,0,0,0,0,0,0,0,0,0,0,0,0,0,0,0,12,109,0,0.0,0.0,0.0,0.0,0.0,0.0,0.0,0.0,0,0,0,0
279,Semi,Ajayi,Ajayi,a,,,4.2,577,159,12.7,32,11,6.5,10,1,1,0,0,2,-2,13703,2051,1.5,6.2,6.5,6.5,6.5,23,8,100.0,100.0,55,24,286,102,85,18,112,39,,,,,,,,0.18,0.0,0.18,1.34,0.0,0.81,0.54,1.08,6.22,4,1,90,0,0,0,2,0,0,0,0,0,0,1,0,-6,36349,8555,0,0.13,0.0,0.13,0.8899999999999997,0.0,0.0,0.0,0.0,1,2,2,3
280,Lewie,Coyle,Coyle,a,,,4.0,602,171,0.6,239,88,3.2,78,32,1,0,0,0,0,449,95,0.8,3.2,3.2,3.2,3.2,112,47,100.0,100.0,256,106,184,58,315,118,269,102,,,,,,,,0.05,0.01,0.06,1.66,0.0,0.7,0.7,1.4,3.49,4,1,81,0,0,0,2,0,0,0,0,0,0,1,0,3,1505,484,0,0.13,0.009999999999999998,0.14,0.6900000000000004,0.0,0.0,0.0,0.0,1,3,4,4
281,Cody,Drameh,Drameh,u,Has joined Genoa permanently,,4.0,613,179,0.0,496,175,0.5,299,105,0,0,0,0,0,0,42,0.1,0.5,0.0,0.0,1.0,276,100,0.0,0.0,291,116,333,125,291,109,329,121,,,,,,,,0.07,0.0,0.07,1.2,0.0,0.0,0.0,0.0,8.31,4,0,0,0,0,0,0,0,0,0,0,0,0,0,0,0,0,97,0,0.0,0.0,0.0,0.0,0.0,0.0,0.0,0.0,0,0,0,0
282,Ryan,Giles,Giles,a,,,4.0,610,178,1.8,135,56,6.0,18,4,4,0,0,0,0,8276,270,1.5,6.0,6.0,6.0,6.0,32,12,,,153,70,41,5,221,75,119,45,3.0,1.0,,,,,,0.01,0.09,0.1,1.49,0.0,0.76,0.51,1.02,4.83,4,4,90,0,1,0,2,0,0,0,0,0,0,1,0,20,18568,2118,0,0.0,0.18,0.18,0.8899999999999997,0.0,0.0,0.0,0.0,1,6,2,7
283,Matty,Jacob,Jacob,u,Has joined Newport County on loan until January,,4.0,617,181,0.0,608,206,0.0,424,149,0,0,0,0,0,0,6,0.0,0.0,0.0,0.0,0.0,424,149,0.0,0.0,389,142,384,142,326,124,395,140,,,,,,,,0.0,0.0,0.0,0.0,0.0,0.0,0.0,0.0,0.0,4,0,0,0,0,0,0,0,0,0,0,0,0,0,0,0,0,11,0,0.0,0.0,0.0,0.0,0.0,0.0,0.0,0.0,0,0,0,0
284,Cathal,McCarthy,McCarthy,a,,,4.0,656,215,0.1,434,156,0.0,454,174,0,0,0,0,0,43,45,0.0,0.0,0.0,0.0,0.0,454,174,,,419,167,414,167,359,152,425,165,,,,,,,,0.0,0.0,0.0,0.0,0.0,0.0,0.0,0.0,0.0,4,0,0,0,0,0,0,0,0,0,0,0,0,0,0,0,138,110,0,0.0,0.0,0.0,0.0,0.0,0.0,0.0,0.0,0,0,0,0
285,Paddy,McNair,McNair,a,,,4.0,594,165,0.1,400,149,0.2,349,125,0,0,0,0,0,18,42,0.0,0.2,0.2,0.2,1.0,272,96,100.0,100.0,312,120,369,134,309,114,341,125,,,,,,,,0.0,0.0,0.0,3.32,0.0,0.0,0.0,0.0,6.92,4,0,0,0,0,0,0,0,0,0,0,0,0,0,0,0,70,110,0,0.0,0.0,0.0,0.0,0.0,0.0,0.0,0.0,0,0,0,0
286,Mohamed,Belloumi,Belloumi,a,,,5.0,336,201,1.3,163,51,6.8,7,5,13,0,0,0,0,29712,371,1.4,5.4,6.8,6.8,6.8,19,11,,,92,33,138,82,101,55,107,56,2.0,2.0,,,,,,0.13,0.03,0.16,1.48,0.0,0.87,0.29,1.15,9.52,4,13,59,2,0,0,1,0,0,0,0,0,0,1,2,43,31628,1306,0,0.24,0.06,0.30000000000000004,0.2599999999999998,0.0,0.0,0.0,0.0,1,0,0,1
287,Liam,Millar,Millar,u,Has joined Birmingham on loan for the rest of the season,,5.0,280,171,0.0,505,203,1.5,207,91,0,0,0,0,0,0,76,0.3,1.2,0.0,0.0,3.0,130,50,0.0,0.0,163,60,305,153,151,75,222,100,,,,,,,,1.04,0.0,1.04,1.57,0.0,0.0,0.0,0.0,7.2,4,0,0,0,0,0,0,0,0,0,0,0,0,0,0,0,0,176,0,0.0,0.0,0.0,0.0,0.0,0.0,0.0,0.0,0,0,0,0
288,Kieran,Dowell,Dowell,a,,,4.5,446,261,0.3,288,98,0.0,469,189,0,0,0,0,0,50,255,0.0,0.0,0.0,0.0,0.0,469,189,,,435,171,432,179,381,148,441,175,,,,,,,,0.0,0.0,0.0,0.0,0.0,0.0,0.0,0.0,0.0,4,0,0,0,0,0,0,0,0,0,0,0,0,0,0,0,152,600,0,0.0,0.0,0.0,0.0,0.0,0.0,0.0,0.0,0,0,0,0
289,Matt,Crooks,Crooks,a,,,4.5,433,258,0.5,251,83,0.8,270,120,1,0,0,0,0,181,233,0.2,0.7,0.8,0.8,1.5,248,106,100.0,100.0,224,90,270,140,373,145,285,127,,,,,,,,0.0,0.0,0.0,1.35,0.0,0.57,1.14,1.14,10.82,4,1,68,0,0,0,2,0,0,0,1,0,0,1,0,2,436,840,0,0.0,0.0,0.0,0.54,0.0,0.0,0.0,0.0,2,5,3,10
290,Regan,Slater,Slater,a,,,4.5,474,264,5.5,69,22,3.2,79,34,2,0,0,0,0,2903,2398,0.7,2.9,3.2,3.2,3.2,113,45,,,152,56,113,71,191,93,154,73,1.0,,,,,,,0.02,0.14,0.16,1.48,0.0,0.75,0.5,1.0,7.25,4,2,90,0,0,0,2,0,0,0,0,0,0,1,0,22,22081,9938,0,0.04,0.10000000000000003,0.14,0.8900000000000006,0.0,0.0,0.0,0.0,3,3,4,10
291,Eliot,Matazo,Matazo,i,Knee injury - Unknown return date,,4.5,492,266,0.0,623,267,0.0,486,192,0,0,0,0,0,3,4,0.0,0.0,0.0,0.0,0.0,486,192,0.0,0.0,454,174,453,182,405,151,460,178,,,,,,,,0.0,0.0,0.0,0.0,0.0,0.0,0.0,0.0,0.0,4,0,0,0,0,0,0,0,0,0,0,0,0,0,0,0,9,12,0,0.0,0.0,0.0,0.0,0.0,0.0,0.0,0.0,0,0,0,0
292,Abdülkadir,Ömür,Ömür,a,,,4.9,373,223,0.0,579,239,0.0,544,219,0,0,0,-1,1,17,19,0.0,0.0,0.0,0.0,0.0,544,219,,,518,203,516,210,477,180,524,207,,,,,,,,0.0,0.0,0.0,0.0,0.0,0.0,0.0,0.0,0.0,4,0,0,0,0,0,0,0,0,0,0,0,0,0,0,0,27,37,0,0.0,0.0,0.0,0.0,0.0,0.0,0.0,0.0,0,0,0,0
293,Abu,Kamara,Kamara,u,Has joined Portsmouth permanently,,5.0,310,184,0.0,646,284,0.0,587,246,0,0,0,0,0,0,2,0.0,0.0,0.0,0.0,0.0,587,246,0.0,0.0,568,236,574,242,552,225,575,239,,,,,,,,0.0,0.0,0.0,0.0,0.0,0.0,0.0,0.0,0.0,4,0,0,0,0,0,0,0,0,0,0,0,0,0,0,0,0,3,0,0.0,0.0,0.0,0.0,0.0,0.0,0.0,0.0,0,0,0,0
294,Óscar,Zambrano,Zambrano,a,,,4.5,522,273,0.1,431,166,0.0,507,199,0,0,0,0,0,61,47,0.0,0.0,0.0,0.0,0.0,507,199,100.0,100.0,475,181,475,189,432,158,481,185,,,,,,,,0.0,0.0,0.0,0.0,0.0,0.0,0.0,0.0,0.0,4,0,0,0,0,0,0,0,0,0,0,0,0,0,0,0,177,111,0,0.0,0.0,0.0,0.0,0.0,0.0,0.0,0.0,0,0,0,0
295,Oli,McBurnie,McBurnie,a,,,5.5,127,33,1.9,129,18,3.0,101,10,4,0,0,0,0,1744,1104,0.5,2.2,3.0,3.0,3.0,138,15,,,220,16,73,4,21,8,65,8,,,1.0,,,,,0.26,0.03,0.29,1.47,0.0,0.77,0.51,1.03,3.59,4,4,81,0,1,0,2,0,0,0,1,0,0,1,0,17,3092,4368,0,0.47,0.04999999999999999,0.5199999999999999,0.6900000000000004,0.0,0.0,0.0,0.0,1,1,0,2
296,David,Akintola,Akintola,u,Has joined Omonoia FC permanently,,5.0,266,166,0.0,520,209,0.0,569,237,0,0,0,0,0,0,121,0.0,0.0,0.0,0.0,0.0,569,237,0.0,0.0,549,226,551,232,524,212,555,229,,,,,,,,0.0,0.0,0.0,0.0,0.0,0.0,0.0,0.0,0.0,4,0,0,0,0,0,0,0,0,0,0,0,0,0,0,0,0,228,0,0.0,0.0,0.0,0.0,0.0,0.0,0.0,0.0,0,0,0,0
297,Darko,Gyabi,Gyabi,i,Thigh injury - Unknown return date,,4.5,493,267,0.0,571,236,0.0,487,193,0,0,0,0,0,1,12,0.0,0.0,0.0,0.0,0.0,487,193,0.0,0.0,455,175,454,183,406,152,461,179,,,,,,,,0.0,0.0,0.0,0.0,0.0,0.0,0.0,0.0,0.0,4,0,0,0,0,0,0,0,0,0,0,0,0,0,0,0,11,34,0,0.0,0.0,0.0,0.0,0.0,0.0,0.0,0.0,0,0,0,0
298,Enis,Destan,Destan,u,Has joined Konyaspor permanently,,4.5,508,68,0.2,330,53,0.0,495,51,0,0,0,0,0,0,125,0.0,0.0,0.0,0.0,0.0,495,51,0.0,0.0,463,42,463,48,420,44,469,46,,,,,,,,0.0,0.0,0.0,0.0,0.0,0.0,0.0,0.0,0.0,4,0,0,0,0,0,0,0,0,0,0,0,0,0,0,0,0,296,0,0.0,0.0,0.0,0.0,0.0,0.0,0.0,0.0,0,0,0,0
299,Mason,Burstow,Burstow,u,Has joined Sheffield Wednesday on loan for the rest of the season,,4.5,516,69,0.0,519,72,0.0,502,52,0,0,0,0,0,0,24,0.0,0.0,0.0,0.0,0.0,502,52,0.0,0.0,470,43,470,49,427,45,476,47,,,,,,,,0.0,0.0,0.0,0.0,0.0,0.0,0.0,0.0,0.0,4,0,0,0,0,0,0,0,0,0,0,0,0,0,0,0,0,49,0,0.0,0.0,0.0,0.0,0.0,0.0,0.0,0.0,0,0,0,0
340,Joe,Gelhardt,Gelhardt,a,,,5.0,294,176,0.0,600,253,0.0,581,242,0,0,0,0,0,17,17,0.0,0.0,0.0,0.0,0.0,581,242,100.0,100.0,561,231,565,237,542,219,568,234,,,,,,,,0.0,0.0,0.0,0.0,0.0,0.0,0.0,0.0,0.0,4,0,0,0,0,0,0,0,0,0,0,0,0,0,0,0,28,25,0,0.0,0.0,0.0,0.0,0.0,0.0,0.0,0.0,0,0,0,0
556,Matt,Targett,Targett,a,,,4.0,597,167,1.9,130,53,0.2,351,127,0,0,0,0,0,276,696,0.0,0.2,0.2,0.2,1.0,274,98,,,355,130,371,135,311,115,382,133,,,,,,,,0.0,0.0,0.0,1.26,0.0,0.0,0.0,0.0,0.0,4,0,0,0,0,0,0,0,0,0,0,0,0,0,0,0,730,1949,0,0.0,0.0,0.0,0.0,0.0,0.0,0.0,0.0,0,0,0,0
563,Hidemasa,Morita,Morita,i,Calf injury - Expected back 11 Oct,,5.0,289,173,0.0,564,234,0.2,377,171,0,0,0,0,0,1,35,0.0,0.2,0.0,0.0,1.0,323,141,0.0,0.0,265,110,200,110,538,217,281,123,,,,,,,,0.0,0.0,0.0,2.18,0.0,0.0,0.0,2.0,6.0,4,0,0,0,0,0,0,0,0,0,0,0,0,0,0,0,8,72,0,0.0,0.0,0.0,0.0,0.0,0.0,0.0,0.0,0,0,0,0
572,Konstantinos,Tzolakis,Tzolakis,a,,,4.6,423,22,10.1,43,6,7.0,5,1,2,0,0,1,-1,9746,1246,1.5,6.1,7.0,7.0,7.0,15,1,,,49,9,506,51,465,50,175,8,,,,,,,,0.0,0.0,0.0,1.48,3.5,0.75,0.5,1.0,0.0,4,2,90,0,0,0,2,0,0,0,0,0,5,1,0,19,23658,6901,0,0.0,0.0,0.0,0.8900000000000006,0.0,0.0,0.0,0.0,0,3,15,0
574,Jens,Hjertø-Dahl,Hjertø-Dahl,a,,,4.9,410,247,0.1,481,191,0.2,370,166,0,0,0,-1,1,7,43,0.0,0.2,0.2,0.2,1.0,311,132,,,535,216,536,224,498,195,543,221,,,,,,,,0.0,0.0,0.0,0.0,0.0,0.0,0.0,0.0,11.25,4,0,0,0,0,0,0,0,0,0,0,0,0,0,0,0,33,95,0,0.0,0.0,0.0,0.0,0.0,0.0,0.0,0.0,0,0,0,0
576,Elliot,Stroud,Stroud,a,,,5.0,347,209,0.1,443,173,1.8,193,84,1,0,0,0,0,35,40,0.4,1.4,1.8,1.8,1.8,234,101,,,277,117,165,94,185,90,251,109,,,,,,,,0.02,0.02,0.04,1.56,0.0,0.72,0.36,1.45,7.23,4,1,59,0,0,0,1,0,0,0,0,0,0,1,0,3,81,117,0,0.009999999999999995,0.0,0.009999999999999995,0.2600000000000007,0.0,0.0,0.0,0.0,2,0,3,5
585,Lucas,Herrington,Herrington,a,,,4.0,650,209,0.6,240,89,1.0,239,88,1,0,0,0,0,153,95,0.2,1.0,1.0,1.0,1.0,279,103,,,231,96,336,128,353,146,298,110,,,,,,,,0.0,0.01,0.01,1.61,0.0,0.0,0.84,0.0,6.73,4,1,31,0,0,0,1,0,0,0,0,0,0,0,0,-1,338,418,0,0.0,0.01,0.01,0.6299999999999999,0.0,0.0,0.0,0.0,0,1,0,1
586,Nobel,Mendy,Mendy,a,,,4.1,579,161,8.1,51,20,6.2,14,3,1,0,0,1,-1,6240,1753,1.5,6.1,6.2,6.2,6.2,29,11,100.0,100.0,19,4,302,112,52,7,57,12,,,,,,,,0.12,0.0,0.12,1.45,0.0,0.72,0.36,1.45,14.1,4,1,58,0,0,0,1,0,0,0,0,0,0,1,0,1,25552,8376,0,0.0,0.0,0.0,0.2599999999999998,0.0,0.0,0.0,0.0,2,5,0,7
589,Lucas,Gourna-Douath,Gourna-Douath,a,,,5.0,300,179,0.0,553,229,0.8,279,126,0,0,0,0,0,7,10,0.2,0.6,0.8,0.8,1.5,253,109,,,200,79,152,90,545,221,229,102,,,,,,,,0.0,0.01,0.01,1.52,0.0,0.71,0.0,0.71,11.43,4,0,0,0,0,0,0,0,0,0,0,0,0,0,0,0,14,27,0,0.0,0.0,0.0,0.0,0.0,0.0,0.0,0.0,0,0,0,0
617,Mohamed-Ali,Cho,Cho,a,,,5.0,312,186,0.0,602,254,1.0,250,108,1,0,0,0,0,16,8,0.2,0.6,1.0,1.0,1.0,325,142,,,323,146,340,168,136,69,289,128,,,,,,,,0.9,0.32,1.22,1.62,0.0,0.0,2.0,0.0,4.0,4,1,30,0,0,0,1,0,0,0,0,0,0,0,0,3,29,21,0,0.4,0.16,0.5599999999999999,0.6300000000000001,0.0,0.0,0.0,0.0,0,1,1,2
632,Ilyas,Ansah,Ansah,i,Back injury - Unknown return date,,5.0,353,62,0.0,516,71,0.0,606,68,0,0,0,0,0,5,121,0.0,0.0,0.0,0.0,0.0,606,68,0.0,0.0,587,60,594,65,576,62,594,64,,,,,,,,0.0,0.0,0.0,0.0,0.0,0.0,0.0,0.0,0.0,4,0,0,0,0,0,0,0,0,0,0,0,0,0,0,0,15,231,0,0.0,0.0,0.0,0.0,0.0,0.0,0.0,0.0,0,0,0,0
637,Robinio,Vaz,Vaz,a,,,5.0,355,64,0.0,498,69,0.5,325,38,1,0,0,0,0,218,45,0.1,0.2,0.5,0.5,1.0,333,36,,,589,62,596,67,578,64,596,66,,,,,,,,0.0,0.0,0.0,2.25,0.0,0.0,0.0,0.0,11.25,4,1,8,0,0,0,0,0,0,0,0,0,0,0,0,3,394,111,0,0.0,0.0,0.0,0.2,0.0,0.0,0.0,0.0,0,0,1,1
638,Brooke,Norton-Cuffy,Norton-Cuffy,a,,,4.0,628,189,0.2,319,117,0.5,300,106,0,0,0,0,0,337,135,0.1,0.2,0.5,0.5,0.5,390,137,,,338,126,335,127,263,96,338,124,,,,,,,,0.08,0.0,0.08,0.85,0.0,0.0,0.0,0.0,2.65,4,0,8,0,0,0,0,0,0,0,1,0,0,0,0,-1,855,325,0,0.03,0.0,0.03,0.2,0.0,0.0,0.0,0.0,0,0,2,0
642,Sorba,Thomas,Thomas,a,,,5.5,142,85,0.0,585,244,1.0,254,112,1,0,0,0,0,52,20,0.2,0.4,1.0,1.0,1.0,353,161,,,328,148,220,117,615,263,312,140,,,,,,,,0.03,0.11,0.14,1.18,0.0,0.0,1.58,0.0,7.89,4,1,30,0,0,0,1,0,0,0,0,0,0,0,0,5,99,41,0,0.02,0.030000000000000006,0.049999999999999996,0.63,0.0,0.0,0.0,0.0,0,0,4,4
645,Christos,Mouzakitis,Mouzakitis,a,,,5.0,356,213,0.0,629,271,0.0,608,258,0,0,0,0,0,7,2,0.0,0.0,0.0,0.0,0.0,608,258,,,590,248,597,254,579,241,597,251,,,,,,,,0.0,0.0,0.0,0.0,0.0,0.0,0.0,0.0,0.0,4,0,0,0,0,0,0,0,0,0,0,0,0,0,0,0,16,9,0,0.0,0.0,0.0,0.0,0.0,0.0,0.0,0.0,0,0,0,0
259,Issa,Diop,Diop,a,,,4.0,607,175,14.3,27,8,2.0,155,58,1,0,0,0,0,805,3539,0.5,2.0,2.0,2.0,2.0,194,75,,,41,15,213,74,262,95,145,57,,,,,,,,0.0,0.04,0.04,1.68,0.0,0.0,2.5,1.0,8.75,4,1,90,0,0,0,2,0,0,0,0,0,0,1,0,8,4839,15656,0,0.0,0.13,0.13,0.6200000000000001,0.0,0.0,0.0,0.0,1,6,5,7
267,Saša,Lukić,Lukić,a,,,5.0,265,165,0.1,410,155,2.2,142,60,1,0,0,0,0,11,70,0.4,1.8,2.2,2.2,2.2,186,74,,,113,41,88,60,243,116,131,65,1.0,,,,,,,0.01,0.04,0.05,1.54,0.0,0.0,2.47,1.1,8.51,4,1,76,0,0,0,2,0,0,0,1,0,0,1,0,8,57,177,0,0.0,0.1,0.09999999999999999,0.35000000000000053,0.0,0.0,0.0,0.0,1,5,4,10
300,Christian,Walton,Walton,a,,,4.4,561,47,0.4,271,36,0.0,455,47,0,0,0,-1,1,42,69,0.0,0.0,0.0,0.0,0.0,455,47,,,420,46,415,27,360,24,426,46,,,,,,,,0.0,0.0,0.0,0.0,0.0,0.0,0.0,0.0,0.0,4,0,0,0,0,0,0,0,0,0,0,0,0,0,0,0,117,271,0,0.0,0.0,0.0,0.0,0.0,0.0,0.0,0.0,0,0,0,0
301,Alex,Palmer,Palmer,a,,,4.0,590,57,4.1,81,13,0.0,407,32,0,0,0,0,0,275,574,0.0,0.0,0.0,0.0,0.0,407,32,,,372,31,365,12,305,9,377,31,,,,,,,,0.0,0.0,0.0,0.0,0.0,0.0,0.0,0.0,0.0,4,0,0,0,0,0,0,0,0,0,0,0,0,0,0,0,2185,3342,0,0.0,0.0,0.0,0.0,0.0,0.0,0.0,0.0,0,0,0,0
302,David,Button,Button,a,,,4.0,583,52,0.6,241,33,0.0,400,27,0,0,0,0,0,86,52,0.0,0.0,0.0,0.0,0.0,400,27,,,365,26,358,7,298,4,370,26,,,,,,,,0.0,0.0,0.0,0.0,0.0,0.0,0.0,0.0,0.0,4,0,0,0,0,0,0,0,0,0,0,0,0,0,0,0,2631,839,0,0.0,0.0,0.0,0.0,0.0,0.0,0.0,0.0,0,0,0,0
303,Cédric,Kipré,Kipré,a,,,4.0,601,170,0.5,252,94,0.0,413,143,0,0,0,0,0,21,107,0.0,0.0,0.0,0.0,0.0,413,143,,,378,136,373,136,314,117,384,134,,,,,,,,0.0,0.0,0.0,0.0,0.0,0.0,0.0,0.0,0.0,4,0,0,0,0,0,0,0,0,0,0,0,0,0,0,0,54,420,0,0.0,0.0,0.0,0.0,0.0,0.0,0.0,0.0,0,0,0,0
304,Dara,O'Shea,O'Shea,a,,,4.0,606,174,3.0,101,39,2.0,154,57,1,0,0,0,0,236,621,0.5,2.0,2.0,2.0,2.0,193,74,,,53,22,129,38,146,46,96,28,,,,,,,,0.02,0.06,0.08,1.68,0.0,0.0,2.5,1.0,9.75,4,1,90,0,0,0,2,0,0,0,0,0,0,1,0,5,2735,4226,0,0.0,0.08000000000000002,0.08000000000000002,0.6200000000000001,0.0,0.0,0.0,0.0,2,7,2,9
305,Leif,Davis,Davis,a,,,4.0,620,184,5.2,71,29,5.8,22,5,14,0,0,0,0,10378,452,1.4,5.8,5.8,5.8,5.8,40,16,,,39,14,97,25,28,3,32,3,,2.0,,,,,,0.29,0.11,0.4,1.68,0.0,0.0,2.5,1.0,4.75,4,14,90,1,2,0,2,0,0,0,0,0,0,1,1,35,14513,4988,0,0.5199999999999999,0.19,0.7100000000000001,0.6200000000000001,0.0,0.0,0.0,0.0,0,2,0,2
306,Jacob,Greaves,Greaves,a,,,4.0,618,182,1.2,171,67,0.8,267,97,1,0,0,0,0,52,167,0.2,0.8,0.8,0.8,0.8,379,130,,,115,55,189,60,237,85,185,71,,,,,,,,0.0,0.02,0.02,1.7,0.0,0.0,2.52,1.01,7.56,4,1,87,0,0,0,2,0,0,0,0,0,0,1,0,7,238,1081,0,0.0,0.009999999999999995,0.009999999999999995,0.6200000000000001,0.0,0.0,0.0,0.0,0,6,4,6
307,Ben,Johnson,Johnson,u,Has joined Stoke City on loan for the rest of the season,,4.0,609,177,0.1,459,163,0.0,418,147,0,0,0,0,0,0,73,0.0,0.0,0.0,0.0,0.0,418,147,0.0,0.0,383,140,378,140,320,122,389,138,,,,,,,,0.0,0.0,0.0,0.0,0.0,0.0,0.0,0.0,0.0,4,0,0,0,0,0,0,0,0,0,0,0,0,0,0,0,0,194,0,0.0,0.0,0.0,0.0,0.0,0.0,0.0,0.0,0,0,0,0
308,Darnell,Furlong,Furlong,a,,,4.0,600,169,0.5,253,95,0.2,352,128,0,0,0,0,0,18,92,0.0,0.2,0.2,0.2,1.0,275,99,,,305,119,327,124,313,116,336,123,,,,,,,,0.0,0.0,0.0,4.55,0.0,0.0,5.29,0.0,15.88,4,0,0,0,0,0,0,0,0,0,0,0,0,0,0,0,52,362,0,0.0,0.0,0.0,0.0,0.0,0.0,0.0,0.0,0,0,0,0
309,Marcelino,Núñez,Núñez,a,,,5.0,321,190,0.1,396,146,1.5,210,93,0,0,0,0,0,15,100,0.3,1.2,1.5,1.5,3.0,133,52,,,203,81,173,99,227,112,226,101,3.0,1.0,,,,,,0.02,0.03,0.05,2.24,0.0,0.0,2.57,1.29,13.5,4,0,0,0,0,0,0,0,0,0,0,0,0,0,0,0,39,221,0,0.0,0.0,0.0,0.0,0.0,0.0,0.0,0.0,0,0,0,0
310,Azor,Matusiwa,Matusiwa,a,,,4.9,383,229,0.0,641,281,0.0,547,222,0,0,0,-1,1,1,4,0.0,0.0,0.0,0.0,0.0,547,222,100.0,100.0,522,207,521,214,482,184,528,211,,,,,,,,0.0,0.0,0.0,0.0,0.0,0.0,0.0,0.0,0.0,4,0,0,0,0,0,0,0,0,0,0,0,0,0,0,0,6,7,0,0.0,0.0,0.0,0.0,0.0,0.0,0.0,0.0,0,0,0,0
311,Wes,Burns,Burns,u,Has joined Leicester City permanently,,5.0,248,153,0.0,643,282,0.0,564,234,0,0,0,0,0,0,0,0.0,0.0,0.0,0.0,0.0,564,234,0.0,0.0,543,222,544,229,514,206,550,226,,,,,,,,0.0,0.0,0.0,0.0,0.0,0.0,0.0,0.0,0.0,4,0,0,0,0,0,0,0,0,0,0,0,0,0,0,0,0,1,0,0.0,0.0,0.0,0.0,0.0,0.0,0.0,0.0,0,0,0,0
312,Jack,Taylor,Taylor,i,Knee injury - Unknown return date,,4.5,469,263,0.0,538,220,0.0,477,191,0,0,0,0,0,3,20,0.0,0.0,0.0,0.0,0.0,477,191,0.0,0.0,444,173,441,181,391,150,450,177,,,,,,,,0.0,0.0,0.0,0.0,0.0,0.0,0.0,0.0,0.0,4,0,0,0,0,0,0,0,0,0,0,0,0,0,0,0,12,46,0,0.0,0.0,0.0,0.0,0.0,0.0,0.0,0.0,0,0,0,0
313,Jack,Clarke,Clarke,a,,,5.4,210,133,0.2,333,118,2.2,149,65,1,0,0,-1,1,18,162,0.4,1.7,2.2,2.2,3.0,136,55,,,158,58,211,114,118,61,181,84,4.0,3.0,1.0,,,,,0.26,0.03,0.29,0.25,0.0,0.0,0.86,0.86,5.14,4,1,62,0,0,0,1,0,0,0,1,0,0,1,0,8,52,461,0,0.15,0.02,0.17,0.19999999999999998,0.0,0.0,0.0,0.0,1,0,1,2
314,Chiedozie,Ogbene,Ogbene,u,Has joined Lincoln City on loan until January,,4.9,380,226,0.0,611,260,0.0,545,220,0,0,0,-1,1,0,10,0.0,0.0,0.0,0.0,0.0,545,220,0.0,0.0,520,205,519,212,480,182,526,209,,,,,,,,0.0,0.0,0.0,0.0,0.0,0.0,0.0,0.0,0.0,4,0,0,0,0,0,0,0,0,0,0,0,0,0,0,0,0,25,0,0.0,0.0,0.0,0.0,0.0,0.0,0.0,0.0,0,0,0,0
315,Abdul,Fatawu,Fatawu,a,,,5.5,168,103,0.2,337,121,2.2,151,67,1,0,0,0,0,32,110,0.4,1.6,2.2,2.2,2.2,191,79,,,100,36,11,11,162,79,37,28,2.0,,,,,,,0.01,0.26,0.27,1.92,0.0,0.0,2.83,1.26,7.55,4,1,61,0,0,0,1,0,0,0,1,0,0,1,0,4,191,306,0,0.0,0.04999999999999993,0.04999999999999993,0.20000000000000018,0.0,0.0,0.0,0.0,2,2,3,7
316,Emersonn,Correia da Silva,Emersonn,a,,,5.5,171,40,1.7,137,19,6.0,19,3,12,0,0,0,0,6527,505,1.1,4.4,6.0,6.0,6.0,38,4,100.0,100.0,116,6,102,9,60,15,73,10,,,2.0,,,,,0.56,0.04,0.6,0.84,0.0,0.0,1.9,1.52,3.42,4,12,62,1,1,0,1,0,0,0,0,0,0,1,3,45,8101,1995,0,0.43999999999999995,0.05,0.49,0.20000000000000018,0.0,0.0,0.0,0.0,0,0,2,2
317,George,Hirst,Hirst,u,Has joined Stoke City permanently,,5.0,274,53,0.1,429,63,0.0,572,61,0,0,0,0,0,0,61,0.0,0.0,0.0,0.0,0.0,572,61,0.0,0.0,552,53,554,58,527,55,558,57,,,,,,,,0.0,0.0,0.0,0.0,0.0,0.0,0.0,0.0,0.0,4,0,0,0,0,0,0,0,0,0,0,0,0,0,0,0,0,194,0,0.0,0.0,0.0,0.0,0.0,0.0,0.0,0.0,0,0,0,0
318,Jaden,Philogene,Philogene,a,,,5.4,218,137,0.1,457,181,0.2,383,176,1,0,0,-1,1,5,15,0.0,0.2,0.2,0.2,1.0,343,154,100.0,100.0,604,257,610,262,595,252,610,259,5.0,,3.0,,,,,0.06,0.0,0.06,1.32,0.0,0.0,3.21,0.0,9.64,4,1,28,0,0,0,1,0,0,0,0,0,0,0,0,6,14,81,0,0.02,0.0,0.01,0.41,0.0,0.0,0.0,0.0,0,0,3,3
319,Sam,Szmodics,Szmodics,u,Has joined Derby County on loan for the rest of the season,,5.0,254,158,0.0,636,276,0.0,567,236,0,0,0,0,0,0,1,0.0,0.0,0.0,0.0,0.0,567,236,0.0,0.0,546,224,547,231,519,210,553,228,,,,,,,,0.0,0.0,0.0,0.0,0.0,0.0,0.0,0.0,0.0,4,0,0,0,0,0,0,0,0,0,0,0,0,0,0,0,0,6,0,0.0,0.0,0.0,0.0,0.0,0.0,0.0,0.0,0,0,0,0
320,Chuba,Akpom,Akpom,a,,,5.0,247,51,1.2,168,25,1.5,205,20,0,0,0,0,0,1002,843,0.3,1.2,1.5,1.5,3.0,127,14,,,168,11,289,36,125,25,217,23,,,,,,,,1.27,0.0,1.27,5.27,0.0,0.0,5.22,0.0,3.91,4,0,0,0,0,0,0,0,0,0,0,0,0,0,0,0,3107,2082,0,0.0,0.0,0.0,0.0,0.0,0.0,0.0,0.0,0,0,0,0
321,Sindre,Walle Egeli,Walle Egeli,a,,,4.5,525,71,3.5,91,13,0.2,359,45,0,0,0,0,0,2116,1429,0.0,0.2,0.2,0.2,1.0,295,34,,,478,45,349,44,435,47,484,49,,,,,,,,0.0,0.0,0.0,0.27,0.0,0.0,0.0,0.0,0.0,4,0,0,0,0,0,0,0,0,0,0,0,0,0,0,0,7889,5620,0,0.0,0.0,0.0,0.0,0.0,0.0,0.0,0.0,0,0,0,0
322,Ali,Al-Hamadi,Al-Hamadi,u,Has joined Sheffield Wednesday on loan for the rest of the season,,5.0,293,56,0.1,476,66,0.0,580,63,0,0,0,0,0,0,47,0.0,0.0,0.0,0.0,0.0,580,63,0.0,0.0,560,55,564,60,541,57,567,59,,,,,,,,0.0,0.0,0.0,0.0,0.0,0.0,0.0,0.0,0.0,4,0,0,0,0,0,0,0,0,0,0,0,0,0,0,0,0,149,0,0.0,0.0,0.0,0.0,0.0,0.0,0.0,0.0,0,0,0,0
323,Kasey,McAteer,McAteer,a,,,4.5,490,265,1.2,172,55,0.8,273,121,0,0,0,0,0,119,585,0.2,0.7,0.8,0.8,1.0,291,123,,,308,137,284,145,209,104,309,138,,,,,,,,0.11,0.0,0.11,0.45,0.0,0.0,0.0,0.0,10.71,4,0,0,0,0,0,0,0,0,0,0,0,0,0,0,0,451,1640,0,0.0,0.0,0.0,0.0,0.0,0.0,0.0,0.0,0,0,0,0
324,Anis,Mehmeti,Mehmeti,a,,,4.9,381,227,0.0,524,212,0.0,546,221,0,0,0,-1,1,4,19,0.0,0.0,0.0,0.0,0.0,546,221,,,521,206,520,213,481,183,527,210,,,,,,,,0.0,0.0,0.0,0.0,0.0,0.0,0.0,0.0,0.0,4,0,0,0,0,0,0,0,0,0,0,0,0,0,0,0,5,56,0,0.0,0.0,0.0,0.0,0.0,0.0,0.0,0.0,0,0,0,0
554,Kayne,van Oevelen,Van Oevelen,u,Has joined Valencia on loan for the rest of the season,,4.5,517,45,0.0,566,66,0.0,503,63,0,0,0,0,0,0,7,0.0,0.0,0.0,0.0,0.0,503,63,0.0,0.0,471,63,471,49,428,48,477,63,,,,,,,,0.0,0.0,0.0,0.0,0.0,0.0,0.0,0.0,0.0,4,0,0,0,0,0,0,0,0,0,0,0,0,0,0,0,0,25,0,0.0,0.0,0.0,0.0,0.0,0.0,0.0,0.0,0,0,0,0
562,Daizen,Maeda,Maeda,a,,,5.4,209,132,0.3,306,106,1.8,194,85,1,0,0,-1,1,11,238,0.3,1.3,1.8,1.8,1.8,235,102,,,191,73,261,137,69,41,174,80,,,,,,,,0.26,0.0,0.26,2.06,0.0,0.0,2.96,1.11,7.04,4,1,27,0,0,0,1,0,0,0,0,0,0,0,0,1,56,559,0,0.0,0.0,0.0,0.41000000000000014,0.0,0.0,0.0,0.0,0,0,0,0
564,Kjell,Scherpen,Scherpen,a,,,4.5,472,36,0.6,236,32,1.8,184,15,1,0,0,0,0,108,89,0.4,1.6,1.8,1.8,1.8,231,18,,,29,5,443,42,393,39,147,5,,,,,,,,0.0,0.0,0.0,1.68,3.75,0.0,2.5,1.0,0.0,4,1,90,0,0,0,2,0,0,0,0,0,2,1,0,6,829,629,0,0.0,0.0,0.0,0.6200000000000001,0.0,0.0,0.0,0.0,0,3,9,0
571,Florentino Ibrain,Morris Luís,Florentino,a,,,4.9,378,225,0.1,437,169,0.2,364,161,1,0,0,-1,1,4,26,0.0,0.2,0.2,0.2,1.0,303,127,100.0,100.0,519,204,518,211,479,181,525,208,,,,,,,,0.0,0.07,0.07,1.87,0.0,0.0,0.0,0.0,13.85,4,1,13,0,0,0,0,0,0,0,0,0,0,0,0,8,16,134,0,0.0,0.01,0.01,0.27,0.0,0.0,0.0,0.0,1,1,0,2
591,Julio,Enciso,Enciso,a,,,5.5,158,95,0.9,199,62,3.2,86,37,2,0,0,0,0,359,755,0.6,2.4,3.2,3.2,3.2,116,47,100.0,100.0,104,38,64,48,41,26,47,34,,,,,,,,0.24,0.21,0.45,1.78,0.0,0.0,2.65,1.06,6.88,4,2,90,0,0,0,2,0,0,0,0,0,0,1,0,7,2975,1921,0,0.050000000000000044,0.17000000000000004,0.21999999999999997,0.6200000000000001,0.0,0.0,0.0,0.0,0,1,4,5
592,Abdoul,Ouattara,Ouattara,a,,,4.0,644,204,0.9,194,74,1.0,238,87,1,0,0,0,0,109,181,0.2,1.0,1.0,1.0,1.0,278,102,,,272,112,146,47,347,141,253,96,,,,,,,,0.0,0.04,0.04,1.95,0.0,0.0,2.2,0.0,6.59,4,1,2,0,0,0,0,0,0,0,0,0,0,0,0,5,368,653,0,0.0,0.0,0.0,0.0,0.0,0.0,0.0,0.0,1,0,1,1
602,Cameron,Humphreys,Humphreys,u,Has joined Huddersfield Town on loan for the rest of the season,,4.5,515,272,0.0,547,225,0.0,501,198,0,0,0,0,0,0,45,0.0,0.0,0.0,0.0,0.0,501,198,0.0,0.0,469,180,469,188,426,157,475,184,,,,,,,,0.0,0.0,0.0,0.0,0.0,0.0,0.0,0.0,0.0,4,0,0,0,0,0,0,0,0,0,0,0,0,0,0,0,0,78,0,0.0,0.0,0.0,0.0,0.0,0.0,0.0,0.0,0,0,0,0
619,Exequiel,Palacios,Palacios,a,,,5.0,268,167,0.0,539,221,3.0,95,41,4,0,0,0,0,51,40,0.6,1.8,3.0,3.0,3.0,128,49,,,196,76,112,70,272,128,203,92,,,,,,,,0.0,0.03,0.03,1.49,0.0,0.0,2.77,0.92,17.54,4,4,90,0,0,0,2,0,0,0,0,0,0,1,0,14,170,92,0,0.0,0.04000000000000001,0.04000000000000001,0.6200000000000001,0.0,0.0,0.0,0.0,3,5,5,13
640,Zian,Flemming,Flemming,a,,,5.5,145,37,0.0,510,70,3.0,103,11,5,0,0,0,0,149,49,0.5,1.1,3.0,3.0,3.0,139,16,,,329,34,331,41,218,35,318,36,,,,,,,,0.95,0.02,0.97,0.83,0.0,0.0,1.76,0.0,3.53,4,5,27,1,0,0,1,0,0,0,0,0,0,0,0,32,325,106,0,0.52,0.0,0.52,0.41,0.0,0.0,0.0,0.0,0,1,1,2
260,Harry,Wilson,Wilson,a,,,6.3,50,34,2.8,106,33,1.0,262,117,0,0,0,-2,2,89,2804,0.2,0.6,1.0,1.0,1.3,267,119,,,239,98,66,50,181,89,164,75,2.0,2.0,,,,,,0.01,0.04,0.05,2.11,0.0,0.71,0.0,0.71,6.38,4,0,0,0,0,0,0,0,0,0,0,0,0,0,0,0,287,11660,0,0.0,0.0,0.0,0.0,0.0,0.0,0.0,0.0,0,0,0,0
326,Lucas Estella,Perri,Perri,u,Has joined Torino on loan for the rest of the season,,4.5,455,33,0.4,283,38,0.0,471,56,0,0,0,0,0,0,181,0.0,0.0,0.0,0.0,0.0,471,56,0.0,0.0,438,56,435,39,384,36,444,56,,,,,,,,0.0,0.0,0.0,0.0,0.0,0.0,0.0,0.0,0.0,4,0,0,0,0,0,0,0,0,0,0,0,0,0,0,0,0,530,0,0.0,0.0,0.0,0.0,0.0,0.0,0.0,0.0,0,0,0,0
327,Jaka,Bijol,Bijol,a,,,5.0,287,48,0.8,207,80,3.0,96,38,0,0,0,0,0,143,355,0.6,2.4,3.0,3.0,4.0,79,33,,,154,71,323,123,152,51,219,83,,,,,,,,0.06,0.0,0.06,1.73,0.0,0.55,1.1,1.1,11.52,4,0,0,0,0,0,0,0,0,0,0,0,0,0,0,0,409,1400,0,0.0,0.0,0.0,0.0,0.0,0.0,0.0,0.0,0,0,0,0
329,Joe,Rodon,Rodon,i,Hamstring injury - Expected back 21 Nov,,4.4,566,150,1.2,174,68,1.8,179,67,0,0,0,-1,1,5,1207,0.4,1.6,0.0,0.0,3.5,94,37,0.0,0.0,207,88,190,61,207,70,238,91,,,,,,,,0.02,0.04,0.06,0.74,0.0,0.73,0.0,1.46,8.05,4,0,0,0,0,0,0,0,0,0,0,0,0,0,0,0,15,12960,0,0.0,0.0,0.0,0.0,0.0,0.0,0.0,0.0,0,0,0,0
330,Jayden,Bogle,Bogle,a,,,4.5,466,105,2.1,124,50,5.5,23,6,0,0,0,0,0,2977,420,1.2,4.9,5.5,5.5,7.3,9,2,,,72,35,193,63,81,16,104,35,,,,,,,,0.37,0.01,0.38,0.68,0.0,0.83,0.41,1.24,4.98,4,0,0,0,0,0,0,0,0,0,0,0,0,0,0,0,13359,2719,0,0.0,0.0,0.0,0.0,0.0,0.0,0.0,0.0,0,0,0,0
331,Gabriel,Gudmundsson,Gudmundsson,a,,,4.5,475,110,0.1,488,174,0.5,307,111,0,0,0,0,0,35,13,0.1,0.4,0.5,0.5,2.0,199,79,100.0,100.0,253,104,303,113,270,103,304,113,,,,,,,,0.0,0.0,0.0,2.19,0.0,0.0,1.0,1.0,5.0,4,0,0,0,0,0,0,0,0,0,0,0,0,0,0,0,168,56,0,0.0,0.0,0.0,0.0,0.0,0.0,0.0,0.0,0,0,0,0
332,James,Justin,Justin,a,,,4.5,461,101,1.5,149,62,4.0,53,24,0,0,0,0,0,339,270,0.9,3.6,4.0,4.0,5.3,45,18,,,62,29,187,59,91,20,99,30,,,,,,,,0.06,0.01,0.07,1.51,0.0,0.33,0.67,1.0,10.0,4,0,0,0,0,0,0,0,0,0,0,0,0,0,0,0,3571,2376,0,0.0,0.0,0.0,0.0,0.0,0.0,0.0,0.0,0,0,0,0
333,Sebastiaan,Bornauw,Bornauw,u,Has joined Hamburg SV on loan for the rest of the season,,4.5,484,118,0.0,644,214,0.0,484,186,0,0,0,0,0,0,1,0.0,0.0,0.0,0.0,0.0,484,186,0.0,0.0,451,180,449,180,401,170,457,178,,,,,,,,0.0,0.0,0.0,0.0,0.0,0.0,0.0,0.0,0.0,4,0,0,0,0,0,0,0,0,0,0,0,0,0,0,0,0,5,0,0.0,0.0,0.0,0.0,0.0,0.0,0.0,0.0,0,0,0,0
334,Tarik,Muharemović,Muharemović,a,,,5.0,330,59,3.9,86,33,3.5,72,30,0,0,0,0,0,942,449,0.7,2.8,3.5,3.5,4.7,59,23,,,18,3,275,97,121,36,90,23,,,,,,,,0.03,0.01,0.04,1.51,0.0,0.33,0.67,1.0,13.0,4,0,0,0,0,0,0,0,0,0,0,0,0,0,0,0,18095,7236,0,0.0,0.0,0.0,0.0,0.0,0.0,0.0,0.0,0,0,0,0
335,Anton,Stach,Stach,a,,,6.0,74,50,2.7,107,34,4.8,38,18,0,0,0,0,0,437,1613,0.8,3.2,4.8,4.8,6.3,27,15,,,30,14,107,68,76,45,52,37,1.0,1.0,,,,,,0.16,0.05,0.21,1.51,0.0,0.33,0.67,1.0,12.67,4,0,0,0,0,0,0,0,0,0,0,0,0,0,0,0,2744,5172,0,0.0,0.0,0.0,0.0,0.0,0.0,0.0,0.0,0,0,0,0
336,Noah,Okafor,Okafor,a,,,5.9,94,60,0.3,305,105,1.5,215,97,0,0,0,-1,1,44,243,0.3,1.0,1.5,1.5,2.0,220,93,,,229,92,159,92,144,74,215,98,,,,,,,,0.05,0.11,0.16,0.65,0.0,0.59,0.59,1.18,4.12,4,0,0,0,0,0,0,0,0,0,0,0,0,0,0,0,205,871,0,0.0,0.0,0.0,0.0,0.0,0.0,0.0,0.0,0,0,0,0
337,Brenden,Aaronson,Aaronson,a,,,5.4,206,129,0.6,242,80,1.2,228,102,0,0,0,-1,1,33,328,0.2,0.9,1.2,1.2,1.7,245,105,,,268,113,263,138,217,109,295,131,,4.0,,,,,,0.01,0.01,0.02,1.8,0.0,0.58,1.17,1.17,5.84,4,0,0,0,0,0,0,0,0,0,0,0,0,0,0,0,100,1239,0,0.0,0.0,0.0,0.0,0.0,0.0,0.0,0.0,0,0,0,0
338,Ethan,Ampadu,Ampadu,a,,,5.4,193,120,1.0,188,60,2.2,148,64,0,0,0,-1,1,60,567,0.4,1.7,2.2,2.2,3.0,135,54,,,70,23,86,59,294,143,122,59,,,,,,,,0.0,0.05,0.05,1.51,0.0,0.33,0.67,1.0,11.33,4,0,0,0,0,0,0,0,0,0,0,0,0,0,0,0,224,1783,0,0.0,0.0,0.0,0.0,0.0,0.0,0.0,0.0,0,0,0,0
339,Sean,Longstaff,Longstaff,a,,,4.9,369,220,0.1,427,165,0.2,362,160,0,0,0,-1,1,18,61,0.0,0.2,0.2,0.2,1.0,300,126,,,515,201,347,172,474,178,521,205,3.0,3.0,,,,,,0.0,0.0,0.0,0.79,0.0,0.0,0.0,0.0,0.0,4,0,0,0,0,0,0,0,0,0,0,0,0,0,0,0,53,166,0,0.0,0.0,0.0,0.0,0.0,0.0,0.0,0.0,0,0,0,0
341,Wilfried,Gnonto,Gnonto,u,Has joined ACF Fiorentina on loan for the rest of the season,,5.0,315,187,0.0,606,257,0.0,590,248,0,0,0,0,0,0,15,0.0,0.0,0.0,0.0,0.0,590,248,0.0,0.0,571,238,577,244,555,227,578,241,,,,,,,,0.0,0.0,0.0,0.0,0.0,0.0,0.0,0.0,0.0,4,0,0,0,0,0,0,0,0,0,0,0,0,0,0,0,0,33,0,0.0,0.0,0.0,0.0,0.0,0.0,0.0,0.0,0,0,0,0
342,Jack,Harrison,Harrison,u,Has joined New England Revolution permanently,,5.0,271,168,0.0,653,290,0.0,570,238,0,0,0,0,0,0,1,0.0,0.0,0.0,0.0,0.0,570,238,0.0,0.0,550,227,552,233,525,213,556,230,,,,,,,,0.0,0.0,0.0,0.0,0.0,0.0,0.0,0.0,0.0,4,0,0,0,0,0,0,0,0,0,0,0,0,0,0,0,0,1,0,0.0,0.0,0.0,0.0,0.0,0.0,0.0,0.0,0,0,0,0
343,Daniel,James,James,a,,,5.0,258,160,0.1,420,161,0.2,375,170,0,0,0,0,0,25,47,0.0,0.2,0.2,0.2,1.0,321,140,,,547,225,304,152,176,87,317,143,,,,,,,,0.98,0.04,1.02,3.8,0.0,0.0,0.0,0.0,8.18,4,0,0,0,0,0,0,0,0,0,0,0,0,0,0,0,65,164,0,0.0,0.0,0.0,0.0,0.0,0.0,0.0,0.0,0,0,0,0
344,Ilia,Gruev,Gruev,d,Knee injury - 25% chance of playing,,5.0,306,181,0.0,638,278,0.0,584,244,0,0,0,0,0,0,1,0.0,0.0,0.0,0.0,0.0,584,244,25.0,25.0,564,233,570,239,548,222,571,236,,,,,,,,0.0,0.0,0.0,0.0,0.0,0.0,0.0,0.0,0.0,4,0,0,0,0,0,0,0,0,0,0,0,0,0,0,0,1,6,0,0.0,0.0,0.0,0.0,0.0,0.0,0.0,0.0,0,0,0,0
345,Tanaka,Ao,Tanaka,a,,,4.9,384,230,0.2,321,114,1.5,202,87,0,0,0,-1,1,86,115,0.3,1.2,1.5,1.5,3.0,125,48,,,145,53,194,108,168,81,188,87,4.0,,,,,,,0.41,0.02,0.43,1.54,0.0,0.0,0.77,0.77,14.62,4,0,0,0,0,0,0,0,0,0,0,0,0,0,0,0,380,331,0,0.0,0.0,0.0,0.0,0.0,0.0,0.0,0.0,0,0,0,0
346,Dominic,Calvert-Lewin,Calvert-Lewin,a,,,6.0,63,14,22.1,14,4,2.5,133,15,0,0,0,0,0,2514,7774,0.4,1.7,2.5,2.5,3.3,111,12,,,139,9,185,22,34,12,86,12,,,1.0,,,,,0.58,0.03,0.61,1.14,0.0,0.36,0.71,1.07,3.21,4,0,0,0,0,0,0,0,0,0,0,0,0,0,0,0,9861,51422,0,0.0,0.0,0.0,0.0,0.0,0.0,0.0,0.0,0,0,0,0
347,Lukas,Nmecha,Nmecha,a,,,5.4,188,44,0.5,255,43,1.2,227,22,0,0,0,-1,1,271,213,0.2,0.9,1.2,1.2,2.5,165,22,,,225,19,158,16,155,27,221,24,,,2.0,,,,,0.64,0.33,0.97,5.33,0.0,0.0,0.0,0.0,2.37,4,0,0,0,0,0,0,0,0,0,0,0,0,0,0,0,737,795,0,0.0,0.0,0.0,0.0,0.0,0.0,0.0,0.0,0,0,0,0
348,Joël,Piroe,Piroe,u,Has joined West Ham United on loan for the rest of the season,,5.0,281,55,0.1,467,65,0.0,575,62,0,0,0,0,0,0,49,0.0,0.0,0.0,0.0,0.0,575,62,0.0,0.0,555,54,557,59,532,56,562,58,,,3.0,,,,,0.0,0.0,0.0,0.0,0.0,0.0,0.0,0.0,0.0,4,0,0,0,0,0,0,0,0,0,0,0,0,0,0,0,0,125,0,0.0,0.0,0.0,0.0,0.0,0.0,0.0,0.0,0,0,0,0
349,Mateo,Joseph Fernández-Regatillo,Mateo Joseph,i,Knee injury - Unknown return date,,4.5,526,72,0.1,492,68,0.0,510,54,0,0,0,0,0,15,20,0.0,0.0,0.0,0.0,0.0,510,54,0.0,0.0,479,46,478,51,436,48,485,50,,,,,,,,0.0,0.0,0.0,0.0,0.0,0.0,0.0,0.0,0.0,4,0,0,0,0,0,0,0,0,0,0,0,0,0,0,0,55,95,0,0.0,0.0,0.0,0.0,0.0,0.0,0.0,0.0,0,0,0,0
385,James,Trafford,Trafford,a,,,5.0,285,11,5.4,70,10,3.8,63,3,0,0,0,0,0,1455,840,0.8,3.0,3.8,3.8,5.0,50,2,,,25,4,560,62,535,62,142,4,,,,,,,,0.0,0.0,0.0,1.51,3.67,0.33,0.67,1.0,0.0,4,0,0,0,0,0,0,0,0,0,0,0,0,0,0,0,6040,4436,0,0.0,0.0,0.0,0.0,0.0,0.0,0.0,0.0,0,0,0,0
598,Nico,Elvedi,Elvedi,a,,,4.5,448,91,0.0,501,177,1.2,219,82,0,0,0,0,0,23,5,0.3,1.1,1.2,1.2,2.5,161,61,,,136,61,156,50,175,60,163,65,,,,,,,,0.0,0.35,0.35,2.16,0.0,0.0,1.23,0.62,9.86,4,0,0,0,0,0,0,0,0,0,0,0,0,0,0,0,241,96,0,0.0,0.0,0.0,0.0,0.0,0.0,0.0,0.0,0,0,0,0
603,Jayden,Lienou,Lienou,a,,,4.0,654,213,0.1,421,152,0.0,452,172,0,0,0,0,0,63,31,0.0,0.0,0.0,0.0,0.0,452,172,,,417,165,412,165,357,150,423,163,,,,,,,,0.0,0.0,0.0,0.0,0.0,0.0,0.0,0.0,0.0,4,0,0,0,0,0,0,0,0,0,0,0,0,0,0,0,164,78,0,0.0,0.0,0.0,0.0,0.0,0.0,0.0,0.0,0,0,0,0
604,Alfie,Cresswell,Cresswell,a,,,4.5,537,279,0.1,371,133,0.0,518,204,0,0,0,0,0,74,58,0.0,0.0,0.0,0.0,0.0,518,204,,,487,186,486,194,444,163,493,190,,,,,,,,0.0,0.0,0.0,0.0,0.0,0.0,0.0,0.0,0.0,4,0,0,0,0,0,0,0,0,0,0,0,0,0,0,0,222,178,0,0.0,0.0,0.0,0.0,0.0,0.0,0.0,0.0,0,0,0,0
625,Alex,Cairns,Cairns,a,,,4.0,588,56,0.2,346,39,0.0,405,31,0,0,0,0,0,113,37,0.0,0.0,0.0,0.0,0.0,405,31,,,370,30,363,11,303,8,375,30,,,,,,,,0.0,0.0,0.0,0.0,0.0,0.0,0.0,0.0,0.0,4,0,0,0,0,0,0,0,0,0,0,0,0,0,0,0,481,250,0,0.0,0.0,0.0,0.0,0.0,0.0,0.0,0.0,0,0,0,0
629,Michael,Zetterer,Zetterer,a,,,4.0,592,58,0.5,259,35,0.0,409,33,0,0,0,0,0,705,101,0.0,0.0,0.0,0.0,0.0,409,33,,,374,32,367,13,307,10,379,32,,,,,,,,0.0,0.0,0.0,0.0,0.0,0.0,0.0,0.0,0.0,4,0,0,0,0,0,0,0,0,0,0,0,0,0,0,0,2097,494,0,0.0,0.0,0.0,0.0,0.0,0.0,0.0,0.0,0,0,0,0
641,Melvin,Bard,Bard,a,,,4.5,483,117,0.0,631,211,0.0,483,185,0,0,0,0,0,17,3,0.0,0.0,0.0,0.0,0.0,483,185,,,450,179,448,179,400,169,456,177,,,,,,,,0.0,0.0,0.0,0.0,0.0,0.0,0.0,0.0,0.0,4,0,0,0,0,0,0,0,0,0,0,0,0,0,0,0,40,12,0,0.0,0.0,0.0,0.0,0.0,0.0,0.0,0.0,0,0,0,0
648,Jean-Mattéo,Bahoya,Bahoya,a,,,5.0,344,207,0.0,588,246,0.0,603,256,0,0,0,0,0,14,14,0.0,0.0,0.0,0.0,0.0,603,256,,,584,246,591,252,572,238,591,249,,,,,,,,0.0,0.0,0.0,0.0,0.0,0.0,0.0,0.0,0.0,4,0,0,0,0,0,0,0,0,0,0,0,0,0,0,0,44,36,0,0.0,0.0,0.0,0.0,0.0,0.0,0.0,0.0,0,0,0,0
350,Alisson,Becker,A.Becker,a,,,5.5,125,3,3.9,84,14,4.8,35,2,9,0,0,0,0,1332,669,0.9,3.5,4.8,4.8,4.8,55,4,,,97,14,617,69,606,69,214,14,,,,,,,,0.0,0.0,0.0,1.34,3.0,0.5,1.0,1.0,0.0,4,9,90,0,0,1,0,0,0,0,0,0,3,1,2,30,5256,2740,0,0.0,0.0,0.0,0.71,0.0,0.0,0.0,0.0,0,0,14,0
351,Giorgi,Mamardashvili,Mamardashvili,a,,,4.9,392,21,0.1,381,44,0.0,552,68,0,0,0,-1,1,12,90,0.0,0.0,0.0,0.0,0.0,552,68,,,527,68,528,56,490,55,535,68,,,,,,,,0.0,0.0,0.0,0.0,0.0,0.0,0.0,0.0,0.0,4,0,0,0,0,0,0,0,0,0,0,0,0,0,0,0,24,170,0,0.0,0.0,0.0,0.0,0.0,0.0,0.0,0.0,0,0,0,0
352,Freddie,Woodman,Woodman,a,,,4.0,593,59,1.1,181,27,0.0,410,34,0,0,0,0,0,101,194,0.0,0.0,0.0,0.0,0.0,410,34,,,375,33,368,14,308,11,380,33,,,,,,,,0.0,0.0,0.0,0.0,0.0,0.0,0.0,0.0,0.0,4,0,0,0,0,0,0,0,0,0,0,0,0,0,0,0,298,566,0,0.0,0.0,0.0,0.0,0.0,0.0,0.0,0.0,0,0,0,0
353,Armin,Pecsi,Pecsi,u,Has joined TSV Hartberg on loan for the rest of the season,,4.0,649,71,0.0,570,67,0.0,448,46,0,0,0,0,0,0,5,0.0,0.0,0.0,0.0,0.0,448,46,0.0,0.0,413,45,408,26,352,23,419,45,,,,,,,,0.0,0.0,0.0,0.0,0.0,0.0,0.0,0.0,0.0,4,0,0,0,0,0,0,0,0,0,0,0,0,0,0,0,0,17,0,0.0,0.0,0.0,0.0,0.0,0.0,0.0,0.0,0,0,0,0
354,Vitezslav,Jaros,Jaros,i,Knee injury - Unknown return date,,4.0,612,64,0.0,573,68,0.0,420,39,0,0,0,0,0,10,7,0.0,0.0,0.0,0.0,0.0,420,39,0.0,0.0,385,38,380,19,322,16,391,38,,,,,,,,0.0,0.0,0.0,0.0,0.0,0.0,0.0,0.0,0.0,4,0,0,0,0,0,0,0,0,0,0,0,0,0,0,0,55,54,0,0.0,0.0,0.0,0.0,0.0,0.0,0.0,0.0,0,0,0,0
355,Harvey,Davies,Davies,a,,,4.0,622,67,0.2,364,40,0.0,425,42,0,0,0,0,0,29,32,0.0,0.0,0.0,0.0,0.0,425,42,,,390,41,385,22,327,19,396,41,,,,,,,,0.0,0.0,0.0,0.0,0.0,0.0,0.0,0.0,0.0,4,0,0,0,0,0,0,0,0,0,0,0,0,0,0,0,109,100,0,0.0,0.0,0.0,0.0,0.0,0.0,0.0,0.0,0,0,0,0
356,Virgil,van Dijk,Virgil,a,,,6.5,33,2,16.9,22,6,4.2,50,21,8,0,0,0,0,1734,2850,0.6,2.6,4.2,4.2,4.2,75,29,,,45,18,229,78,108,31,115,42,,,,,,,,0.06,0.02,0.08,1.34,0.0,0.5,1.0,1.0,8.75,4,8,90,0,0,1,0,0,0,0,0,0,0,1,0,25,6801,11660,0,0.0,0.010000000000000009,0.010000000000000009,0.71,0.0,0.0,0.0,0.0,0,10,1,10
357,Jeremie,Frimpong,Frimpong,a,,,5.4,197,25,2.2,120,47,0.5,328,122,1,0,0,-1,1,159,2793,0.1,0.4,0.5,0.5,0.7,386,136,,,199,85,59,13,161,54,143,55,,,,,,,,0.01,0.12,0.13,1.97,0.0,0.0,2.02,1.01,6.07,4,1,18,0,0,0,0,0,0,0,0,0,0,0,0,12,464,9323,0,0.0,0.12000000000000001,0.12,0.08999999999999986,0.0,0.0,0.0,0.0,1,3,1,4
358,Milos,Kerkez,Kerkez,a,,,5.4,227,30,2.7,108,41,1.8,195,76,1,0,0,-1,1,157,2608,0.3,1.3,1.8,1.8,1.8,236,88,,,96,44,100,28,178,61,118,44,,,,,,,,0.01,0.02,0.03,1.49,0.0,0.31,1.22,0.92,7.02,4,1,45,0,0,0,0,0,0,0,0,0,0,0,0,6,1205,5070,0,0.0,0.010000000000000009,0.009999999999999995,0.3100000000000005,0.0,0.0,0.0,0.0,1,2,0,3
359,Joe,Gomez,Gomez,i,Muscular injury - Unknown return date,,5.0,253,38,0.0,591,201,0.0,566,202,0,0,0,0,0,3,6,0.0,0.0,0.0,0.0,0.0,566,202,0.0,0.0,545,201,546,201,518,197,552,200,,,,,,,,0.0,0.0,0.0,0.0,0.0,0.0,0.0,0.0,0.0,4,0,0,0,0,0,0,0,0,0,0,0,0,0,0,0,3,12,0,0.0,0.0,0.0,0.0,0.0,0.0,0.0,0.0,0,0,0,0
360,Conor,Bradley,Bradley,i,Knee injury - Unknown return date,,5.0,314,57,0.0,604,205,0.0,589,208,0,0,0,0,0,3,12,0.0,0.0,0.0,0.0,0.0,589,208,0.0,0.0,570,207,576,207,554,205,577,207,,,,,,,,0.0,0.0,0.0,0.0,0.0,0.0,0.0,0.0,0.0,4,0,0,0,0,0,0,0,0,0,0,0,0,0,0,0,4,16,0,0.0,0.0,0.0,0.0,0.0,0.0,0.0,0.0,0,0,0,0
361,Wellity,Lucky,Lucky,a,,,4.0,633,193,0.1,395,147,0.0,435,156,0,0,0,0,0,38,55,0.0,0.0,0.0,0.0,0.0,435,156,,,400,149,395,149,337,131,406,147,,,,,,,,0.0,0.0,0.0,0.0,0.0,0.0,0.0,0.0,0.0,4,0,0,0,0,0,0,0,0,0,0,0,0,0,0,0,83,122,0,0.0,0.0,0.0,0.0,0.0,0.0,0.0,0.0,0,0,0,0
362,Jeremy,Jacquet,Jacquet,a,,,5.0,345,61,2.8,105,40,4.5,40,15,9,0,0,0,0,3976,454,0.9,3.6,4.5,4.5,4.5,63,24,100.0,100.0,63,30,92,24,245,91,109,37,,,,,,,,0.0,0.03,0.03,1.31,0.0,0.55,1.11,1.11,7.75,4,9,90,0,0,1,0,0,0,0,0,0,0,1,3,36,7834,2515,0,0.0,0.01999999999999999,0.01999999999999999,0.7100000000000009,0.0,0.0,0.0,0.0,1,4,5,5
363,Giovanni,Leoni,Leoni,i,Knee injury - Unknown return date,,4.0,655,214,0.0,528,184,0.0,453,173,0,0,0,0,0,6,24,0.0,0.0,0.0,0.0,0.0,453,173,0.0,0.0,418,166,413,166,358,151,424,164,,,,,,,,0.0,0.0,0.0,0.0,0.0,0.0,0.0,0.0,0.0,4,0,0,0,0,0,0,0,0,0,0,0,0,0,0,0,11,50,0,0.0,0.0,0.0,0.0,0.0,0.0,0.0,0.0,0,0,0,0
364,Kostas,Tsimikas,Tsimikas,a,,,4.9,375,68,0.1,462,164,0.5,311,115,1,0,0,-1,1,41,23,0.1,0.4,0.5,0.5,1.0,302,119,,,320,123,297,110,198,68,310,115,,,,,,,,0.06,0.03,0.09,0.66,0.0,0.0,0.0,1.41,4.22,4,1,45,0,0,0,0,0,0,0,0,0,0,1,0,3,69,70,0,0.0,0.01,0.009999999999999995,0.39999999999999997,0.0,0.0,0.0,0.0,1,2,3,3
365,Calvin,Ramsay,Ramsay,u,Has joined St Mirren on loan for the rest of the season,,4.0,626,188,0.1,416,151,0.0,429,152,0,0,0,0,0,0,63,0.0,0.0,0.0,0.0,0.0,429,152,0.0,0.0,394,145,389,145,331,127,400,143,,,,,,,,0.0,0.0,0.0,0.0,0.0,0.0,0.0,0.0,0.0,4,0,0,0,0,0,0,0,0,0,0,0,0,0,0,0,0,162,0,0.0,0.0,0.0,0.0,0.0,0.0,0.0,0.0,0,0,0,0
366,Florian,Wirtz,Wirtz,a,,,7.4,20,13,7.7,54,19,3.0,108,46,3,0,0,-1,1,340,8744,0.4,1.6,3.0,3.0,3.0,146,58,,,135,51,29,25,24,13,30,23,3.0,2.0,4.0,,,,,0.22,0.09,0.31,1.13,0.0,0.54,1.08,1.08,7.59,4,3,90,0,0,1,0,0,0,0,0,0,0,1,0,14,6259,22739,0,0.14,0.06,0.19999999999999996,0.71,0.0,0.0,0.0,0.0,1,2,6,9
367,Cody,Gakpo,Gakpo,a,,,7.2,24,15,12.2,33,13,7.2,4,3,1,0,0,2,-2,5482,12881,1.0,4.0,7.2,5.4,7.2,14,8,100.0,75.0,5,4,10,10,51,33,9,7,2.0,,3.0,,,,,0.13,0.39,0.52,1.51,0.0,0.32,1.29,0.96,8.68,4,1,30,0,0,0,0,0,0,0,0,0,0,0,0,3,19228,54981,0,0.04999999999999999,0.020000000000000018,0.06999999999999984,0.15000000000000036,0.0,0.0,0.0,0.0,0,0,2,2
368,Dominik,Szoboszlai,Szoboszlai,a,,,7.0,27,18,38.4,6,2,4.5,45,22,3,0,0,0,0,2967,23072,0.6,2.6,4.5,4.5,4.5,64,29,,,27,13,4,4,64,38,14,11,1.0,1.0,1.0,,,,,0.31,0.2,0.51,1.34,0.0,0.5,1.0,1.0,8.75,4,3,90,0,0,1,0,0,0,0,0,0,0,1,0,25,42309,53439,0,0.06000000000000005,0.28,0.33999999999999986,0.71,0.0,0.0,0.0,0.0,0,3,3,6
369,Rio,Ngumoha,Ngumoha,a,,,5.8,117,76,0.6,243,81,1.0,257,115,1,0,0,-2,2,98,625,0.2,0.7,1.0,1.0,1.3,266,118,,,310,138,231,121,220,111,300,134,,,,,,,,0.14,0.05,0.19,0.61,0.0,0.0,1.82,0.91,3.64,4,1,18,0,0,0,0,0,0,0,0,0,0,0,0,-1,482,1835,0,0.10999999999999999,0.0,0.11000000000000001,0.09000000000000008,0.0,0.0,0.0,0.0,0,1,0,1
370,Federico,Chiesa,Chiesa,i,Back injury - Unknown return date,,5.4,198,124,0.1,491,195,0.0,617,264,0,0,0,-1,1,4,40,0.0,0.0,0.0,0.0,0.0,617,264,0.0,0.0,599,254,606,260,590,249,606,257,,,,,,,,0.0,0.0,0.0,0.0,0.0,0.0,0.0,0.0,0.0,4,0,0,0,0,0,0,0,0,0,0,0,0,0,0,0,4,102,0,0.0,0.0,0.0,0.0,0.0,0.0,0.0,0.0,0,0,0,0
371,Ryan,Gravenberch,Gravenberch,a,,,5.9,96,62,1.3,162,50,2.0,173,78,1,0,0,-1,1,206,1223,0.3,1.4,2.0,2.0,2.0,221,94,,,187,71,128,78,249,119,199,90,,,,,,,,0.04,0.03,0.07,0.94,0.0,0.0,0.99,0.99,11.93,4,1,59,0,0,0,0,0,0,0,0,0,0,1,0,10,460,3216,0,0.020000000000000004,0.010000000000000009,0.03,0.5599999999999998,0.0,0.0,0.0,0.0,2,7,1,10
372,Alexis,Mac Allister,Mac Allister,a,,,5.4,203,128,1.4,158,48,1.5,213,96,1,0,0,-1,1,381,1191,0.3,1.1,1.5,1.5,1.5,257,113,,,167,64,160,93,128,65,173,79,,,5.0,,,,,0.04,0.18,0.22,1.69,0.0,0.42,0.83,0.83,11.67,4,1,30,0,0,0,0,0,0,0,0,0,0,0,0,7,1514,2289,0,0.020000000000000004,0.020000000000000018,0.040000000000000036,0.1499999999999999,0.0,0.0,0.0,0.0,1,2,1,4
373,Curtis,Jones,C.Jones,u,Has joined Internazionale permanently,,5.5,137,82,0.0,557,230,0.0,627,270,0,0,0,0,0,0,5,0.0,0.0,0.0,0.0,0.0,627,270,0.0,0.0,616,265,622,267,612,260,622,267,,,,,,,,0.0,0.0,0.0,0.0,0.0,0.0,0.0,0.0,0.0,4,0,0,0,0,0,0,0,0,0,0,0,0,0,0,0,0,23,0,0.0,0.0,0.0,0.0,0.0,0.0,0.0,0.0,0,0,0,0
374,Endo,Wataru,Endo,a,,,4.9,368,219,0.1,473,187,0.0,542,217,0,0,0,-1,1,18,49,0.0,0.0,0.0,0.0,0.0,542,217,100.0,100.0,514,200,514,208,473,177,520,204,,,,,,,,0.0,0.0,0.0,0.0,0.0,0.0,0.0,0.0,0.0,4,0,0,0,0,0,0,0,0,0,0,0,0,0,0,0,36,90,0,0.0,0.0,0.0,0.0,0.0,0.0,0.0,0.0,0,0,0,0
375,Trey,Nyoni,Nyoni,a,,,4.9,415,252,0.0,508,205,0.5,316,141,0,0,0,-1,1,11,28,0.1,0.4,0.5,0.5,1.0,314,135,,,290,125,273,141,502,199,324,147,,,,,,,,0.0,0.0,0.0,1.04,0.0,0.0,0.0,0.0,23.68,4,0,0,0,0,0,0,0,0,0,0,0,0,0,0,0,34,71,0,0.0,0.0,0.0,0.0,0.0,0.0,0.0,0.0,0,0,0,0
376,Stefan,Bajčetić Maquieira,Bajcetic,u,Has joined Celta Vigo permanently,,5.0,333,198,0.0,651,288,0.0,598,252,0,0,0,0,0,0,2,0.0,0.0,0.0,0.0,0.0,598,252,0.0,0.0,579,242,586,248,565,232,586,245,,,,,,,,0.0,0.0,0.0,0.0,0.0,0.0,0.0,0.0,0.0,4,0,0,0,0,0,0,0,0,0,0,0,0,0,0,0,0,2,0,0.0,0.0,0.0,0.0,0.0,0.0,0.0,0.0,0,0,0,0
377,Victor,Munoz,Munoz,a,,,6.5,43,29,1.2,169,54,3.5,76,32,1,0,0,0,0,450,2111,0.5,2.2,3.5,3.5,3.5,102,43,,,126,46,126,76,62,37,82,50,,,,,,,,0.17,0.09,0.26,1.7,0.0,0.38,0.75,1.13,4.9,4,1,59,0,0,0,0,0,0,0,0,0,0,1,0,5,2525,4123,0,0.030000000000000027,0.0,0.029999999999999916,0.5599999999999996,0.0,0.0,0.0,0.0,0,0,2,2
378,James,McConnell,McConnell,a,,,4.5,503,269,0.2,326,116,0.0,490,195,0,0,0,0,0,25,92,0.0,0.0,0.0,0.0,0.0,490,195,,,458,177,458,185,415,154,464,181,,,,,,,,0.0,0.0,0.0,0.0,0.0,0.0,0.0,0.0,0.0,4,0,0,0,0,0,0,0,0,0,0,0,0,0,0,0,50,246,0,0.0,0.0,0.0,0.0,0.0,0.0,0.0,0.0,0,0,0,0
379,Alexander,Isak,Isak,a,,,9.1,5,2,22.7,12,3,6.2,17,2,2,0,0,1,-1,6834,8660,0.7,2.7,6.2,6.2,6.2,31,3,,,7,2,121,12,2,2,6,2,,,2.0,,,,,0.76,0.02,0.78,1.4,0.0,0.54,1.08,1.08,1.62,4,2,90,0,0,1,0,0,0,0,0,0,0,1,0,5,66767,20324,0,0.5299999999999998,0.0,0.5299999999999998,0.71,0.0,0.0,0.0,0.0,0,0,1,1
380,Hugo,Ekitiké,Ekitiké,i,Achilles injury - Unknown return date,,7.4,21,7,0.1,406,59,0.0,653,77,0,0,0,-1,1,26,68,0.0,0.0,0.0,0.0,0.0,653,77,0.0,0.0,654,77,654,77,654,77,654,77,,,,,,,,0.0,0.0,0.0,0.0,0.0,0.0,0.0,0.0,0.0,4,0,0,0,0,0,0,0,0,0,0,0,0,0,0,0,34,117,0,0.0,0.0,0.0,0.0,0.0,0.0,0.0,0.0,0,0,0,0
381,Lewis,Koumas,Koumas,a,,,5.0,327,194,0.0,552,228,0.5,321,143,0,0,0,0,0,10,16,0.1,0.4,0.5,0.5,1.0,326,143,,,349,161,329,162,215,108,325,148,,,,,,,,0.21,0.0,0.21,4.02,0.0,0.0,0.0,0.0,6.92,4,0,0,0,0,0,0,0,0,0,0,0,0,0,0,0,25,33,0,0.0,0.0,0.0,0.0,0.0,0.0,0.0,0.0,0,0,0,0
382,Jayden,Danns,Danns,a,,,4.5,506,67,0.1,383,57,0.0,493,50,0,0,0,0,0,223,102,0.0,0.0,0.0,0.0,0.0,493,50,100.0,100.0,461,41,461,47,418,43,467,45,,,,,,,,0.0,0.0,0.0,0.0,0.0,0.0,0.0,0.0,0.0,4,0,0,0,0,0,0,0,0,0,0,0,0,0,0,0,558,246,0,0.0,0.0,0.0,0.0,0.0,0.0,0.0,0.0,0,0,0,0
383,Harvey,Elliott,Elliott,u,Has joined Valencia on loan for the rest of the season,,5.4,211,134,0.0,511,206,0.0,618,265,0,0,0,-1,1,0,32,0.0,0.0,0.0,0.0,0.0,618,265,0.0,0.0,600,255,607,261,592,251,607,258,,,,,,,,0.0,0.0,0.0,0.0,0.0,0.0,0.0,0.0,0.0,4,0,0,0,0,0,0,0,0,0,0,0,0,0,0,0,0,91,0,0.0,0.0,0.0,0.0,0.0,0.0,0.0,0.0,0,0,0,0
579,Ronald,Araujo,Araujo,a,,,5.4,212,28,2.7,109,42,3.8,64,27,6,0,0,-1,1,2835,471,0.7,2.8,3.8,3.8,3.8,87,36,,,151,69,235,80,279,107,236,90,,,,,,,,0.0,0.03,0.03,0.92,0.0,0.93,0.0,0.93,8.81,4,6,71,0,0,1,0,0,0,0,0,0,0,1,0,26,9081,1689,0,0.0,0.009999999999999995,0.009999999999999995,0.6199999999999999,0.0,0.0,0.0,0.0,1,3,5,4
627,Bradley,Barcola,Barcola,a,,,8.0,8,5,2.1,126,40,2.0,176,81,3,0,0,0,0,2029,2334,0.2,0.5,2.0,2.0,2.0,228,99,,,333,150,222,118,290,141,306,136,,,,,,,,0.16,0.09,0.25,0.73,0.0,0.93,0.0,0.93,3.71,4,3,71,0,0,1,0,0,0,0,0,0,0,1,0,9,12146,5604,0,0.17,0.03,0.2,0.62,0.0,0.0,0.0,0.0,3,0,1,4
155,Enzo,Fernández,Enzo,a,,,6.9,30,19,3.2,97,32,1.0,266,119,0,0,0,-1,1,1213,1180,0.1,0.6,1.0,1.0,2.0,226,97,,,249,102,124,75,131,67,206,94,,,,,,,,0.12,0.13,0.25,1.15,0.0,0.9,0.0,0.9,5.4,4,0,0,0,0,0,0,0,0,0,0,0,0,0,0,0,3587,4540,0,0.0,0.0,0.0,0.0,0.0,0.0,0.0,0.0,0,0,0,0
237,Iliman,Ndiaye,Ndiaye,a,,,5.9,95,61,8.7,47,17,4.0,57,26,0,0,0,-1,1,1017,7713,0.7,2.7,4.0,4.0,5.3,47,24,,,76,24,32,27,32,18,26,19,,,,,,,,0.09,0.15,0.24,1.85,0.0,0.68,0.34,1.02,10.15,4,0,0,0,0,0,0,0,0,0,0,0,0,0,0,0,3157,39954,0,0.0,0.0,0.0,0.0,0.0,0.0,0.0,0.0,0,0,0,0
384,Gianluigi,Donnarumma,Donnarumma,a,,,5.5,135,4,7.6,57,8,2.5,129,12,0,0,0,0,0,1368,1413,0.5,1.8,2.5,2.5,3.3,109,9,,,75,11,621,70,611,70,210,12,,,,,,,,0.0,0.0,0.0,0.89,2.33,0.33,0.67,1.0,0.0,4,0,0,0,0,0,0,0,0,0,0,0,0,0,0,0,3361,6955,0,0.0,0.0,0.0,0.0,0.0,0.0,0.0,0.0,0,0,0,0
386,Marcus,Bettinelli,Bettinelli,a,,,4.5,438,30,0.0,550,62,0.0,466,53,0,0,0,0,0,3,10,0.0,0.0,0.0,0.0,0.0,466,53,,,432,53,429,36,378,33,438,53,,,,,,,,0.0,0.0,0.0,0.0,0.0,0.0,0.0,0.0,0.0,4,0,0,0,0,0,0,0,0,0,0,0,0,0,0,0,13,21,0,0.0,0.0,0.0,0.0,0.0,0.0,0.0,0.0,0,0,0,0
387,Nico,O'Reilly,O'Reilly,a,,,6.4,46,4,13.3,29,10,1.0,263,96,0,0,0,-1,1,817,4683,0.2,0.6,1.0,1.0,2.0,223,85,100.0,100.0,255,105,98,26,145,45,195,75,,,,,,,,0.05,0.26,0.31,0.73,0.0,0.0,1.2,1.2,1.8,4,0,0,0,0,0,0,0,0,0,0,0,0,0,0,0,1735,29778,0,0.0,0.0,0.0,0.0,0.0,0.0,0.0,0.0,0,0,0,0
388,Marc,Guéhi,Guéhi,a,,,6.0,66,6,18.5,18,5,5.0,33,12,0,0,0,0,0,3075,2220,0.8,3.3,5.0,5.0,6.7,22,7,,,17,2,81,19,97,23,41,6,,,,,,,,0.3,0.13,0.43,0.89,0.0,0.33,0.67,1.0,6.0,4,0,0,0,0,0,0,0,0,0,0,0,0,0,0,0,6731,10458,0,0.0,0.0,0.0,0.0,0.0,0.0,0.0,0.0,0,0,0,0
389,Matheus,Nunes,Matheus N.,a,,,5.9,100,10,0.9,190,73,0.2,391,139,0,0,0,-1,1,98,212,0.0,0.2,0.2,0.2,1.0,365,129,100.0,100.0,319,122,293,106,250,93,328,120,,,4.0,,,,,0.0,0.11,0.11,0.27,0.0,0.0,0.0,0.0,2.73,4,0,0,0,0,0,0,0,0,0,0,0,0,0,0,0,214,1011,0,0.0,0.0,0.0,0.0,0.0,0.0,0.0,0.0,0,0,0,0
390,Rúben,dos Santos Gato Alves Dias,Rúben,a,,,5.5,128,13,1.8,134,55,2.5,128,47,0,0,0,0,0,536,393,0.5,1.8,2.5,2.5,3.3,108,45,,,52,21,68,15,83,17,55,11,,,,,,,,0.03,0.25,0.28,0.89,0.0,0.33,0.67,1.0,5.0,4,0,0,0,0,0,0,0,0,0,0,0,0,0,0,0,1099,1533,0,0.0,0.0,0.0,0.0,0.0,0.0,0.0,0.0,0,0,0,0
391,Joško,Gvardiol,Gvardiol,a,,,5.6,120,12,20.4,16,4,5.5,25,7,0,0,0,1,-1,8985,1649,1.0,3.9,5.5,5.5,7.3,10,3,,,23,6,60,14,107,30,39,5,,,,,,,,0.07,0.04,0.11,0.95,0.0,0.35,0.71,1.06,6.02,4,0,0,0,0,0,0,0,0,0,0,0,0,0,0,0,26056,15519,0,0.0,0.0,0.0,0.0,0.0,0.0,0.0,0.0,0,0,0,0
392,Rayan,Aït-Nouri,Aït-Nouri,a,,,5.3,236,34,0.5,261,96,0.0,611,211,0,0,0,-2,2,84,229,0.0,0.0,0.0,0.0,0.0,611,211,,,593,210,600,210,582,208,600,210,,,,,,,,0.0,0.0,0.0,0.0,0.0,0.0,0.0,0.0,0.0,4,0,0,0,0,0,0,0,0,0,0,0,0,0,0,0,185,926,0,0.0,0.0,0.0,0.0,0.0,0.0,0.0,0.0,0,0,0,0
393,Abdukodir,Khusanov,Khusanov,a,,,5.5,179,24,1.6,147,61,2.2,152,56,0,0,0,0,0,283,327,0.4,1.6,2.2,2.2,3.0,141,56,,,111,52,209,72,247,92,191,73,,,,,,,,0.0,0.02,0.02,0.9,0.0,0.34,0.67,1.01,5.71,4,0,0,0,0,0,0,0,0,0,0,0,0,0,0,0,557,1254,0,0.0,0.0,0.0,0.0,0.0,0.0,0.0,0.0,0,0,0,0
394,Max,Alleyne,Alleyne,u,Has joined Burnley on loan for the rest of the season,,5.0,316,58,0.0,633,212,0.0,591,209,0,0,0,0,0,0,1,0.0,0.0,0.0,0.0,0.0,591,209,0.0,0.0,572,208,578,208,556,206,579,208,,,,,,,,0.0,0.0,0.0,0.0,0.0,0.0,0.0,0.0,0.0,4,0,0,0,0,0,0,0,0,0,0,0,0,0,0,0,0,1,0,0.0,0.0,0.0,0.0,0.0,0.0,0.0,0.0,0,0,0,0
395,Rico,Lewis,Lewis,a,,,4.4,571,155,0.2,332,124,0.2,353,129,0,0,0,-1,1,50,98,0.0,0.2,0.2,0.2,1.0,284,108,,,318,121,248,85,72,12,234,89,,,,,,,,0.27,0.03,0.3,0.88,0.0,0.0,1.61,1.61,3.21,4,0,0,0,0,0,0,0,0,0,0,0,0,0,0,0,125,304,0,0.0,0.0,0.0,0.0,0.0,0.0,0.0,0.0,0,0,0,0
396,Vitor,de Oliveira Nunes dos Reis,Vitor Reis,a,,,4.5,548,142,0.0,540,187,0.2,360,134,0,0,0,0,0,8,13,0.0,0.2,0.2,0.2,1.0,297,117,,,348,128,308,116,454,186,356,128,,,,,,,,0.0,0.0,0.0,0.0,0.0,0.0,0.0,0.0,0.0,4,0,0,0,0,0,0,0,0,0,0,0,0,0,0,0,16,24,0,0.0,0.0,0.0,0.0,0.0,0.0,0.0,0.0,0,0,0,0
397,Antoine,Semenyo,Semenyo,a,,,8.4,6,4,16.2,24,8,3.2,91,40,0,0,0,-1,1,859,6448,0.4,1.5,3.2,3.2,4.3,71,33,,,89,30,14,14,17,9,19,15,,,2.0,,,,,0.06,0.31,0.37,0.89,0.0,0.33,0.67,1.0,4.0,4,0,0,0,0,0,0,0,0,0,0,0,0,0,0,0,2597,44825,0,0.0,0.0,0.0,0.0,0.0,0.0,0.0,0.0,0,0,0,0
398,Phil,Foden,Foden,a,,,7.0,26,17,3.9,82,28,2.8,118,54,0,0,0,0,0,382,2531,0.4,1.6,2.8,2.8,3.7,93,41,,,88,29,7,7,77,46,24,18,2.0,2.0,,,,,,0.74,0.4,1.14,0.84,0.0,0.0,0.92,0.92,6.46,4,0,0,0,0,0,0,0,0,0,0,0,0,0,0,0,1485,21643,0,0.0,0.0,0.0,0.0,0.0,0.0,0.0,0.0,0,0,0,0
399,Rayan,Cherki,Cherki,a,,,7.8,14,9,29.4,8,4,6.2,16,11,0,0,0,3,-3,7061,7222,0.8,3.2,6.2,6.2,8.3,3,3,,,3,2,2,2,20,12,2,2,1.0,1.0,,,,,,0.29,0.7,0.99,0.84,0.0,0.52,0.52,1.04,3.12,4,0,0,0,0,0,0,0,0,0,0,0,0,0,0,0,25103,56229,0,0.0,0.0,0.0,0.0,0.0,0.0,0.0,0.0,0,0,0,0
400,Jérémy,Doku,Doku,i,Calf injury - Expected back 20 Sep,,7.4,19,12,0.7,218,69,0.0,652,290,0,0,0,-1,1,14,401,0.0,0.0,0.0,0.0,0.0,652,290,0.0,0.0,653,291,653,291,653,291,653,291,,,3.0,,,,,0.0,0.0,0.0,0.0,0.0,0.0,0.0,0.0,0.0,4,0,0,0,0,0,0,0,0,0,0,0,0,0,0,0,17,1093,0,0.0,0.0,0.0,0.0,0.0,0.0,0.0,0.0,0,0,0,0
402,Rodrigo 'Rodri',Hernandez Cascante,Rodrigo,u,Has joined Barcelona permanently,,6.5,36,24,0.0,597,251,0.0,649,288,0,0,0,0,0,0,6,0.0,0.0,0.0,0.0,0.0,649,288,0.0,0.0,649,289,650,289,649,289,649,289,,,,,,,,0.0,0.0,0.0,0.0,0.0,0.0,0.0,0.0,0.0,4,0,0,0,0,0,0,0,0,0,0,0,0,0,0,0,0,13,0,0.0,0.0,0.0,0.0,0.0,0.0,0.0,0.0,0,0,0,0
404,Tijjani,Reijnders,Reijnders,u,Has joined Al Qadsiah permanently,,6.0,70,48,0.0,518,208,0.0,645,284,0,0,0,0,0,0,17,0.0,0.0,0.0,0.0,0.0,645,284,0.0,0.0,641,284,644,284,642,283,643,284,,,,,,,,0.0,0.0,0.0,0.0,0.0,0.0,0.0,0.0,0.0,4,0,0,0,0,0,0,0,0,0,0,0,0,0,0,0,0,39,0,0.0,0.0,0.0,0.0,0.0,0.0,0.0,0.0,0,0,0,0
406,Mateo,Kovačić,Kovačić,a,,,5.4,185,114,0.1,448,175,0.5,327,146,0,0,0,-1,1,9,45,0.1,0.4,0.5,0.5,1.0,335,149,,,314,141,238,126,584,244,326,149,,,,,,,,0.0,0.04,0.04,0.21,0.0,0.0,0.0,0.0,4.29,4,0,0,0,0,0,0,0,0,0,0,0,0,0,0,0,28,106,0,0.0,0.0,0.0,0.0,0.0,0.0,0.0,0.0,0,0,0,0
407,Claudio,Echeverri,Echeverri,u,Has joined Benfica on loan for the rest of the season,,4.9,412,249,0.0,603,255,0.0,560,231,0,0,0,-1,1,0,11,0.0,0.0,0.0,0.0,0.0,560,231,0.0,0.0,537,218,537,225,500,197,545,223,,,,,,,,0.0,0.0,0.0,0.0,0.0,0.0,0.0,0.0,0.0,4,0,0,0,0,0,0,0,0,0,0,0,0,0,0,0,0,21,0,0.0,0.0,0.0,0.0,0.0,0.0,0.0,0.0,0,0,0,0
408,Kalvin,Phillips,Phillips,u,Has joined Sheffield United on loan for the rest of the season,,5.0,249,154,0.0,632,273,0.0,565,235,0,0,0,0,0,0,3,0.0,0.0,0.0,0.0,0.0,565,235,0.0,0.0,544,223,545,230,515,207,551,227,,,,,,,,0.0,0.0,0.0,0.0,0.0,0.0,0.0,0.0,0.0,4,0,0,0,0,0,0,0,0,0,0,0,0,0,0,0,0,5,0,0.0,0.0,0.0,0.0,0.0,0.0,0.0,0.0,0,0,0,0
409,Divine,Mukasa,Mukasa,u,has joined West Ham on loan for the rest of the seaon.,,4.5,536,278,0.1,412,157,0.0,517,203,0,0,0,0,0,0,100,0.0,0.0,0.0,0.0,0.0,517,203,0.0,0.0,486,185,485,193,443,162,492,189,,,,,,,,0.0,0.0,0.0,0.0,0.0,0.0,0.0,0.0,0.0,4,0,0,0,0,0,0,0,0,0,0,0,0,0,0,0,0,258,0,0.0,0.0,0.0,0.0,0.0,0.0,0.0,0.0,0,0,0,0
410,Jeremy,Monga,Monga,u,Has joined Swansea City on loan for the rest of the season,,4.9,418,255,0.0,605,256,0.0,561,232,0,0,0,-1,1,0,6,0.0,0.0,0.0,0.0,0.0,561,232,0.0,0.0,538,219,539,227,505,202,546,224,,,,,,,,0.0,0.0,0.0,0.0,0.0,0.0,0.0,0.0,0.0,4,0,0,0,0,0,0,0,0,0,0,0,0,0,0,0,0,17,0,0.0,0.0,0.0,0.0,0.0,0.0,0.0,0.0,0,0,0,0
411,Erling,Haaland,Haaland,a,,,15.5,1,1,71.6,2,2,6.0,21,4,0,0,0,0,0,4737,1510,0.4,1.5,6.0,6.0,8.0,7,2,,,2,1,175,21,1,1,4,1,,,1.0,,,,,0.82,0.17,0.99,0.89,0.0,0.33,0.67,1.0,5.0,4,0,0,0,0,0,0,0,0,0,0,0,0,0,0,0,19337,12947,0,0.0,0.0,0.0,0.0,0.0,0.0,0.0,0.0,0,0,0,0
481,Elliot,Anderson,Anderson,a,,,6.3,52,36,4.2,79,26,2.0,174,79,0,0,0,-2,2,356,2034,0.3,1.3,2.0,2.0,2.7,159,66,100.0,100.0,82,26,36,31,130,66,61,40,3.0,,,,,,,0.03,0.25,0.28,1.0,0.0,0.39,0.77,1.16,11.97,4,0,0,0,0,0,0,0,0,0,0,0,0,0,0,0,1070,9294,0,0.0,0.0,0.0,0.0,0.0,0.0,0.0,0.0,0,0,0,0
587,Gerónimo,Rulli,Rulli,a,,,5.0,243,7,0.0,565,65,0.0,563,69,0,0,0,0,0,6,6,0.0,0.0,0.0,0.0,0.0,563,69,,,540,69,542,58,510,58,548,69,,,,,,,,0.0,0.0,0.0,0.0,0.0,0.0,0.0,0.0,0.0,4,0,0,0,0,0,0,0,0,0,0,0,0,0,0,0,8,17,0,0.0,0.0,0.0,0.0,0.0,0.0,0.0,0.0,0,0,0,0
616,Ayyoub,Bouaddi,Bouaddi,a,,,5.5,182,113,0.2,349,126,0.7,298,138,0,0,0,0,0,228,143,0.1,0.4,0.7,0.7,1.0,357,165,,,251,104,241,129,625,272,299,133,,,,,,,,0.0,0.49,0.49,1.51,0.0,0.0,0.0,0.0,24.55,4,0,0,0,0,0,0,0,0,0,0,0,0,0,0,0,523,280,0,0.0,0.0,0.0,0.0,0.0,0.0,0.0,0.0,0,0,0,0
621,Ryan,McAidoo,McAidoo,a,,,4.5,549,285,0.1,403,150,0.7,297,137,0,0,0,0,0,72,80,0.2,0.4,0.7,0.7,1.0,298,124,,,303,133,328,161,253,121,331,151,,,,,,,,0.82,0.0,0.82,0.16,0.0,0.0,0.0,0.0,32.73,4,0,0,0,0,0,0,0,0,0,0,0,0,0,0,0,216,165,0,0.0,0.0,0.0,0.0,0.0,0.0,0.0,0.0,0,0,0,0
622,Kaden,Braithwaite,Braithwaite,a,,,4.0,641,201,0.2,356,134,0.3,347,123,0,0,0,0,0,138,107,0.1,0.2,0.3,0.3,1.0,277,101,,,353,129,310,117,344,138,362,129,,,,,,,,0.0,0.0,0.0,0.0,0.0,0.0,0.0,0.0,0.0,4,0,0,0,0,0,0,0,0,0,0,0,0,0,0,0,288,214,0,0.0,0.0,0.0,0.0,0.0,0.0,0.0,0.0,0,0,0,0
628,Allan,Andrade Elias,Allan,a,,,6.0,81,53,0.0,620,265,0.0,646,285,0,0,0,0,0,8,8,0.0,0.0,0.0,0.0,0.0,646,285,,,645,285,646,285,644,284,645,285,,,,,,,,0.0,0.0,0.0,0.0,0.0,0.0,0.0,0.0,0.0,4,0,0,0,0,0,0,0,0,0,0,0,0,0,0,0,22,15,0,0.0,0.0,0.0,0.0,0.0,0.0,0.0,0.0,0,0,0,0
653,Floyd,Samba,Samba,a,,,4.5,539,280,0.0,526,213,0.0,520,205,0,0,0,0,0,41,35,0.0,0.0,0.0,0.0,0.0,520,205,,,489,187,488,195,446,164,495,191,,,,,,,,0.0,0.0,0.0,0.0,0.0,0.0,0.0,0.0,0.0,4,0,0,0,0,0,0,0,0,0,0,0,0,0,0,0,104,70,0,0.0,0.0,0.0,0.0,0.0,0.0,0.0,0.0,0,0,0,0
43,Youri,Tielemans,Tielemans,a,,,5.9,87,56,1.7,141,43,2.0,172,77,0,0,0,-1,1,391,1001,0.3,1.4,2.0,2.0,2.7,158,65,100.0,100.0,91,32,27,24,89,49,43,31,,,3.0,,,,,0.2,0.1,0.3,1.47,0.0,0.0,2.2,1.1,9.15,4,0,0,0,0,0,0,0,0,0,0,0,0,0,0,0,777,3339,0,0.0,0.0,0.0,0.0,0.0,0.0,0.0,0.0,0,0,0,0
131,Carlos,Baleba,Baleba,i,Ankle injury - Expected back 19 Sep,,5.0,332,197,0.1,391,143,0.0,597,251,0,0,0,0,0,41,126,0.0,0.0,0.0,0.0,0.0,597,251,0.0,0.0,578,241,585,247,564,231,585,244,,,,,,,,0.0,0.0,0.0,0.0,0.0,0.0,0.0,0.0,0.0,4,0,0,0,0,0,0,0,0,0,0,0,0,0,0,0,61,257,0,0.0,0.0,0.0,0.0,0.0,0.0,0.0,0.0,0,0,0,0
162,Andrey,Nascimento dos Santos,Andrey Santos,a,,,4.9,405,243,0.7,223,72,1.0,245,107,0,0,0,-1,1,104,643,0.2,0.8,1.0,1.0,1.3,262,116,,,201,80,236,125,203,102,244,105,,,,,,,,0.0,0.26,0.26,2.23,0.0,0.0,4.39,1.1,19.76,4,0,0,0,0,0,0,0,0,0,0,0,0,0,0,0,220,1687,0,0.0,0.0,0.0,0.0,0.0,0.0,0.0,0.0,0,0,0,0
325,Karl,Darlow,Darlow,a,,,4.5,426,23,0.0,506,57,0.0,461,49,0,0,0,0,0,9,17,0.0,0.0,0.0,0.0,0.0,461,49,100.0,100.0,426,48,421,29,368,26,432,48,,,,,,,,0.0,0.0,0.0,0.0,0.0,0.0,0.0,0.0,0.0,4,0,0,0,0,0,0,0,0,0,0,0,0,0,0,0,15,33,0,0.0,0.0,0.0,0.0,0.0,0.0,0.0,0.0,0,0,0,0
412,Senne,Lammens,Lammens,a,,,5.0,296,13,11.4,37,5,1.2,225,20,0,0,0,0,0,1027,4014,0.2,1.0,1.2,1.2,1.7,243,22,,,40,6,566,64,543,64,161,6,,,,,,,,0.0,0.0,0.0,1.36,3.0,0.0,2.0,1.0,0.0,4,0,0,0,0,0,0,0,0,0,0,0,0,0,0,0,1584,22817,0,0.0,0.0,0.0,0.0,0.0,0.0,0.0,0.0,0,0,0,0
413,Altay,Bayındır,Bayindir,u,Has joined Celta Vigo on loan for the rest of the season,,4.5,487,38,0.0,592,69,0.0,485,60,0,0,0,0,0,0,3,0.0,0.0,0.0,0.0,0.0,485,60,0.0,0.0,453,60,451,44,403,41,459,60,,,,,,,,0.0,0.0,0.0,0.0,0.0,0.0,0.0,0.0,0.0,4,0,0,0,0,0,0,0,0,0,0,0,0,0,0,0,0,6,0,0.0,0.0,0.0,0.0,0.0,0.0,0.0,0.0,0,0,0,0
414,Tom,Heaton,Heaton,i,Hamstring injury - Unknown return date,,4.0,580,49,0.1,444,49,0.0,397,24,0,0,0,0,0,14,16,0.0,0.0,0.0,0.0,0.0,397,24,0.0,0.0,362,23,355,4,295,1,367,23,,,,,,,,0.0,0.0,0.0,0.0,0.0,0.0,0.0,0.0,0.0,4,0,0,0,0,0,0,0,0,0,0,0,0,0,0,0,56,75,0,0.0,0.0,0.0,0.0,0.0,0.0,0.0,0.0,0,0,0,0
415,Patrick,Dorgu,Dorgu,a,,,5.8,115,74,0.6,238,79,0.5,335,152,0,0,0,-2,2,135,517,0.1,0.3,0.5,0.5,0.7,388,182,,,263,109,192,107,46,30,177,81,,,,,,,,0.78,0.06,0.84,2.74,0.0,0.0,6.0,1.2,7.2,4,0,0,0,0,0,0,0,0,0,0,0,0,0,0,0,301,1801,0,0.0,0.0,0.0,0.0,0.0,0.0,0.0,0.0,0,0,0,0
416,Matthijs,de Ligt,De Ligt,i,Back injury - Unknown return date,,5.0,263,40,0.0,561,192,0.0,568,203,0,0,0,0,0,2,16,0.0,0.0,0.0,0.0,0.0,568,203,0.0,0.0,548,202,550,202,523,198,554,201,,,,,,,,0.0,0.0,0.0,0.0,0.0,0.0,0.0,0.0,0.0,4,0,0,0,0,0,0,0,0,0,0,0,0,0,0,0,3,20,0,0.0,0.0,0.0,0.0,0.0,0.0,0.0,0.0,0,0,0,0
417,Diogo,Dalot Teixeira,Dalot,a,,,4.9,377,69,1.8,132,54,1.0,242,91,0,0,0,-1,1,160,588,0.2,0.8,1.0,1.0,1.3,261,94,,,190,84,28,4,73,13,62,15,,,,,,,,0.09,0.07,0.16,1.07,0.0,0.0,1.08,1.08,5.96,4,0,0,0,0,0,0,0,0,0,0,0,0,0,0,0,370,3525,0,0.0,0.0,0.0,0.0,0.0,0.0,0.0,0.0,0,0,0,0
418,Harry,Maguire,Maguire,a,,,4.9,362,65,10.7,39,14,1.8,188,74,0,0,0,-1,1,675,3385,0.4,1.4,1.8,1.8,2.3,177,71,,,79,39,120,35,104,27,92,25,,,,,,,,0.02,0.14,0.16,1.36,0.0,0.0,2.0,1.0,7.0,4,0,0,0,0,0,0,0,0,0,0,0,0,0,0,0,1535,42013,0,0.0,0.0,0.0,0.0,0.0,0.0,0.0,0.0,0,0,0,0
419,Lisandro,Martínez,Martinez,a,,,5.0,273,44,1.2,167,66,1.0,246,93,0,0,0,0,0,557,222,0.2,0.8,1.0,1.0,2.0,209,82,100.0,100.0,173,76,278,99,256,94,245,93,,,,,,,,0.02,0.03,0.05,1.54,0.0,0.0,2.0,1.0,5.0,4,0,0,0,0,0,0,0,0,0,0,0,0,0,0,0,1123,1170,0,0.0,0.0,0.0,0.0,0.0,0.0,0.0,0.0,0,0,0,0
420,Leny,Yoro,Yoro,a,,,4.9,409,77,0.5,250,93,0.5,314,117,0,0,0,-1,1,55,174,0.1,0.4,0.5,0.5,1.0,310,122,,,281,113,272,96,271,104,313,116,,,,,,,,0.0,0.08,0.08,4.46,0.0,0.0,8.18,0.0,20.45,4,0,0,0,0,0,0,0,0,0,0,0,0,0,0,0,88,610,0,0.0,0.0,0.0,0.0,0.0,0.0,0.0,0.0,0,0,0,0
421,Ayden,Heaven,Heaven,a,,,4.4,576,158,0.3,295,108,0.2,355,131,0,0,0,-1,1,43,127,0.0,0.2,0.2,0.2,1.0,286,110,,,287,114,264,91,184,64,293,108,,,,,,,,0.12,0.04,0.16,1.01,0.0,0.0,2.0,1.0,2.0,4,0,0,0,0,0,0,0,0,0,0,0,0,0,0,0,76,511,0,0.0,0.0,0.0,0.0,0.0,0.0,0.0,0.0,0,0,0,0
422,Noussair,Mazraoui,Mazraoui,a,,,4.4,567,151,0.6,244,90,0.8,269,99,0,0,0,-1,1,170,236,0.2,0.7,0.8,0.8,1.0,281,105,,,216,92,122,36,183,63,201,77,,,,,,,,0.2,0.06,0.26,1.93,0.0,0.0,3.71,0.93,5.57,4,0,0,0,0,0,0,0,0,0,0,0,0,0,0,0,372,936,0,0.0,0.0,0.0,0.0,0.0,0.0,0.0,0.0,0,0,0,0
423,Luke,Shaw,Shaw,d,Unspecified injury - 75% chance of playing,,4.4,560,145,11.8,34,12,1.8,177,65,0,0,0,-1,1,204,9802,0.4,1.6,1.4,1.4,2.3,172,66,75.0,75.0,33,10,20,3,164,55,34,4,3.0,,,,,,,0.01,0.18,0.19,1.08,0.0,0.0,1.43,1.07,7.14,4,0,0,0,0,0,0,0,0,0,0,0,0,0,0,0,847,57065,0,0.0,0.0,0.0,0.0,0.0,0.0,0.0,0.0,0,0,0,0
424,Harry,Amass,Amass,a,,,4.0,647,207,0.2,340,127,0.0,446,167,0,0,0,0,0,64,53,0.0,0.0,0.0,0.0,0.0,446,167,,,411,160,406,160,350,144,417,158,,,,,,,,0.0,0.0,0.0,0.0,0.0,0.0,0.0,0.0,0.0,4,0,0,0,0,0,0,0,0,0,0,0,0,0,0,0,173,161,0,0.0,0.0,0.0,0.0,0.0,0.0,0.0,0.0,0,0,0,0
425,Tyler,Fredricson,Fredricson,u,Has joined Lausanne-Sport permanently,,4.0,637,197,0.0,589,200,0.0,438,159,0,0,0,0,0,0,2,0.0,0.0,0.0,0.0,0.0,438,159,0.0,0.0,403,152,398,152,340,134,409,150,,,,,,,,0.0,0.0,0.0,0.0,0.0,0.0,0.0,0.0,0.0,4,0,0,0,0,0,0,0,0,0,0,0,0,0,0,0,0,8,0,0.0,0.0,0.0,0.0,0.0,0.0,0.0,0.0,0,0,0,0
426,Bruno,Borges Fernandes,B.Fernandes,a,,,12.0,2,1,42.9,4,1,6.8,9,7,0,0,0,0,0,3995,6088,0.6,2.2,6.8,6.8,9.0,2,2,,,1,1,1,1,13,7,1,1,1.0,1.0,1.0,,,,,0.75,0.27,1.02,1.36,0.0,0.0,2.0,1.0,5.33,4,0,0,0,0,0,0,0,0,0,0,0,0,0,0,0,11977,93308,0,0.0,0.0,0.0,0.0,0.0,0.0,0.0,0.0,0,0,0,0
427,Bryan,Mbeumo,Mbeumo,a,,,7.9,11,8,23.6,11,6,5.2,31,16,0,0,0,-1,1,3976,6330,0.7,2.7,5.2,5.2,7.0,18,10,,,20,10,21,18,11,5,8,6,2.0,2.0,2.0,,,,,0.77,0.16,0.93,1.36,0.0,0.0,2.0,1.0,5.67,4,0,0,0,0,0,0,0,0,0,0,0,0,0,0,0,16056,63383,0,0.0,0.0,0.0,0.0,0.0,0.0,0.0,0.0,0,0,0,0
428,Matheus,Santos Carneiro da Cunha,Cunha,a,,,7.9,10,7,6.5,62,20,3.5,77,33,0,0,0,-1,1,579,3008,0.4,1.8,3.5,3.5,4.7,61,27,,,194,74,39,34,25,14,50,36,,,,,,,,0.19,0.16,0.35,1.08,0.0,0.4,1.19,1.19,3.17,4,0,0,0,0,0,0,0,0,0,0,0,0,0,0,0,1480,13863,0,0.0,0.0,0.0,0.0,0.0,0.0,0.0,0.0,0,0,0,0
429,Marcus,Rashford,Rashford,a,,,7.0,25,16,1.6,145,44,1.5,217,99,0,0,0,0,0,568,756,0.2,0.9,1.5,1.5,2.0,227,98,,,186,70,16,15,27,16,28,21,,3.0,,,,,,0.12,0.1,0.22,0.84,0.0,0.47,0.47,0.93,5.13,4,0,0,0,0,0,0,0,0,0,0,0,0,0,0,0,2444,2580,0,0.0,0.0,0.0,0.0,0.0,0.0,0.0,0.0,0,0,0,0
430,Mason,Mount,Mount,a,,,5.4,191,118,0.0,551,227,0.0,615,262,0,0,0,-1,1,17,9,0.0,0.0,0.0,0.0,0.0,615,262,100.0,100.0,597,252,604,258,587,246,604,255,,4.0,,,,,,0.0,0.0,0.0,0.0,0.0,0.0,0.0,0.0,0.0,4,0,0,0,0,0,0,0,0,0,0,0,0,0,0,0,29,23,0,0.0,0.0,0.0,0.0,0.0,0.0,0.0,0.0,0,0,0,0
431,Amad,Diallo,Amad,i,Unspecified injury - Unknown return date,,5.8,112,71,0.4,282,95,0.0,637,278,0,0,0,-2,2,2,325,0.0,0.0,0.0,0.0,0.0,637,278,0.0,0.0,628,275,633,276,627,273,632,275,4.0,,,,,,,0.0,0.0,0.0,0.0,0.0,0.0,0.0,0.0,0.0,4,0,0,0,0,0,0,0,0,0,0,0,0,0,0,0,4,1427,0,0.0,0.0,0.0,0.0,0.0,0.0,0.0,0.0,0,0,0,0
432,Kobbie,Mainoo,Mainoo,a,,,5.5,167,102,1.4,157,47,3.5,75,31,0,0,0,0,0,1148,389,0.6,2.5,3.5,3.5,4.7,60,26,,,110,40,114,72,187,92,128,63,,,,,,,,0.1,0.17,0.27,1.0,0.0,0.0,0.97,0.97,15.08,4,0,0,0,0,0,0,0,0,0,0,0,0,0,0,0,2997,1210,0,0.0,0.0,0.0,0.0,0.0,0.0,0.0,0.0,0,0,0,0
433,Manuel,Ugarte Ribeiro,Ugarte,i,Knee injury - Unknown return date,,5.0,279,170,0.0,635,275,0.0,574,239,0,0,0,0,0,3,3,0.0,0.0,0.0,0.0,0.0,574,239,0.0,0.0,554,228,556,234,531,215,561,231,,,,,,,,0.0,0.0,0.0,0.0,0.0,0.0,0.0,0.0,0.0,4,0,0,0,0,0,0,0,0,0,0,0,0,0,0,0,4,5,0,0.0,0.0,0.0,0.0,0.0,0.0,0.0,0.0,0,0,0,0
434,Jack,Fletcher,J.Fletcher,a,,,4.9,408,246,0.0,599,252,0.0,559,230,0,0,0,-1,1,3,5,0.0,0.0,0.0,0.0,0.0,559,230,,,534,215,535,223,497,194,542,220,,,,,,,,0.0,0.0,0.0,0.0,0.0,0.0,0.0,0.0,0.0,4,0,0,0,0,0,0,0,0,0,0,0,0,0,0,0,7,11,0,0.0,0.0,0.0,0.0,0.0,0.0,0.0,0.0,0,0,0,0
435,Shea,Lacey,Lacey,a,,,4.9,413,250,0.1,493,196,0.2,371,167,0,0,0,-1,1,9,29,0.0,0.2,0.2,0.2,1.0,313,134,,,358,167,322,159,501,198,363,169,,,,,,,,0.0,0.0,0.0,0.0,0.0,0.0,0.0,0.0,9.0,4,0,0,0,0,0,0,0,0,0,0,0,0,0,0,0,18,75,0,0.0,0.0,0.0,0.0,0.0,0.0,0.0,0.0,0,0,0,0
436,Toby,Collyer,Collyer,u,Has joined West Brom permanently,,5.0,311,185,0.0,596,250,0.0,588,247,0,0,0,0,0,0,8,0.0,0.0,0.0,0.0,0.0,588,247,0.0,0.0,569,237,575,243,553,226,576,240,,,,,,,,0.0,0.0,0.0,0.0,0.0,0.0,0.0,0.0,0.0,4,0,0,0,0,0,0,0,0,0,0,0,0,0,0,0,0,19,0,0.0,0.0,0.0,0.0,0.0,0.0,0.0,0.0,0,0,0,0
437,Bendito,Mantato,Bendito Mantato,a,,,4.5,532,276,0.2,347,125,0.0,515,202,0,0,0,0,0,30,78,0.0,0.0,0.0,0.0,0.0,515,202,,,484,184,483,192,441,161,490,188,,,,,,,,0.0,0.0,0.0,0.0,0.0,0.0,0.0,0.0,0.0,4,0,0,0,0,0,0,0,0,0,0,0,0,0,0,0,69,189,0,0.0,0.0,0.0,0.0,0.0,0.0,0.0,0.0,0,0,0,0
438,Tyler,Fletcher,Fletcher,a,,,4.5,514,271,0.3,296,101,0.0,500,197,0,0,0,0,0,42,122,0.0,0.0,0.0,0.0,0.0,500,197,,,468,179,468,187,425,156,474,183,,,,,,,,0.0,0.0,0.0,0.0,0.0,0.0,0.0,0.0,0.0,4,0,0,0,0,0,0,0,0,0,0,0,0,0,0,0,89,305,0,0.0,0.0,0.0,0.0,0.0,0.0,0.0,0.0,0,0,0,0
439,Benjamin,Sesko,Šeško,a,,,7.0,29,10,1.7,139,20,1.8,198,19,0,0,0,0,0,1499,612,0.3,1.0,1.8,1.8,2.3,182,24,100.0,100.0,175,13,216,27,93,22,167,19,,,,,,,,0.56,0.02,0.58,2.43,0.0,0.0,5.09,0.0,5.09,4,0,0,0,0,0,0,0,0,0,0,0,0,0,0,0,3137,1730,0,0.0,0.0,0.0,0.0,0.0,0.0,0.0,0.0,0,0,0,0
440,Joshua,Zirkzee,Zirkzee,a,,,5.4,213,47,0.4,266,46,0.0,619,72,0,0,0,-1,1,137,243,0.0,0.0,0.0,0.0,0.0,619,72,,,601,65,608,70,593,67,608,69,,,,,,,,0.0,0.0,0.0,0.0,0.0,0.0,0.0,0.0,0.0,4,0,0,0,0,0,0,0,0,0,0,0,0,0,0,0,282,668,0,0.0,0.0,0.0,0.0,0.0,0.0,0.0,0.0,0,0,0,0
441,Chido,Obi,Obi,a,,,4.5,540,75,1.2,170,26,0.0,521,57,0,0,0,0,0,490,454,0.0,0.0,0.0,0.0,0.0,521,57,,,490,49,489,54,447,51,496,53,,,,,,,,0.0,0.0,0.0,0.0,0.0,0.0,0.0,0.0,0.0,4,0,0,0,0,0,0,0,0,0,0,0,0,0,0,0,1157,1225,0,0.0,0.0,0.0,0.0,0.0,0.0,0.0,0.0,0,0,0,0
405,Nico,González Iglesias,N.Gonzalez,a,,,5.5,156,93,0.3,313,109,1.0,255,113,0,0,0,0,0,125,106,0.2,0.7,1.0,1.0,2.0,216,92,,,250,103,83,58,285,137,212,97,,,,,,,,0.0,0.13,0.13,1.28,0.0,0.62,1.23,1.23,6.78,4,0,0,0,0,0,0,0,0,0,0,0,0,0,0,0,323,305,0,0.0,0.0,0.0,0.0,0.0,0.0,0.0,0.0,0,0,0,0
442,Nick,Pope,Pope,a,,,4.9,363,17,1.0,185,28,0.0,538,65,0,0,0,-1,1,97,261,0.0,0.0,0.0,0.0,0.0,538,65,,,509,65,509,52,468,51,515,65,,,,,,,,0.0,0.0,0.0,0.0,0.0,0.0,0.0,0.0,0.0,4,0,0,0,0,0,0,0,0,0,0,0,0,0,0,0,252,871,0,0.0,0.0,0.0,0.0,0.0,0.0,0.0,0.0,0,0,0,0
443,Mark,Gillespie,Gillespie,a,,,4.5,429,26,0.0,531,60,0.0,462,50,0,0,0,0,0,7,10,0.0,0.0,0.0,0.0,0.0,462,50,,,427,49,424,32,371,29,433,49,,,,,,,,0.0,0.0,0.0,0.0,0.0,0.0,0.0,0.0,0.0,4,0,0,0,0,0,0,0,0,0,0,0,0,0,0,0,12,28,0,0.0,0.0,0.0,0.0,0.0,0.0,0.0,0.0,0,0,0,0
444,Ewen,Jaouen,Jaouen,d,Ankle injury - 50% chance of playing,,4.5,523,46,0.0,559,64,0.0,508,64,0,0,0,0,0,0,14,0.0,0.0,0.0,0.0,0.0,508,64,50.0,50.0,476,64,476,50,433,49,482,64,,,,,,,,0.0,0.0,0.0,0.0,0.0,0.0,0.0,0.0,0.0,4,0,0,0,0,0,0,0,0,0,0,0,0,0,0,0,0,39,0,0.0,0.0,0.0,0.0,0.0,0.0,0.0,0.0,0,0,0,0
445,Malick,Thiaw,Thiaw,a,,,5.0,297,51,2.2,121,48,2.0,161,61,0,0,0,0,0,755,538,0.4,1.6,2.0,2.0,2.7,152,59,,,109,51,195,64,273,105,189,72,,,,,,,,0.0,0.02,0.02,1.82,0.0,0.33,1.33,1.0,7.0,4,0,0,0,0,0,0,0,0,0,0,0,0,0,0,0,6841,3578,0,0.0,0.0,0.0,0.0,0.0,0.0,0.0,0.0,0,0,0,0
446,Fabian,Schär,Schär,a,,,5.0,245,36,0.2,328,121,0.2,374,137,0,0,0,0,0,49,75,0.0,0.2,0.2,0.2,1.0,318,123,100.0,100.0,542,200,543,200,512,195,549,199,,2.0,,,,,,0.0,0.0,0.0,71.1,0.0,0.0,90.0,0.0,0.0,4,0,0,0,0,0,0,0,0,0,0,0,0,0,0,0,171,237,0,0.0,0.0,0.0,0.0,0.0,0.0,0.0,0.0,0,0,0,0
447,Sven,Botman,Botman,a,,,5.0,270,42,0.7,224,85,2.2,143,55,0,0,0,0,0,276,164,0.4,1.8,2.2,2.2,3.0,129,55,,,57,26,260,89,226,80,159,63,,,,,,,,0.0,0.06,0.06,1.82,0.0,0.33,1.33,1.0,8.0,4,0,0,0,0,0,0,0,0,0,0,0,0,0,0,0,1552,706,0,0.0,0.0,0.0,0.0,0.0,0.0,0.0,0.0,0,0,0,0
448,Dan,Burn,Burn,i,Ankle injury - Expected back 14 Sep,,4.9,361,64,0.9,197,75,0.0,537,198,0,0,0,-1,1,4,589,0.0,0.0,0.0,0.0,0.0,537,198,0.0,0.0,508,195,508,195,467,189,514,193,,,,,,,,0.0,0.0,0.0,0.0,0.0,0.0,0.0,0.0,0.0,4,0,0,0,0,0,0,0,0,0,0,0,0,0,0,0,8,1734,0,0.0,0.0,0.0,0.0,0.0,0.0,0.0,0.0,0,0,0,0
449,Lewis,Hall,Hall,a,,,5.2,238,35,14.0,28,9,4.5,42,17,0,0,0,2,-2,11611,1292,0.9,3.5,4.5,4.5,6.0,34,14,,,28,8,47,7,216,74,58,13,1.0,1.0,,,,,,0.01,0.22,0.23,1.82,0.0,0.33,1.34,1.0,10.04,4,0,0,0,0,0,0,0,0,0,0,0,0,0,0,0,57749,13912,0,0.0,0.0,0.0,0.0,0.0,0.0,0.0,0.0,0,0,0,0
450,Tino,Livramento,Livramento,a,,,4.9,390,71,0.1,480,170,0.2,366,136,0,0,0,-1,1,124,25,0.0,0.2,0.2,0.2,1.0,305,120,100.0,100.0,357,131,526,197,488,192,533,196,,,,,,,,0.0,0.0,0.0,1.8,0.0,0.0,0.0,0.0,0.0,4,0,0,0,0,0,0,0,0,0,0,0,0,0,0,0,384,106,0,0.0,0.0,0.0,0.0,0.0,0.0,0.0,0.0,0,0,0,0
451,Alex,Murphy,A.Murphy,u,Has joined FC Kaiserslautern on loan for the rest of the season,,4.0,636,196,0.1,474,169,0.0,437,158,0,0,0,0,0,0,35,0.0,0.0,0.0,0.0,0.0,437,158,0.0,0.0,402,151,397,151,339,133,408,149,,,,,,,,0.0,0.0,0.0,0.0,0.0,0.0,0.0,0.0,0.0,4,0,0,0,0,0,0,0,0,0,0,0,0,0,0,0,0,75,0,0.0,0.0,0.0,0.0,0.0,0.0,0.0,0.0,0,0,0,0
453,Harvey,Barnes,Barnes,a,,,6.0,65,45,2.6,112,35,4.2,49,23,0,0,0,0,0,3339,579,0.7,2.8,4.2,4.2,5.7,41,20,,,131,48,135,80,75,44,105,55,3.0,,,,,,,0.07,0.02,0.09,1.82,0.0,0.33,1.33,1.0,6.0,4,0,0,0,0,0,0,0,0,0,0,0,0,0,0,0,24305,5925,0,0.0,0.0,0.0,0.0,0.0,0.0,0.0,0.0,0,0,0,0
454,Anthony,Elanga,Elanga,a,,,6.2,58,41,11.4,36,14,4.5,44,21,0,0,0,2,-2,5806,4810,0.7,2.9,4.5,4.5,6.0,39,19,,,37,16,61,45,43,28,29,22,2.0,,,,,,,0.16,0.13,0.29,1.56,0.0,0.39,1.16,1.16,3.49,4,0,0,0,0,0,0,0,0,0,0,0,0,0,0,0,26572,20402,0,0.0,0.0,0.0,0.0,0.0,0.0,0.0,0.0,0,0,0,0
456,Jacob,Ramsey,J.Ramsey,a,,,4.9,382,228,0.4,281,94,1.8,189,82,0,0,0,-1,1,222,162,0.4,1.4,1.8,1.8,2.3,178,71,,,148,54,232,122,120,62,193,89,,,,,,,,0.22,0.21,0.43,2.5,0.0,0.0,1.3,0.0,14.35,4,0,0,0,0,0,0,0,0,0,0,0,0,0,0,0,937,516,0,0.0,0.0,0.0,0.0,0.0,0.0,0.0,0.0,0,0,0,0
457,Jacob,Murphy,J.Murphy,a,,,5.9,85,55,0.1,388,142,0.5,337,153,0,0,0,-1,1,41,84,0.1,0.3,0.5,0.5,0.7,389,183,,,337,154,253,134,248,118,327,150,4.0,,,,,,,0.0,0.51,0.51,3.75,0.0,0.0,2.57,0.0,15.43,4,0,0,0,0,0,0,0,0,0,0,0,0,0,0,0,103,224,0,0.0,0.0,0.0,0.0,0.0,0.0,0.0,0.0,0,0,0,0
458,Joelinton Cássio,Apolinário de Lira,Joelinton,i,Unspecified injury - Unknown return date,,5.4,190,117,0.0,569,235,0.0,614,261,0,0,0,-1,1,1,11,0.0,0.0,0.0,0.0,0.0,614,261,0.0,0.0,596,251,603,257,586,245,603,254,,,,,,,,0.0,0.0,0.0,0.0,0.0,0.0,0.0,0.0,0.0,4,0,0,0,0,0,0,0,0,0,0,0,0,0,0,0,1,20,0,0.0,0.0,0.0,0.0,0.0,0.0,0.0,0.0,0,0,0,0
459,Lewis,Miley,L.Miley,a,,,5.5,172,106,0.1,450,177,2.0,170,76,0,0,0,0,0,34,37,0.4,1.5,2.0,2.0,2.7,156,64,100.0,100.0,188,72,103,66,235,115,180,83,5.0,,,,,,,0.02,0.03,0.05,1.74,0.0,0.4,1.19,1.19,10.31,4,0,0,0,0,0,0,0,0,0,0,0,0,0,0,0,91,136,0,0.0,0.0,0.0,0.0,0.0,0.0,0.0,0.0,0,0,0,0
460,Joe,Willock,Willock,a,,,5.0,257,159,0.5,254,84,2.8,111,48,0,0,0,0,0,295,310,0.6,2.2,2.8,2.8,3.7,90,38,,,134,50,168,95,100,54,152,72,,,,,,,,0.28,0.11,0.39,1.94,0.0,0.54,1.63,1.08,4.34,4,0,0,0,0,0,0,0,0,0,0,0,0,0,0,0,1514,1007,0,0.0,0.0,0.0,0.0,0.0,0.0,0.0,0.0,0,0,0,0
461,Bazoumana,Touré,Touré,a,,,5.8,116,75,0.1,392,144,0.2,389,182,0,0,0,-2,2,14,84,0.0,0.2,0.2,0.2,1.0,359,167,,,629,276,634,277,628,274,633,276,,,,,,,,0.0,0.0,0.0,0.0,0.0,0.0,0.0,0.0,0.0,4,0,0,0,0,0,0,0,0,0,0,0,0,0,0,0,31,272,0,0.0,0.0,0.0,0.0,0.0,0.0,0.0,0.0,0,0,0,0
462,Sean,Steur,Steur,a,,,4.9,417,254,0.1,455,180,0.8,276,124,0,0,0,-1,1,19,46,0.2,0.6,0.8,0.8,1.0,316,137,,,284,121,288,147,504,201,320,145,,,,,,,,0.0,0.0,0.0,1.97,0.0,0.0,1.03,1.03,7.24,4,0,0,0,0,0,0,0,0,0,0,0,0,0,0,0,39,121,0,0.0,0.0,0.0,0.0,0.0,0.0,0.0,0.0,0,0,0,0
463,Nick,Woltemade,Woltemade,u,Has joined Juventus on loan for the rest of the season,,5.9,101,26,0.6,233,39,1.0,260,29,0,0,0,-1,1,0,871,0.2,0.7,0.0,0.0,4.0,83,9,0.0,0.0,226,20,221,28,188,32,243,29,,,,,,,,0.09,0.05,0.14,1.8,0.0,0.0,0.0,0.0,0.0,4,0,0,0,0,0,0,0,0,0,0,0,0,0,0,0,0,2234,0,0.0,0.0,0.0,0.0,0.0,0.0,0.0,0.0,0,0,0,0
464,Yoane,Wissa,Wissa,a,,,6.2,57,13,18.3,20,5,3.2,89,9,0,0,0,2,-2,10672,4305,0.5,2.1,3.2,3.2,4.3,69,8,,,98,5,115,11,22,9,53,7,,,2.0,,,,,0.47,0.02,0.49,1.48,0.0,0.34,1.03,1.03,5.86,4,0,0,0,0,0,0,0,0,0,0,0,0,0,0,0,52882,28405,0,0.0,0.0,0.0,0.0,0.0,0.0,0.0,0.0,0,0,0,0
465,William,Osula,Osula,i,Foot injury - Unknown return date,,5.9,105,28,0.4,276,48,1.0,261,30,0,0,0,-1,1,14,316,0.2,0.7,0.0,0.0,4.0,84,10,0.0,0.0,193,15,197,23,205,34,227,26,,4.0,1.0,,,,,0.1,0.23,0.33,2.42,0.0,0.0,1.64,1.64,8.18,4,0,0,0,0,0,0,0,0,0,0,0,0,0,0,0,18,1004,0,0.0,0.0,0.0,0.0,0.0,0.0,0.0,0.0,0,0,0,0
466,Sean,Neave,Neave,u,Has joined Wolves on loan for the rest of the season,,4.5,542,76,0.6,232,38,0.0,523,58,0,0,0,0,0,0,476,0.0,0.0,0.0,0.0,0.0,523,58,0.0,0.0,492,50,491,55,449,52,498,54,,,,,,,,0.0,0.0,0.0,0.0,0.0,0.0,0.0,0.0,0.0,4,0,0,0,0,0,0,0,0,0,0,0,0,0,0,0,0,1214,0,0.0,0.0,0.0,0.0,0.0,0.0,0.0,0.0,0,0,0,0
559,Aladji,Bamba,Bamba,a,,,4.9,416,253,0.1,417,159,0.2,372,168,0,0,0,-1,1,14,48,0.0,0.2,0.2,0.2,1.0,315,136,,,317,144,538,226,503,200,342,157,,,,,,,,0.0,0.0,0.0,6.69,0.0,0.0,6.43,0.0,12.86,4,0,0,0,0,0,0,0,0,0,0,0,0,0,0,0,33,148,0,0.0,0.0,0.0,0.0,0.0,0.0,0.0,0.0,0,0,0,0
567,Lukás,Hornícek,Horníček,a,,,5.0,301,14,1.4,152,23,2.5,123,11,0,0,0,0,0,1532,236,0.5,2.0,2.5,2.5,3.3,105,8,,,8,1,568,65,546,65,108,2,,,,,,,,0.0,0.0,0.0,1.82,4.33,0.33,1.33,1.0,0.0,4,0,0,0,0,0,0,0,0,0,0,0,0,0,0,0,6894,2660,0,0.0,0.0,0.0,0.0,0.0,0.0,0.0,0.0,0,0,0,0
593,Amar,Dedic,Dedić,d,Hamstring injury - 75% chance of playing,,4.5,491,122,3.1,100,38,3.2,80,33,0,0,0,0,0,615,1938,0.7,2.9,2.4,2.4,4.3,65,25,75.0,75.0,77,38,99,27,149,49,100,31,,3.0,,,,,,0.05,0.03,0.08,1.82,0.0,0.33,1.33,1.0,6.0,4,0,0,0,0,0,0,0,0,0,0,0,0,0,0,0,3113,10353,0,0.0,0.0,0.0,0.0,0.0,0.0,0.0,0.0,0,0,0,0
609,Leo,Shahar,Shahar,u,has joined Arouca on loan for the rest of the seaon.,,4.0,640,200,0.2,320,118,0.0,441,162,0,0,0,0,0,0,493,0.0,0.0,0.0,0.0,0.0,441,162,0.0,0.0,406,155,401,155,343,137,412,153,,,,,,,,0.0,0.0,0.0,0.0,0.0,0.0,0.0,0.0,0.0,4,0,0,0,0,0,0,0,0,0,0,0,0,0,0,0,0,913,0,0.0,0.0,0.0,0.0,0.0,0.0,0.0,0.0,0,0,0,0
634,Matias,Fernandez-Pardo,Fernandez-Pardo,a,,,6.0,80,20,0.1,423,61,0.5,340,43,0,0,0,0,0,160,49,0.1,0.2,0.5,0.5,1.0,369,46,,,644,75,314,38,232,36,334,38,,,,,,,,0.0,0.0,0.0,0.13,0.0,0.0,0.0,0.0,3.33,4,0,0,0,0,0,0,0,0,0,0,0,0,0,0,0,416,170,0,0.0,0.0,0.0,0.0,0.0,0.0,0.0,0.0,0,0,0,0
167,Liam,Delap,Delap,a,,,5.5,154,39,0.9,195,30,2.0,166,16,5,0,0,0,0,3847,278,0.4,1.5,2.0,2.0,2.7,154,20,,,294,29,123,13,180,31,230,27,,,3.0,,,,,0.34,0.06,0.4,0.94,0.0,0.48,0.96,0.96,4.33,4,5,90,1,0,0,1,0,0,0,1,0,0,1,0,25,5080,1006,0,0.58,0.07,0.6499999999999999,0.73,0.0,0.0,0.0,0.0,1,1,2,4
201,Daniel,Muñoz Mejía,Muñoz,a,,,5.4,205,27,5.6,68,28,0.8,287,103,2,0,0,-1,1,961,1693,0.1,0.6,0.8,0.8,1.0,340,128,,,322,124,267,93,111,33,263,99,,,,,,,,0.18,0.09,0.27,0.99,0.0,0.0,1.54,1.03,6.17,4,2,90,0,0,0,1,0,0,0,0,0,0,1,0,20,1696,8827,0,0.08999999999999997,0.16999999999999998,0.26,0.8199999999999998,0.0,0.0,0.0,0.0,4,3,4,7
467,Matz,Sels,Sels,a,,,5.0,240,5,1.4,155,24,3.0,94,8,3,0,0,0,0,1446,179,0.6,2.4,3.0,3.0,3.0,126,11,,,177,19,541,57,508,56,258,19,,,,,,,,0.0,0.0,0.0,1.02,2.25,0.25,1.0,1.0,0.0,4,3,90,0,0,0,1,0,0,0,0,0,5,1,0,20,2904,1246,0,0.0,0.0,0.0,0.8199999999999998,0.0,0.0,0.0,0.0,0,4,10,0
468,John Victor,Maciel Furtado,John,a,,,4.5,462,34,0.1,483,55,0.0,474,57,0,0,0,0,0,6,8,0.0,0.0,0.0,0.0,0.0,474,57,,,441,57,438,40,388,37,447,57,,,,,,,,0.0,0.0,0.0,0.0,0.0,0.0,0.0,0.0,0.0,4,0,0,0,0,0,0,0,0,0,0,0,0,0,0,0,17,27,0,0.0,0.0,0.0,0.0,0.0,0.0,0.0,0.0,0,0,0,0
469,Neco,Williams,N.Williams,a,,,5.0,267,41,8.3,50,19,4.2,48,20,2,0,0,0,0,3044,941,0.8,3.4,4.2,4.2,4.2,74,28,,,73,36,82,20,141,43,89,22,2.0,3.0,,,,,,0.07,0.08,0.15,1.02,0.0,0.25,1.0,1.0,6.75,4,2,90,0,0,0,1,0,0,0,0,0,0,1,0,9,10656,8302,0,0.16999999999999998,0.07,0.24,0.8199999999999998,0.0,0.0,0.0,0.0,1,2,1,3
470,Felipe,Rodrigues da Silva,Morato,u,Has joined West Ham on loan for the rest of the season,,5.0,305,55,0.0,556,190,0.0,583,207,0,0,0,0,0,0,21,0.0,0.0,0.0,0.0,0.0,583,207,0.0,0.0,563,206,569,206,547,204,570,206,,,,,,,,0.0,0.0,0.0,0.0,0.0,0.0,0.0,0.0,0.0,4,0,0,0,0,0,0,0,0,0,0,0,0,0,0,0,0,61,0,0.0,0.0,0.0,0.0,0.0,0.0,0.0,0.0,0,0,0,0
471,Nikola,Milenković,Milenković,d,Hamstring injury - 75% chance of playing,,5.5,140,17,1.6,146,60,3.0,102,40,0,0,0,0,0,85,1629,0.5,2.2,2.2,3.0,4.0,80,34,75.0,,106,49,295,108,142,44,183,70,,,,,,,,0.04,0.01,0.05,1.09,0.0,0.33,1.0,1.0,10.33,4,0,0,0,0,0,0,0,0,0,0,0,0,0,0,0,909,2367,0,0.0,0.0,0.0,0.0,0.0,0.0,0.0,0.0,0,0,0,0
472,Murillo,Costa dos Santos,Murillo,a,,,5.5,177,23,1.6,144,59,4.8,37,14,6,0,0,0,0,1716,218,0.9,3.5,4.8,4.8,4.8,57,22,100.0,100.0,71,34,133,41,129,39,114,41,,2.0,,,,,,0.09,0.07,0.16,1.03,0.0,0.25,1.0,1.0,10.53,4,6,90,0,1,0,1,0,0,0,1,0,0,1,0,18,3244,998,0,0.0,0.009999999999999953,0.010000000000000009,0.8199999999999998,0.0,0.0,0.0,0.0,2,10,6,12
473,Ola,Aina,Aina,a,,,4.5,443,87,2.6,113,45,2.0,156,59,2,0,0,0,0,685,755,0.4,1.8,2.0,2.0,2.0,197,77,,,144,66,58,12,148,48,111,38,,,,,,,,0.01,0.16,0.17,1.09,0.0,0.29,0.88,1.18,6.47,4,2,90,0,0,0,1,0,0,0,0,0,0,1,0,9,1301,5039,0,0.0,0.010000000000000009,0.009999999999999898,0.8200000000000003,0.0,0.0,0.0,0.0,3,5,2,8
474,Jair,Paula da Cunha Filho,Jair Cunha,d,Hamstring injury - 75% chance of playing,,4.5,531,137,0.2,324,120,2.5,122,44,0,0,0,0,0,40,189,0.6,2.2,1.9,2.5,3.3,104,43,75.0,,99,45,271,95,292,110,211,81,,,,,,,,0.01,0.0,0.01,1.09,0.0,0.33,1.0,1.0,9.33,4,0,0,0,0,0,0,0,0,0,0,0,0,0,0,0,879,587,0,0.0,0.0,0.0,0.0,0.0,0.0,0.0,0.0,0,0,0,0
475,Nicolò,Savona,Savona,i,Knee injury - Unknown return date,,4.5,507,128,0.0,642,213,0.0,494,188,0,0,0,0,0,0,1,0.0,0.0,0.0,0.0,0.0,494,188,0.0,0.0,462,183,462,183,419,176,468,181,,,,,,,,0.0,0.0,0.0,0.0,0.0,0.0,0.0,0.0,0.0,4,0,0,0,0,0,0,0,0,0,0,0,0,0,0,0,6,7,0,0.0,0.0,0.0,0.0,0.0,0.0,0.0,0.0,0,0,0,0
476,Omar,Richards,O.Richards,a,,,4.0,604,173,0.2,329,122,0.0,415,145,0,0,0,0,0,46,76,0.0,0.0,0.0,0.0,0.0,415,145,,,380,138,375,138,317,120,386,136,,,,,,,,0.0,0.0,0.0,0.0,0.0,0.0,0.0,0.0,0.0,4,0,0,0,0,0,0,0,0,0,0,0,0,0,0,0,105,182,0,0.0,0.0,0.0,0.0,0.0,0.0,0.0,0.0,0,0,0,0
477,Zach,Abbott,Abbott,u,Has joined Southampton on loan for the rest of the season,,4.0,639,199,0.2,352,132,0.0,440,161,0,0,0,0,0,0,124,0.0,0.0,0.0,0.0,0.0,440,161,0.0,0.0,405,154,400,154,342,136,411,152,,,,,,,,0.0,0.0,0.0,0.0,0.0,0.0,0.0,0.0,0.0,4,0,0,0,0,0,0,0,0,0,0,0,0,0,0,0,0,338,0,0.0,0.0,0.0,0.0,0.0,0.0,0.0,0.0,0,0,0,0
478,Luca,Netz,Netz,a,,,4.5,494,123,0.0,536,186,0.5,309,113,0,0,0,0,0,10,7,0.1,0.4,0.5,0.5,1.0,292,113,,,341,127,307,115,407,172,350,127,,,,,,,,0.0,0.0,0.0,0.58,0.0,0.0,4.5,0.0,4.5,4,0,0,0,0,0,0,0,0,0,0,0,0,0,0,0,15,23,0,0.0,0.0,0.0,0.0,0.0,0.0,0.0,0.0,0,0,0,0
479,Tyler,Bindon,Bindon,u,Has joined Charlton Athletic on loan for the rest of the season,,4.0,634,194,0.1,390,145,0.0,436,157,0,0,0,0,0,0,59,0.0,0.0,0.0,0.0,0.0,436,157,0.0,0.0,401,150,396,150,338,132,407,148,,,,,,,,0.0,0.0,0.0,0.0,0.0,0.0,0.0,0.0,0.0,4,0,0,0,0,0,0,0,0,0,0,0,0,0,0,0,0,191,0,0.0,0.0,0.0,0.0,0.0,0.0,0.0,0.0,0,0,0,0
480,Morgan,Gibbs-White,Gibbs-White,a,,,7.9,9,6,9.5,44,16,6.5,11,8,8,0,0,-1,1,6083,2695,0.8,3.3,6.5,6.5,6.5,25,13,100.0,100.0,69,22,145,86,65,39,76,48,,1.0,1.0,,,,,0.38,0.28,0.66,1.02,0.0,0.25,1.0,1.0,4.75,4,8,90,0,1,0,1,0,0,0,0,0,0,1,3,39,24995,16202,0,0.10000000000000009,0.9900000000000001,1.09,0.8199999999999998,0.0,0.0,0.0,0.0,1,0,3,4
482,Callum,Hudson-Odoi,Hudson-Odoi,a,,,5.9,90,58,0.2,360,130,0.2,390,183,0,0,0,-1,1,53,142,0.0,0.2,0.2,0.2,1.0,363,168,100.0,100.0,632,277,345,171,630,275,635,277,,4.0,,,,,,0.0,0.0,0.0,0.0,0.0,0.0,0.0,0.0,0.0,4,0,0,0,0,0,0,0,0,0,0,0,0,0,0,0,90,373,0,0.0,0.0,0.0,0.0,0.0,0.0,0.0,0.0,0,0,0,0
483,Dan,Ndoye,Ndoye,a,,,5.5,153,92,0.6,229,75,3.5,73,30,1,0,0,0,0,404,630,0.6,2.5,3.5,3.5,3.5,100,42,,,155,57,142,83,84,48,126,61,,,,,,,,0.35,0.39,0.74,1.12,0.0,0.35,0.7,1.4,6.63,4,1,74,0,0,0,1,0,0,0,1,0,0,1,0,1,1099,1581,0,0.66,0.4800000000000001,1.1400000000000001,0.73,0.0,0.0,0.0,0.0,0,0,2,2
484,Omari,Hutchinson,Hutchinson,u,Has joined AC Milan on loan for the rest of the season,,5.4,225,142,0.1,442,172,0.0,622,268,0,0,0,-1,1,0,74,0.0,0.0,0.0,0.0,0.0,622,268,0.0,0.0,608,261,613,265,600,256,614,263,,,,,,,,0.0,0.0,0.0,0.0,0.0,0.0,0.0,0.0,0.0,4,0,0,0,0,0,0,0,0,0,0,0,0,0,0,0,0,237,0,0.0,0.0,0.0,0.0,0.0,0.0,0.0,0.0,0,0,0,0
485,Dilane,Bakwa,Bakwa,u,Has joined Lille on loan for the rest of the season,,5.5,159,96,0.0,624,268,0.0,632,275,0,0,0,0,0,0,2,0.0,0.0,0.0,0.0,0.0,632,275,0.0,0.0,621,270,627,272,619,267,627,272,,,,,,,,0.0,0.0,0.0,0.0,0.0,0.0,0.0,0.0,0.0,4,0,0,0,0,0,0,0,0,0,0,0,0,0,0,0,0,6,0,0.0,0.0,0.0,0.0,0.0,0.0,0.0,0.0,0,0,0,0
486,James,McAtee,McAtee,a,,,5.5,146,88,0.1,435,168,2.0,164,74,1,0,0,0,0,84,55,0.4,1.5,2.0,2.0,2.0,214,91,,,172,67,3,3,194,95,46,33,1.0,,,,,,,0.04,0.2,0.24,1.05,0.0,0.54,0.81,1.08,9.16,4,1,81,0,0,0,1,0,0,0,1,0,0,1,0,18,210,151,0,0.03,0.18999999999999995,0.21999999999999997,0.73,0.0,0.0,0.0,0.0,3,4,4,11
487,Nicolás,Domínguez,Dominguez,a,,,4.9,385,231,0.1,478,189,0.2,365,162,0,0,0,-1,1,18,33,0.0,0.2,0.2,0.2,1.0,304,128,,,356,166,522,215,483,185,529,212,,,,,,,,0.0,0.0,0.0,0.0,0.0,0.0,0.0,0.0,0.0,4,0,0,0,0,0,0,0,0,0,0,0,0,0,0,0,31,103,0,0.0,0.0,0.0,0.0,0.0,0.0,0.0,0.0,0,0,0,0
488,Ibrahim,Sangaré,I.Sangaré,a,,,4.9,374,224,0.5,249,82,0.8,274,122,1,0,0,-1,1,59,241,0.2,0.6,0.8,0.8,1.5,249,107,100.0,100.0,228,91,204,112,254,122,255,110,,,,,,,,0.08,0.02,0.1,0.51,0.0,0.0,0.92,0.92,7.35,4,1,8,0,0,0,0,0,0,0,0,0,0,0,0,2,251,1549,0,0.06,0.01,0.07,0.09000000000000008,0.0,0.0,0.0,0.0,1,1,0,2
489,Ryan,Yates,Yates,a,,,4.5,457,262,1.4,161,49,0.0,472,190,0,0,0,0,0,198,714,0.0,0.0,0.0,0.0,0.0,472,190,100.0,100.0,439,172,436,180,385,149,445,176,,,,,,,,0.0,0.0,0.0,0.0,0.0,0.0,0.0,0.0,0.0,4,0,0,0,0,0,0,0,0,0,0,0,0,0,0,0,489,1597,0,0.0,0.0,0.0,0.0,0.0,0.0,0.0,0.0,0,0,0,0
490,Chris,Wood,Wood,a,,,5.9,84,22,1.0,186,28,0.8,293,36,1,0,0,-1,1,130,920,0.1,0.5,0.8,0.8,1.0,361,43,,,361,39,269,33,260,40,345,40,,,2.0,,,,,0.24,0.02,0.26,0.98,0.0,0.0,2.0,0.0,2.0,4,1,1,0,0,0,0,0,0,0,0,0,0,0,0,3,310,2501,0,0.0,0.0,0.0,0.08999999999999997,0.0,0.0,0.0,0.0,0,0,0,0
491,Igor Jesus,Maciel da Cruz,Igor Jesus,a,,,5.9,102,27,2.4,116,16,2.8,116,14,7,0,0,-1,1,872,2508,0.5,1.9,2.8,2.8,2.8,151,19,,,243,21,167,20,29,10,120,15,,,4.0,,,,,0.43,0.03,0.46,1.02,0.0,0.0,1.19,0.8,4.78,4,7,15,1,0,0,0,0,0,0,0,0,0,0,2,34,1580,8292,0,0.13000000000000012,0.010000000000000009,0.1399999999999999,0.08999999999999986,0.0,0.0,0.0,0.0,0,0,3,3
493,Arnaud,Kalimuendo,Kalimuendo,a,,,5.4,215,49,0.1,490,67,0.2,381,46,0,0,0,-1,1,28,31,0.0,0.2,0.2,0.2,1.0,341,38,,,602,66,609,71,594,68,609,70,,,,,,,,0.0,0.0,0.0,0.0,0.0,0.0,0.0,0.0,0.0,4,0,0,0,0,0,0,0,0,0,0,0,0,0,0,0,52,83,0,0.0,0.0,0.0,0.0,0.0,0.0,0.0,0.0,0,0,0,0
558,Xaver,Schlager,Schlager,a,,,5.0,261,162,0.1,426,164,2.8,112,49,3,0,0,0,0,44,36,0.6,2.2,2.8,2.8,2.8,148,59,,,178,68,246,130,192,94,233,103,3.0,,,,,,,0.04,0.03,0.07,1.18,0.0,0.31,1.26,0.94,12.9,4,3,90,0,0,0,1,0,0,0,1,0,0,1,0,20,128,134,0,0.039999999999999994,0.020000000000000004,0.06,0.8199999999999998,0.0,0.0,0.0,0.0,6,2,7,15
581,Ousmane,Diomande,Diomande,a,,,5.4,231,31,0.5,247,91,1.2,231,85,4,0,0,-1,1,118,155,0.2,0.9,1.2,1.2,2.5,168,64,,,610,211,614,211,603,210,616,211,,,,,,,,0.06,0.0,0.06,0.81,0.0,0.0,0.99,0.99,13.85,4,4,90,0,0,0,1,0,0,0,0,0,0,1,0,13,186,667,0,0.06,0.0,0.06,0.82,0.0,0.0,0.0,0.0,1,13,3,14
590,Steven,Benda,Benda,a,,,4.5,481,37,0.1,465,53,0.0,482,59,0,0,0,0,0,19,17,0.0,0.0,0.0,0.0,0.0,482,59,,,449,59,447,43,399,40,455,59,,,,,,,,0.0,0.0,0.0,0.0,0.0,0.0,0.0,0.0,0.0,4,0,0,0,0,0,0,0,0,0,0,0,0,0,0,0,52,51,0,0.0,0.0,0.0,0.0,0.0,0.0,0.0,0.0,0,0,0,0
112,Jan Paul,van Hecke,Van Hecke,a,,,4.9,396,74,6.8,59,24,2.8,110,41,1,0,0,-1,1,552,1701,0.6,2.2,2.8,2.8,2.8,147,58,,,54,23,131,39,63,11,60,14,,,,,,,,0.11,0.03,0.14,1.78,0.0,0.32,1.61,1.29,7.1,4,1,9,0,0,0,0,0,0,0,0,0,0,1,0,1,5708,8450,0,0.14,0.009999999999999995,0.14999999999999997,0.0,0.0,0.0,0.0,0.0,1,0,0,1
147,Tosin,Adarabioyo,Tosin,a,,,4.4,562,146,0.2,361,137,0.0,456,175,0,0,0,-1,1,34,33,0.0,0.0,0.0,0.0,0.0,456,175,,,421,168,416,168,361,153,427,166,,,,,,,,0.0,0.0,0.0,0.0,0.0,0.0,0.0,0.0,0.0,4,0,0,0,0,0,0,0,0,0,0,0,0,0,0,0,67,142,0,0.0,0.0,0.0,0.0,0.0,0.0,0.0,0.0,0,0,0,0
401,Omar,Marmoush,Marmoush,a,,,7.0,28,9,2.3,119,17,1.2,235,25,1,0,0,0,0,1166,1057,0.2,0.7,1.2,1.2,1.7,247,29,,,274,25,101,8,79,18,158,18,,5.0,2.0,,,,,0.17,0.04,0.21,0.79,0.0,0.49,0.99,1.48,2.47,4,1,9,0,0,0,0,0,0,0,0,0,0,1,0,4,5349,3315,0,0.0,0.0,0.0,0.0,0.0,0.0,0.0,0.0,0,0,1,1
403,Sávio,Moreira de Oliveira,Sávio,a,,,6.5,41,28,0.7,222,71,1.0,264,118,1,0,0,0,0,307,425,0.2,0.6,1.0,1.0,2.0,225,96,100.0,100.0,298,129,179,101,158,77,248,106,4.0,,,,,,,0.03,0.43,0.46,0.64,0.0,1.3,0.0,2.61,0.0,4,1,9,0,0,0,0,0,0,0,0,0,0,1,0,7,1636,1589,0,0.0,0.06,0.06,0.0,0.0,0.0,0.0,0.0,0,0,0,0
455,Sandro,Tonali,Tonali,a,,,5.4,207,130,2.5,114,36,2.5,127,56,1,0,0,-1,1,317,1401,0.5,1.9,2.5,2.5,2.5,166,67,,,171,66,89,61,177,88,148,70,,,,,,,,0.03,0.03,0.06,1.89,0.0,0.34,1.71,1.37,7.19,4,1,9,0,0,0,0,0,0,0,0,0,0,1,0,3,1073,4722,0,0.0,0.0,0.0,0.0,0.0,0.0,0.0,0.0,0,0,1,1
494,Guglielmo,Vicario,Vicario,u,Has joined Juventus on loan for the rest of the season,,4.5,449,32,0.2,366,41,0.0,470,55,0,0,0,0,0,0,102,0.0,0.0,0.0,0.0,0.0,470,55,0.0,0.0,436,55,433,38,382,35,442,55,,,,,,,,0.0,0.0,0.0,0.0,0.0,0.0,0.0,0.0,0.0,4,0,0,0,0,0,0,0,0,0,0,0,0,0,0,0,0,228,0,0.0,0.0,0.0,0.0,0.0,0.0,0.0,0.0,0,0,0,0
495,Brandon,Austin,Austin,a,,,4.0,605,62,1.0,189,29,0.0,416,37,0,0,0,0,0,194,114,0.0,0.0,0.0,0.0,0.0,416,37,,,381,36,376,17,318,14,387,36,,,,,,,,0.0,0.0,0.0,0.0,0.0,0.0,0.0,0.0,0.0,4,0,0,0,0,0,0,0,0,0,0,0,0,0,0,0,754,483,0,0.0,0.0,0.0,0.0,0.0,0.0,0.0,0.0,0,0,0,0
496,Antonín,Kinský,Kinsky,a,,,4.5,497,41,18.5,17,3,2.5,121,10,1,0,0,0,0,1567,2511,0.6,2.2,2.5,2.5,2.5,163,14,,,85,12,225,2,410,44,187,11,,,,,,,,0.0,0.0,0.0,1.78,1.94,0.32,1.61,1.29,0.0,4,1,9,0,0,0,0,0,0,0,0,0,0,1,0,3,17824,22425,0,0.0,0.0,0.0,0.0,0.0,0.0,0.0,0.0,0,0,0,0
497,Martin,Dubravka,Dubravka,a,,,4.0,584,53,17.9,21,4,0.0,401,28,0,0,0,0,0,1709,2300,0.0,0.0,0.0,0.0,0.0,401,28,,,366,27,359,8,299,5,371,27,,,,,,,,0.0,0.0,0.0,0.0,0.0,0.0,0.0,0.0,0.0,4,0,0,0,0,0,0,0,0,0,0,0,0,0,0,0,17679,12612,0,0.0,0.0,0.0,0.0,0.0,0.0,0.0,0.0,0,0,0,0
498,Marcos,Senesi Barón,Senesi,a,,,5.9,92,8,4.4,76,31,0.8,294,104,0,0,0,-1,1,170,2221,0.1,0.5,0.8,0.8,3.0,142,57,,,161,74,277,98,632,213,247,95,,,,,,,,0.0,0.02,0.02,3.87,0.0,0.0,3.0,1.0,16.0,4,0,0,0,0,0,0,0,0,0,0,0,0,0,0,0,484,9538,0,0.0,0.0,0.0,0.0,0.0,0.0,0.0,0.0,0,0,0,0
499,Pedro,Porro Sauceda,Pedro Porro,d,Unspecified injury - 75% chance of playing,,5.5,151,19,10.6,42,16,2.0,165,62,0,0,0,0,0,190,8167,0.4,1.5,1.5,1.5,4.0,81,35,75.0,75.0,210,90,78,18,105,28,141,54,3.0,1.0,,,,,,0.18,0.08,0.26,0.82,0.0,0.5,1.0,1.0,4.0,4,0,0,0,0,0,0,0,0,0,0,0,0,0,0,0,641,29854,0,0.0,0.0,0.0,0.0,0.0,0.0,0.0,0.0,0,0,0,0
500,Cristian,Romero,Romero,u,Has joined Atletico Madrid permanently,,5.0,272,43,0.1,428,153,0.0,571,204,0,0,0,0,0,0,42,0.0,0.0,0.0,0.0,0.0,571,204,0.0,0.0,551,203,553,203,526,199,557,202,,,,,,,,0.0,0.0,0.0,0.0,0.0,0.0,0.0,0.0,0.0,4,0,0,0,0,0,0,0,0,0,0,0,0,0,0,0,0,95,0,0.0,0.0,0.0,0.0,0.0,0.0,0.0,0.0,0,0,0,0
502,Andrew,Robertson,Robertson,a,,,4.4,563,147,2.7,110,43,1.8,178,66,1,0,0,-1,1,299,1140,0.4,1.6,1.8,1.8,1.8,229,86,,,117,56,104,29,102,25,102,33,1.0,,,,,,,0.03,0.07,0.1,2.21,0.0,0.0,1.85,1.38,6.92,4,1,9,0,0,0,0,0,0,0,0,0,0,1,0,7,1186,5649,0,0.0,0.08,0.07999999999999999,0.0,0.0,0.0,0.0,0.0,0,0,1,0
503,Micky,van de Ven,Van de Ven,a,,,5.0,313,56,3.9,87,34,2.5,125,46,1,0,0,0,0,988,638,0.5,2.0,2.5,2.5,3.3,106,44,100.0,100.0,160,73,257,88,160,53,220,84,,,,,,,,0.27,0.01,0.28,0.78,0.0,0.48,0.95,1.43,8.57,4,1,9,0,0,0,0,0,0,0,0,0,0,1,0,3,3548,2201,0,0.0,0.0,0.0,0.0,0.0,0.0,0.0,0.0,0,1,1,1
505,Djed,Spence,Spence,u,Has joined Internazionale permanently,,4.5,470,107,0.3,309,114,0.0,478,181,0,0,0,0,0,0,149,0.0,0.0,0.0,0.0,0.0,478,181,0.0,0.0,445,175,442,175,392,163,451,173,,,,,,,,0.0,0.0,0.0,0.0,0.0,0.0,0.0,0.0,0.0,4,0,0,0,0,0,0,0,0,0,0,0,0,0,0,0,0,390,0,0.0,0.0,0.0,0.0,0.0,0.0,0.0,0.0,0,0,0,0
506,Destiny,Udogie,Udogie,d,Unspecified injury - 75% chance of playing,,4.5,498,125,0.4,277,102,1.8,186,72,0,0,0,0,0,7,351,0.4,1.6,1.4,1.4,2.3,176,70,75.0,75.0,271,111,198,66,241,89,272,104,,,,,,,,0.0,0.24,0.24,1.22,0.0,1.05,1.05,1.05,4.19,4,0,0,0,0,0,0,0,0,0,0,0,0,0,0,0,20,922,0,0.0,0.0,0.0,0.0,0.0,0.0,0.0,0.0,0,0,0,0
507,Ashley,Phillips,Phillips,u,Has joined Middlesbrough permanently,,4.5,518,132,0.0,587,199,0.0,504,191,0,0,0,0,0,0,3,0.0,0.0,0.0,0.0,0.0,504,191,0.0,0.0,472,186,472,186,429,179,478,184,,,,,,,,0.0,0.0,0.0,0.0,0.0,0.0,0.0,0.0,0.0,4,0,0,0,0,0,0,0,0,0,0,0,0,0,0,0,0,9,0,0.0,0.0,0.0,0.0,0.0,0.0,0.0,0.0,0,0,0,0
508,Ben,Davies,Davies,a,,,4.0,591,164,0.9,201,76,0.0,408,142,0,0,0,0,0,105,238,0.0,0.0,0.0,0.0,0.0,408,142,,,373,135,366,133,306,113,378,132,,,,,,,,0.0,0.0,0.0,0.0,0.0,0.0,0.0,0.0,0.0,4,0,0,0,0,0,0,0,0,0,0,0,0,0,0,0,287,816,0,0.0,0.0,0.0,0.0,0.0,0.0,0.0,0.0,0,0,0,0
509,Jun'ai,Byfield,Byfield,a,,,4.0,653,212,0.1,482,171,0.0,451,171,0,0,0,0,0,25,15,0.0,0.0,0.0,0.0,0.0,451,171,,,416,164,411,164,356,149,422,162,,,,,,,,0.0,0.0,0.0,0.0,0.0,0.0,0.0,0.0,0.0,4,0,0,0,0,0,0,0,0,0,0,0,0,0,0,0,86,42,0,0.0,0.0,0.0,0.0,0.0,0.0,0.0,0.0,0,0,0,0
510,James,Rowswell,Rowswell,a,,,4.0,630,191,0.1,436,157,0.0,432,154,0,0,0,0,0,36,15,0.0,0.0,0.0,0.0,0.0,432,154,,,397,147,392,147,334,129,403,145,,,,,,,,0.0,0.0,0.0,0.0,0.0,0.0,0.0,0.0,0.0,4,0,0,0,0,0,0,0,0,0,0,0,0,0,0,0,105,64,0,0.0,0.0,0.0,0.0,0.0,0.0,0.0,0.0,0,0,0,0
511,João Victor,de Souza Menezes,Souza,u,Has joined FC Porto on loan for the rest of the season,,4.0,652,211,0.2,342,128,0.0,450,170,0,0,0,0,0,0,110,0.0,0.0,0.0,0.0,0.0,450,170,0.0,0.0,415,163,410,163,355,148,421,161,,,,,,,,0.0,0.0,0.0,0.0,0.0,0.0,0.0,0.0,0.0,4,0,0,0,0,0,0,0,0,0,0,0,0,0,0,0,0,314,0,0.0,0.0,0.0,0.0,0.0,0.0,0.0,0.0,0,0,0,0
512,Mohammed,Kudus,Kudus,a,,,6.5,40,27,0.1,380,138,0.5,346,158,0,0,0,0,0,84,95,0.1,0.3,0.5,0.5,1.0,376,178,100.0,100.0,296,127,176,100,173,86,250,108,6.0,3.0,3.0,,,,,0.07,0.3,0.37,1.18,0.0,0.0,1.76,0.0,8.82,4,0,0,0,0,0,0,0,0,0,0,0,0,0,0,0,325,255,0,0.0,0.0,0.0,0.0,0.0,0.0,0.0,0.0,0,0,0,0
513,Xavi,Simons,Xavi,i,Knee injury - Unknown return date,,5.9,104,66,0.0,593,248,0.0,642,281,0,0,0,-1,1,6,9,0.0,0.0,0.0,0.0,0.0,642,281,0.0,0.0,637,280,639,280,637,279,639,280,,2.0,4.0,,,,,0.0,0.0,0.0,0.0,0.0,0.0,0.0,0.0,0.0,4,0,0,0,0,0,0,0,0,0,0,0,0,0,0,0,7,11,0,0.0,0.0,0.0,0.0,0.0,0.0,0.0,0.0,0,0,0,0
514,Mathys,Tel,Tel,a,,,5.8,113,72,0.2,316,112,1.8,197,86,0,0,0,-2,2,45,225,0.3,1.2,1.8,1.8,2.3,181,72,,,217,88,62,46,39,24,75,47,5.0,4.0,,,,,,0.08,0.05,0.13,2.0,0.0,0.39,1.57,1.17,5.09,4,0,0,0,0,0,0,0,0,0,0,0,0,0,0,0,226,955,0,0.0,0.0,0.0,0.0,0.0,0.0,0.0,0.0,0,0,0,0
515,James,Maddison,Maddison,a,,,6.3,51,35,0.4,265,89,0.2,394,185,0,0,0,-2,2,45,189,0.0,0.2,0.2,0.2,1.0,371,173,100.0,100.0,311,139,227,120,206,103,292,130,,,,,,,,0.0,0.04,0.04,3.48,0.0,0.0,0.0,0.0,8.18,4,0,0,0,0,0,0,0,0,0,0,0,0,0,0,0,127,850,0,0.0,0.0,0.0,0.0,0.0,0.0,0.0,0.0,0,0,0,0
516,Rodrigo,Bentancur,Bentancur,a,,,5.5,134,81,0.2,354,129,2.2,150,66,1,0,0,0,0,46,50,0.4,1.6,2.2,2.2,2.2,190,78,,,165,62,144,85,229,114,190,88,,,,,,,,0.01,0.02,0.03,1.47,0.0,0.38,1.15,1.15,13.08,4,1,9,0,0,0,0,0,0,0,0,0,0,1,0,3,125,142,0,0.0,0.010000000000000002,0.010000000000000009,0.0,0.0,0.0,0.0,0.0,1,0,0,1
517,Wilson,Odobert,Odobert,i,Knee injury - Unknown return date,,5.5,175,109,0.0,649,287,0.0,633,276,0,0,0,0,0,1,3,0.0,0.0,0.0,0.0,0.0,633,276,0.0,0.0,624,273,629,274,622,270,628,273,,,,,,,,0.0,0.0,0.0,0.0,0.0,0.0,0.0,0.0,0.0,4,0,0,0,0,0,0,0,0,0,0,0,0,0,0,0,5,5,0,0.0,0.0,0.0,0.0,0.0,0.0,0.0,0.0,0,0,0,0
518,Pape Matar,Sarr,P.M.Sarr,u,Has joined Juventus on loan for the rest of the season,,4.9,397,237,0.1,425,163,0.0,554,226,0,0,0,-1,1,0,145,0.0,0.0,0.0,0.0,0.0,554,226,0.0,0.0,529,211,530,219,492,190,537,216,,,,,,,,0.0,0.0,0.0,0.0,0.0,0.0,0.0,0.0,0.0,4,0,0,0,0,0,0,0,0,0,0,0,0,0,0,0,0,373,0,0.0,0.0,0.0,0.0,0.0,0.0,0.0,0.0,0,0,0,0
519,Conor,Gallagher,Gallagher,a,,,5.4,201,126,0.2,339,122,0.8,284,130,0,0,0,-1,1,24,89,0.1,0.6,0.8,0.8,1.5,255,111,,,267,112,226,119,257,124,283,125,,,,,,,,0.01,0.08,0.09,1.81,0.0,0.7,1.41,1.41,9.84,4,0,0,0,0,0,0,0,0,0,0,0,0,0,0,0,70,305,0,0.0,0.0,0.0,0.0,0.0,0.0,0.0,0.0,0,0,0,0
520,Lucas,Bergvall,Bergvall,a,,,5.4,232,147,0.2,365,131,0.2,386,179,0,0,0,-1,1,12,60,0.0,0.2,0.2,0.2,1.0,349,159,,,611,263,283,144,282,135,617,265,,,,,,,,0.0,0.02,0.02,3.4,0.0,0.0,4.0,2.0,16.0,4,0,0,0,0,0,0,0,0,0,0,0,0,0,0,0,30,174,0,0.0,0.0,0.0,0.0,0.0,0.0,0.0,0.0,0,0,0,0
521,Dejan,Kulusevski,Kulusevski,i,Knee injury - Unknown return date,,6.5,38,26,0.0,609,258,0.0,650,289,0,0,0,0,0,3,7,0.0,0.0,0.0,0.0,0.0,650,289,0.0,0.0,650,290,651,290,650,290,650,290,,,,,,,,0.0,0.0,0.0,0.0,0.0,0.0,0.0,0.0,0.0,4,0,0,0,0,0,0,0,0,0,0,0,0,0,0,0,8,16,0,0.0,0.0,0.0,0.0,0.0,0.0,0.0,0.0,0,0,0,0
522,Archie,Gray,Gray,a,,,5.0,338,203,0.2,344,124,1.2,226,101,1,0,0,0,0,28,101,0.2,1.0,1.2,1.2,1.7,244,104,,,280,119,240,128,568,235,314,141,,,,,,,,0.02,0.01,0.03,2.19,0.0,0.0,2.24,1.68,7.83,4,1,9,0,0,0,0,0,0,0,0,0,0,1,0,4,67,280,0,0.04,0.01,0.049999999999999996,0.0,0.0,0.0,0.0,0.0,1,0,2,3
523,Mikey,Moore,Moore,u,Has joined FC Köln on loan for the rest of the season,,5.0,319,188,0.1,449,176,0.8,280,127,0,0,0,0,0,0,128,0.2,0.6,0.0,0.0,1.5,254,110,0.0,0.0,245,100,233,123,49,31,170,78,,,,,,,,0.4,0.02,0.42,3.3,0.0,0.0,4.04,1.01,3.03,4,0,0,0,0,0,0,0,0,0,0,0,0,0,0,0,0,414,0,0.0,0.0,0.0,0.0,0.0,0.0,0.0,0.0,0,0,0,0
524,Callum,Olusesi,Olusesi,a,,,4.4,573,292,0.8,211,65,0.0,459,187,0,0,0,-1,1,2218,453,0.0,0.0,0.0,0.0,0.0,459,187,,,424,169,419,177,365,144,430,173,,,,,,,,0.0,0.0,0.0,0.0,0.0,0.0,0.0,0.0,0.0,4,0,0,0,0,0,0,0,0,0,0,0,0,0,0,0,8237,1641,0,0.0,0.0,0.0,0.0,0.0,0.0,0.0,0.0,0,0,0,0
525,Mateus,Fernandes,Fernandes,a,,,5.8,114,73,0.9,191,61,1.0,256,114,1,0,0,-2,2,79,681,0.2,0.7,1.0,1.0,1.0,358,166,,,215,87,31,26,259,126,129,64,2.0,,,,,,,0.04,0.14,0.18,1.75,0.0,0.0,1.79,1.19,5.96,4,1,9,0,0,0,0,0,0,0,0,0,0,1,0,3,201,2425,0,0.060000000000000005,0.009999999999999981,0.07,0.0,0.0,0.0,0.0,0.0,0,0,0,0
526,Dominic,Solanke-Mitchell,Solanke,a,,,5.9,86,23,0.9,192,29,1.0,258,28,1,0,0,-1,1,249,428,0.2,0.7,1.0,1.0,1.0,362,44,,,330,35,326,40,157,29,297,34,,,1.0,,,,,0.76,0.0,0.76,1.54,0.0,0.0,0.0,1.73,1.73,4,1,9,0,0,0,0,0,0,0,0,0,0,1,0,3,530,1766,0,0.0,0.0,0.0,0.0,0.0,0.0,0.0,0.0,0,0,0,0
527,Richarlison,de Andrade,Richarlison,u,not included in squad.,,5.9,91,25,0.9,198,32,0.5,338,41,0,0,0,-1,1,0,1217,0.1,0.3,0.0,0.0,2.0,219,26,0.0,0.0,633,72,276,35,631,74,361,43,,,,,,,,0.0,0.0,0.0,4.06,0.0,0.0,4.03,1.34,1.34,4,0,0,0,0,0,0,0,0,0,0,0,0,0,0,0,0,5915,0,0.0,0.0,0.0,0.0,0.0,0.0,0.0,0.0,0,0,0,0
528,Dane,Scarlett,Scarlett,u,Has joined Leyton Orient permanently,,4.5,501,66,1.4,159,23,0.0,488,49,0,0,0,0,0,0,891,0.0,0.0,0.0,0.0,0.0,488,49,0.0,0.0,456,40,456,46,413,42,462,44,,,,,,,,0.0,0.0,0.0,0.0,0.0,0.0,0.0,0.0,0.0,4,0,0,0,0,0,0,0,0,0,0,0,0,0,0,0,0,2346,0,0.0,0.0,0.0,0.0,0.0,0.0,0.0,0.0,0,0,0,0
578,Mykhailo,Mudryk,Mudryk,i,Ankle injury - Unknown return date,,5.4,216,135,0.1,479,190,0.2,382,175,0,0,0,-1,1,5,210,0.0,0.2,0.0,0.0,1.0,342,153,0.0,0.0,603,256,352,175,280,133,365,171,,,,,,,,0.0,0.0,0.0,0.9,0.0,0.0,0.0,0.0,0.0,4,0,0,0,0,0,0,0,0,0,0,0,0,0,0,0,9,416,0,0.0,0.0,0.0,0.0,0.0,0.0,0.0,0.0,0,0,0,0
601,Luca,Williams-Barnett,Williams-Barnett,a,,,4.5,545,283,0.1,375,136,0.0,524,207,0,0,0,0,0,34,70,0.0,0.0,0.0,0.0,0.0,524,207,,,494,189,493,197,451,166,500,193,,,,,,,,0.0,0.0,0.0,0.0,0.0,0.0,0.0,0.0,0.0,4,0,0,0,0,0,0,0,0,0,0,0,0,0,0,0,106,166,0,0.0,0.0,0.0,0.0,0.0,0.0,0.0,0.0,0,0,0,0
501,Kevin,Danso,Danso,a,,,5.0,246,37,0.2,362,138,0.5,319,119,0,0,0,0,0,74,47,0.1,0.4,0.5,0.5,2.0,206,81,,,218,93,218,75,513,196,260,98,,,,,,,,0.0,0.08,0.08,1.21,0.0,0.0,1.0,1.0,8.0,4,0,0,0,0,0,0,0,0,0,0,0,0,0,0,0,165,156,0,0.0,0.0,0.0,0.0,0.0,0.0,0.0,0.0,0,0,0,0
529,Robin,Roefs,Roefs,a,,,5.0,317,15,2.9,104,18,2.2,146,14,0,0,0,0,0,107,1158,0.4,1.8,2.2,2.2,3.0,132,12,,,185,20,579,66,557,66,261,20,,,,,,,,0.0,0.0,0.0,1.32,0.67,0.33,1.0,1.0,0.0,4,0,0,0,0,0,0,0,0,0,0,0,0,0,0,0,249,5633,0,0.0,0.0,0.0,0.0,0.0,0.0,0.0,0.0,0,0,0,0
530,Anthony,Patterson,Patterson,u,Has joined Wrexham permanently,,4.0,611,63,0.1,386,45,0.0,419,38,0,0,0,0,0,0,33,0.0,0.0,0.0,0.0,0.0,419,38,0.0,0.0,384,37,379,18,321,15,390,37,,,,,,,,0.0,0.0,0.0,0.0,0.0,0.0,0.0,0.0,0.0,4,0,0,0,0,0,0,0,0,0,0,0,0,0,0,0,0,64,0,0.0,0.0,0.0,0.0,0.0,0.0,0.0,0.0,0,0,0,0
531,Melker,Ellborg,Ellborg,a,,,4.5,512,44,0.1,446,50,0.0,498,62,0,0,0,0,0,5,14,0.0,0.0,0.0,0.0,0.0,498,62,,,466,62,466,48,423,47,472,62,,,,,,,,0.0,0.0,0.0,0.0,0.0,0.0,0.0,0.0,0.0,4,0,0,0,0,0,0,0,0,0,0,0,0,0,0,0,19,65,0,0.0,0.0,0.0,0.0,0.0,0.0,0.0,0.0,0,0,0,0
532,Daniel,Ballard,Ballard,a,,,4.9,379,70,3.1,99,37,3.0,93,37,0,0,0,-1,1,248,1154,0.6,2.4,3.0,3.0,4.0,78,32,,,61,28,208,71,150,50,138,53,,,,,,,,0.03,0.05,0.08,1.32,0.0,0.33,1.0,1.0,9.67,4,0,0,0,0,0,0,0,0,0,0,0,0,0,0,0,654,11726,0,0.0,0.0,0.0,0.0,0.0,0.0,0.0,0.0,0,0,0,0
533,Nordi,Mukiele,Mukiele,a,,,5.5,133,16,2.2,122,49,3.2,83,35,0,0,0,0,0,260,652,0.6,2.4,3.2,3.2,6.5,24,9,100.0,100.0,42,16,205,69,284,108,144,56,,,,,,,,0.0,0.02,0.02,1.08,0.0,0.5,0.5,1.0,16.5,4,0,0,0,0,0,0,0,0,0,0,0,0,0,0,0,636,3766,0,0.0,0.0,0.0,0.0,0.0,0.0,0.0,0.0,0,0,0,0
534,Trai,Hume,Hume,a,,,4.4,572,156,3.9,83,32,2.2,135,50,0,0,0,-1,1,129,2543,0.5,2.0,2.2,2.2,3.0,118,49,,,184,83,44,6,147,47,116,43,3.0,,,,,,,0.02,0.13,0.15,1.43,0.0,0.46,0.46,0.92,5.54,4,0,0,0,0,0,0,0,0,0,0,0,0,0,0,0,449,14730,0,0.0,0.0,0.0,0.0,0.0,0.0,0.0,0.0,0,0,0,0
535,Omar,Alderete,Alderete,a,,,4.9,371,67,0.3,301,112,0.2,363,135,0,0,0,-1,1,18,151,0.0,0.2,0.2,0.2,1.0,301,118,100.0,100.0,517,197,320,122,476,191,523,195,,,,,,,,0.0,0.04,0.04,0.39,0.0,0.0,3.91,0.0,0.0,4,0,0,0,0,0,0,0,0,0,0,0,0,0,0,0,37,772,0,0.0,0.0,0.0,0.0,0.0,0.0,0.0,0.0,0,0,0,0
536,Reinildo,Mandava,Reinildo,a,,,4.5,482,116,0.4,284,103,2.2,138,53,0,0,0,0,0,30,100,0.5,2.0,2.2,2.2,3.0,122,53,,,103,47,110,32,223,77,135,51,,,,,,,,0.0,0.1,0.1,1.32,0.0,0.33,1.0,1.0,7.33,4,0,0,0,0,0,0,0,0,0,0,0,0,0,0,0,75,596,0,0.0,0.0,0.0,0.0,0.0,0.0,0.0,0.0,0,0,0,0
537,Jenson,Seelt,Seelt,u,Has joined Swansea City on loan for the rest of the season,,4.5,513,131,0.0,627,210,0.0,499,190,0,0,0,0,0,0,1,0.0,0.0,0.0,0.0,0.0,499,190,0.0,0.0,467,185,467,185,424,178,473,183,,,,,,,,0.0,0.0,0.0,0.0,0.0,0.0,0.0,0.0,0.0,4,0,0,0,0,0,0,0,0,0,0,0,0,0,0,0,0,3,0,0.0,0.0,0.0,0.0,0.0,0.0,0.0,0.0,0,0,0,0
538,Leo Fuhr,Hjelde,Hjelde,u,Has joined KV Mechelen on loan for the rest of the season,,4.0,624,187,0.0,512,179,0.0,427,151,0,0,0,0,0,0,12,0.0,0.0,0.0,0.0,0.0,427,151,0.0,0.0,392,144,387,144,329,126,398,142,,,,,,,,0.0,0.0,0.0,0.0,0.0,0.0,0.0,0.0,0.0,4,0,0,0,0,0,0,0,0,0,0,0,0,0,0,0,0,25,0,0.0,0.0,0.0,0.0,0.0,0.0,0.0,0.0,0,0,0,0
539,Luke,O'Nien,O'Nien,a,,,4.0,595,166,2.6,111,44,0.2,350,126,0,0,0,0,0,118,686,0.0,0.2,0.2,0.2,1.0,273,97,,,260,108,294,107,236,84,301,111,,,,,,,,0.01,0.01,0.02,2.3,0.0,0.0,1.36,1.36,6.82,4,0,0,0,0,0,0,0,0,0,0,0,0,0,0,0,380,3215,0,0.0,0.0,0.0,0.0,0.0,0.0,0.0,0.0,0,0,0,0
540,Arthur,Masuaku,Masuaku,u,Has joined Konyaspor permanently,,4.0,589,163,0.1,367,140,0.0,406,141,0,0,0,0,0,0,67,0.0,0.0,0.0,0.0,0.0,406,141,0.0,0.0,371,134,364,132,304,112,376,131,,,,,,,,0.0,0.0,0.0,0.0,0.0,0.0,0.0,0.0,0.0,4,0,0,0,0,0,0,0,0,0,0,0,0,0,0,0,0,137,0,0.0,0.0,0.0,0.0,0.0,0.0,0.0,0.0,0,0,0,0
541,Thomas,Meunier,Meunier,a,,,4.5,431,83,0.3,302,113,2.2,136,51,0,0,0,0,0,25,64,0.5,2.0,2.2,2.2,3.0,119,50,100.0,100.0,142,64,137,43,106,29,134,50,,,,,,,,0.08,0.05,0.13,1.3,0.0,0.37,1.11,1.11,5.19,4,0,0,0,0,0,0,0,0,0,0,0,0,0,0,0,77,317,0,0.0,0.0,0.0,0.0,0.0,0.0,0.0,0.0,0,0,0,0
542,Enzo,Le Fée,E.Le Fée,a,,,5.8,111,70,4.4,77,25,3.2,88,38,0,0,0,-2,2,221,3356,0.6,2.2,3.2,3.2,4.3,68,31,,,122,43,111,69,54,35,70,46,1.0,3.0,2.0,,,,,0.42,0.08,0.5,1.31,0.0,0.35,0.7,1.05,4.88,4,0,0,0,0,0,0,0,0,0,0,0,0,0,0,0,739,17211,0,0.0,0.0,0.0,0.0,0.0,0.0,0.0,0.0,0,0,0,0
543,Habib,Diarra,Diarra,i,Hamstring injury - Unknown return date,,5.4,228,144,0.0,535,218,1.2,230,103,0,0,0,-1,1,1,30,0.2,0.9,0.0,0.0,2.5,167,68,0.0,0.0,240,99,219,116,281,134,268,117,,,1.0,,,,,0.1,0.51,0.61,0.39,0.0,0.0,3.21,0.0,0.0,4,0,0,0,0,0,0,0,0,0,0,0,0,0,0,0,2,125,0,0.0,0.0,0.0,0.0,0.0,0.0,0.0,0.0,0,0,0,0
544,Granit,Xhaka,Xhaka,a,,,5.5,123,79,4.2,80,27,4.5,43,20,0,0,0,0,0,651,2216,0.8,3.3,4.5,4.5,6.0,37,18,,,101,37,8,8,258,125,42,30,2.0,2.0,,,,,,0.02,0.19,0.21,1.32,0.0,0.33,1.0,1.0,11.67,4,0,0,0,0,0,0,0,0,0,0,0,0,0,0,0,1809,7247,0,0.0,0.0,0.0,0.0,0.0,0.0,0.0,0.0,0,0,0,0
545,Noah,Sadiki,Sadiki,a,,,4.9,414,251,0.2,315,111,1.5,204,89,0,0,0,-1,1,51,161,0.3,1.2,1.5,1.5,2.0,205,84,,,141,52,49,41,18,10,36,27,,,,,,,,0.13,0.08,0.21,1.27,0.0,0.36,1.07,1.07,5.69,4,0,0,0,0,0,0,0,0,0,0,0,0,0,0,0,159,543,0,0.0,0.0,0.0,0.0,0.0,0.0,0.0,0.0,0,0,0,0
546,Simon,Adingra,Adingra,u,Has joined Ajax on loan for the rest of the season,,4.9,406,244,0.0,534,217,0.0,557,228,0,0,0,-1,1,0,45,0.0,0.0,0.0,0.0,0.0,557,228,0.0,0.0,532,213,533,221,495,192,540,218,,,,,,,,0.0,0.0,0.0,0.0,0.0,0.0,0.0,0.0,0.0,4,0,0,0,0,0,0,0,0,0,0,0,0,0,0,0,0,104,0,0.0,0.0,0.0,0.0,0.0,0.0,0.0,0.0,0,0,0,0
547,Romaine,Mundle,Mundle,i,Knee injury - Unknown return date,,4.9,395,236,0.0,618,264,0.2,367,163,0,0,0,-1,1,1,10,0.0,0.2,0.0,0.0,1.0,306,129,0.0,0.0,278,118,350,174,135,68,277,120,,,,,,,,15.3,0.0,15.3,8.1,0.0,0.0,0.0,0.0,90.0,4,0,0,0,0,0,0,0,0,0,0,0,0,0,0,0,2,19,0,0.0,0.0,0.0,0.0,0.0,0.0,0.0,0.0,0,0,0,0
551,Nilson,Angulo,N.Angulo,a,,,5.0,334,199,0.1,377,137,2.5,126,55,0,0,0,0,0,26,124,0.5,2.0,2.5,2.5,3.3,107,44,,,118,42,143,84,92,51,117,58,,1.0,,,,,,0.07,0.06,0.13,1.46,0.0,0.49,0.97,1.46,8.27,4,0,0,0,0,0,0,0,0,0,0,0,0,0,0,0,109,367,0,0.0,0.0,0.0,0.0,0.0,0.0,0.0,0.0,0,0,0,0
552,Brian,Brobbey,Brobbey,a,,,5.8,109,29,6.8,58,8,1.5,214,21,0,0,0,-2,2,498,5844,0.3,1.0,1.5,1.5,2.0,218,25,,,309,31,85,6,68,17,146,16,,,,,,,,0.24,0.02,0.26,1.43,0.0,0.41,0.82,1.23,2.88,4,0,0,0,0,0,0,0,0,0,0,0,0,0,0,0,1111,27618,0,0.0,0.0,0.0,0.0,0.0,0.0,0.0,0.0,0,0,0,0
553,Wilson,Isidor,Isidor,a,,,5.5,148,38,1.5,148,22,3.2,84,7,0,0,0,0,0,819,795,0.6,2.4,3.2,3.2,4.3,67,7,,,189,14,325,39,86,20,198,22,,,,,,,,1.79,0.01,1.8,1.1,0.0,0.0,1.2,0.0,2.4,4,0,0,0,0,0,0,0,0,0,0,0,0,0,0,0,3365,2563,0,0.0,0.0,0.0,0.0,0.0,0.0,0.0,0.0,0,0,0,0
612,Dayann,Méthalie,Methalie,a,,,4.5,554,144,0.0,621,208,0.0,530,197,0,0,0,0,0,4,2,0.0,0.0,0.0,0.0,0.0,530,197,100.0,100.0,501,194,500,194,459,188,507,192,,,,,,,,0.0,0.0,0.0,0.0,0.0,0.0,0.0,0.0,0.0,4,0,0,0,0,0,0,0,0,0,0,0,0,0,0,0,23,15,0,0.0,0.0,0.0,0.0,0.0,0.0,0.0,0.0,0,0,0,0
613,Jules,Ahoka,Ahoka,a,,,4.5,559,291,0.3,314,110,0.0,535,214,0,0,0,0,0,133,140,0.0,0.0,0.0,0.0,0.0,535,214,,,506,196,505,204,464,173,512,200,,,,,,,,0.0,0.0,0.0,0.0,0.0,0.0,0.0,0.0,0.0,4,0,0,0,0,0,0,0,0,0,0,0,0,0,0,0,419,357,0,0.0,0.0,0.0,0.0,0.0,0.0,0.0,0.0,0,0,0,0
646,Malick,Fofana,Fofana,a,,,5.5,173,107,0.0,542,222,0.5,333,150,0,0,0,0,0,23,27,0.1,0.2,0.5,0.5,1.0,356,164,,,623,272,332,164,621,269,366,172,,,,,,,,0.0,0.0,0.0,2.19,0.0,0.0,0.0,0.0,0.0,4,0,0,0,0,0,0,0,0,0,0,0,0,0,0,0,66,66,0,0.0,0.0,0.0,0.0,0.0,0.0,0.0,0.0,0,0,0,0
651,Juan,Angulo,J.Angulo,a,,,4.5,556,78,0.5,260,44,0.0,532,60,0,0,0,0,0,1137,255,0.0,0.0,0.0,0.0,0.0,532,60,,,503,52,502,57,461,54,509,56,,,,,,,,0.0,0.0,0.0,0.0,0.0,0.0,0.0,0.0,0.0,4,0,0,0,0,0,0,0,0,0,0,0,0,0,0,0,2897,955,0,0.0,0.0,0.0,0.0,0.0,0.0,0.0,0.0,0,0,0,0
