id,status,chance_of_playing_next_round,chance_of_playing_this_round,now_cost,now_cost_rank,now_cost_rank_type,cost_change_event,cost_change_event_fall,cost_change_start,cost_change_start_fall,selected_by_percent,selected_rank,selected_rank_type,total_points,event_points,points_per_game,points_per_game_rank,points_per_game_rank_type,bonus,bps,form,form_rank,form_rank_type,value_form,value_season,dreamteam_count,transfers_in,transfers_in_event,transfers_out,transfers_out_event,ep_next,ep_this,expected_goals,expected_assists,expected_goal_involvements,expected_goals_conceded,expected_goals_per_90,expected_assists_per_90,expected_goal_involvements_per_90,expected_goals_conceded_per_90,influence,influence_rank,influence_rank_type,creativity,creativity_rank,creativity_rank_type,threat,threat_rank,threat_rank_type,ict_index,ict_index_rank,ict_index_rank_type,corners_and_indirect_freekicks_order,direct_freekicks_order,penalties_order,gw,set_piece_threat,first_name,second_name,web_name,news,news_added,minutes,goals_scored,assists,clean_sheets,goals_conceded,own_goals,penalties_saved,penalties_missed,yellow_cards,red_cards,saves,starts,defensive_contribution,corners_and_indirect_freekicks_text,direct_freekicks_text,penalties_text,saves_per_90,clean_sheets_per_90,goals_conceded_per_90,starts_per_90,defensive_contribution_per_90,tackles,clearances_blocks_interceptions,recoveries
1,a,,,6.0,62,1,0,0,0,0,39.0,5,1,15,0,5.0,52,3,0,60,3.8,65,4,0.6,2.5,0,565356,4555,528445,3069,3.8,3.8,0.0,0.01,0.01,0.92,0.0,0.0,0.0,0.31,46.2,128,15,0.0,643,71,0.0,641,71,4.7,235,16,,,,4,,David,Raya Martín,Raya,,,270,0,0,2,1,0,0,0,0,0,5,3,0,,,,1.67,0.67,0.33,1.0,0.0,0,4,30
2,a,,,4.9,365,18,0,0,-1,1,0.1,460,52,0,0,0.0,540,66,0,0,0.0,540,66,0.0,0.0,0,1199,3,3481,27,0.0,0.0,0.0,0.0,0.0,0.0,0.0,0.0,0.0,0.0,0.0,511,66,0.0,511,53,0.0,470,52,0.0,517,66,,,,4,,Kepa,Arrizabalaga Revuelta,Arrizabalaga,,,0,0,0,0,0,0,0,0,0,0,0,0,0,,,,0.0,0.0,0.0,0.0,0.0,0,0,0
3,a,,,4.9,387,20,0,0,-1,1,0.0,543,61,0,0,0.0,548,67,0,0,0.0,548,67,0.0,0.0,0,386,5,1269,10,0.0,0.0,0.0,0.0,0.0,0.0,0.0,0.0,0.0,0.0,0.0,523,67,0.0,523,55,0.0,485,54,0.0,530,67,,,,4,,Illan,Meslier,Meslier,,,0,0,0,0,0,0,0,0,0,0,0,0,0,,,,0.0,0.0,0.0,0.0,0.0,0,0,0
4,a,,,8.0,7,1,0,0,0,0,23.8,10,2,15,0,5.0,53,20,0,54,3.8,67,28,0.5,1.9,0,163371,1161,729651,5572,3.8,3.8,0.49,0.05,0.54,0.92,0.16,0.02,0.18,0.31,48.4,120,57,7.4,230,79,83.0,16,1,13.8,72,17,,,,4,,Gabriel,dos Santos Magalhães,Gabriel,,,270,0,0,2,1,0,0,0,1,0,0,3,21,,,,0.0,0.67,0.33,1.0,7.0,2,19,11
5,d,25.0,25.0,6.5,39,3,0,0,0,0,0.1,453,161,0,0,0.0,651,215,0,0,0.0,651,215,0.0,0.0,0,1587,19,6977,42,0.0,0.0,0.0,0.0,0.0,0.0,0.0,0.0,0.0,0.0,0.0,651,215,0.0,652,215,0.0,651,215,0.0,651,215,,,,4,,Jurriën,Timber,J.Timber,Groin injury - 25% chance of playing,,0,0,0,0,0,0,0,0,0,0,0,0,0,,,,0.0,0.0,0.0,0.0,0.0,0,0,0
6,i,0.0,0.0,5.9,98,9,0,0,-1,1,0.2,331,123,0,0,0.0,640,214,0,0,0.0,640,214,0.0,0.0,0,2714,31,15648,99,0.0,0.0,0.0,0.0,0.0,0.0,0.0,0.0,0.0,0.0,0.0,635,214,0.0,637,214,0.0,634,214,0.0,637,214,,,,4,,William,Saliba,Saliba,Back injury - Unknown return date,,0,0,0,0,0,0,0,0,0,0,0,0,0,,,,0.0,0.0,0.0,0.0,0.0,0,0,0
7,a,,,5.5,166,101,0,0,0,0,0.7,228,74,8,0,2.7,155,63,0,35,2.0,169,75,0.4,1.5,0,25633,183,34079,418,2.0,2.0,0.16,0.23,0.39,0.79,0.06,0.09,0.15,0.31,21.6,213,86,38.8,96,65,16.0,143,73,7.0,184,86,,,,4,,Myles,Lewis-Skelly,Lewis-Skelly,,,226,0,0,2,1,0,0,0,0,0,0,3,14,,,,0.0,0.8,0.4,1.19,5.58,1,5,8
8,a,,,5.8,110,11,0,0,3,-3,49.2,3,1,22,0,7.3,11,4,2,61,5.5,27,8,0.9,3.8,0,1324055,10947,256690,1786,5.5,5.5,0.54,0.58,1.12,0.65,0.21,0.22,0.43,0.25,51.6,112,53,27.3,134,42,39.0,74,14,11.8,94,27,,,,4,,Riccardo,Calafiori,Calafiori,,,236,0,2,2,1,0,0,0,0,0,0,3,9,,,,0.0,0.76,0.38,1.14,3.43,3,6,6
9,a,,,5.3,235,33,0,0,-2,2,1.0,184,72,2,0,1.0,334,127,0,6,0.5,326,121,0.1,0.4,0,12446,186,96584,521,0.5,0.5,0.0,0.0,0.0,0.28,0.0,0.0,0.0,0.79,6.4,293,118,1.0,306,114,2.0,276,106,1.0,322,118,,,,4,,Piero,Hincapié,Hincapie,,,32,0,0,0,0,0,0,0,0,0,0,0,3,,,,0.0,0.0,0.0,0.0,8.44,1,2,0
10,a,100.0,100.0,5.5,131,15,0,0,0,0,7.6,56,23,20,0,6.7,21,6,3,74,5.0,32,11,0.9,3.6,0,434440,2849,261304,1917,5.0,5.0,0.18,0.29,0.47,0.92,0.06,0.1,0.16,0.31,65.4,64,31,52.2,57,11,23.0,117,35,14.1,66,16,,,,4,,Benjamin,White,White,,,270,0,1,2,1,0,0,0,0,0,0,3,15,,,,0.0,0.67,0.33,1.0,5.0,4,11,9
11,d,50.0,50.0,5.4,224,29,0,0,-1,1,2.5,115,46,12,0,6.0,36,15,0,52,3.0,99,39,0.6,2.2,0,29696,7,381030,4178,1.5,1.5,0.0,0.01,0.01,0.53,0.0,0.01,0.01,0.28,24.6,204,87,2.0,282,101,0.0,599,209,2.7,274,105,,,,4,,Cristhian,Mosquera,Mosquera,Muscular injury - 50% chance of playing,,168,0,0,2,0,0,0,0,0,0,0,2,10,,,,0.0,1.07,0.0,1.07,5.36,0,10,3
12,a,,,9.5,4,3,0,0,0,0,11.4,38,15,22,0,7.3,12,6,4,95,5.5,29,15,0.6,2.3,0,460132,1756,287541,2619,5.5,5.5,1.5,0.35,1.85,0.78,0.55,0.13,0.68,0.29,94.4,22,11,61.9,40,35,147.0,3,1,30.3,5,4,2.0,2.0,1.0,4,,Bukayo,Saka,Saka,,,246,2,0,2,1,0,0,0,0,0,0,3,22,,,,0.0,0.73,0.37,1.1,8.05,4,6,12
13,a,,,7.4,18,11,0,0,-1,1,13.0,31,12,13,0,4.3,70,32,0,51,3.2,90,39,0.4,1.8,0,83828,667,564019,4850,3.2,3.2,0.1,0.26,0.36,0.78,0.04,0.1,0.14,0.29,64.6,65,20,53.9,52,43,4.0,252,120,12.3,85,53,1.0,1.0,,4,,Declan,Rice,Rice,,,241,0,1,2,1,0,0,0,0,0,0,3,24,,,,0.0,0.75,0.37,1.12,8.96,3,10,11
14,a,,,6.3,54,38,0,0,-2,2,1.2,173,56,2,0,1.0,372,174,0,10,0.5,342,155,0.1,0.3,0,18045,152,115543,740,0.5,0.5,0.04,0.07,0.11,0.39,0.06,0.11,0.17,0.59,1.6,344,158,3.8,249,132,3.0,261,127,0.7,335,153,,3.0,,4,,Eberechi,Eze,Eze,,,59,0,0,0,0,0,0,0,0,0,0,0,5,,,,0.0,0.0,0.0,0.0,7.63,0,0,5
15,a,,,6.7,32,21,0,0,2,-2,18.4,19,7,24,0,8.0,6,4,6,101,6.0,20,12,0.9,3.6,0,1245994,16550,329160,1739,6.0,6.0,1.01,1.05,2.06,0.66,0.41,0.43,0.84,0.27,102.4,11,7,102.5,12,12,66.0,37,22,27.1,11,9,,4.0,3.0,4,,Martin,Ødegaard,Ødegaard,,,221,2,0,2,1,0,0,0,0,0,0,3,16,,,,0.0,0.81,0.41,1.22,6.52,5,3,8
16,a,,,6.3,55,39,0,0,-2,2,0.2,327,117,2,0,1.0,373,175,0,11,0.5,343,156,0.1,0.3,0,4117,30,20914,130,0.5,0.5,0.0,0.05,0.05,0.15,0.0,0.2,0.2,0.59,11.6,259,107,43.9,77,55,0.0,647,287,5.6,216,99,5.0,,,4,,Noni,Madueke,Madueke,,,23,0,0,0,0,0,0,0,0,0,0,0,3,,,,0.0,0.0,0.0,0.0,11.74,1,0,2
548,a,,,4.9,411,248,0,0,-1,1,0.1,494,197,2,0,1.0,312,133,0,6,0.5,315,140,0.1,0.4,0,376,4,2129,13,0.5,0.5,0.0,0.0,0.0,0.44,0.0,0.0,0.0,2.33,0.0,536,217,0.3,338,166,0.0,499,196,0.0,544,222,,,,4,,Chris,Rigg,Rigg,,,17,0,0,0,1,0,0,0,0,0,0,0,1,,,,0.0,0.0,5.29,0.0,5.29,0,0,1
17,a,,,5.8,108,69,0,0,-2,2,0.4,263,87,2,0,0.7,387,181,0,12,0.5,334,151,0.1,0.3,0,7465,73,39329,353,0.5,0.5,0.14,0.02,0.16,0.26,0.27,0.04,0.31,0.51,6.4,295,126,3.3,258,136,14.0,163,80,2.4,282,124,,,,4,,Mikel,Merino Zazón,Merino,,,46,0,0,0,0,0,0,0,1,0,0,0,6,,,,0.0,0.0,0.0,0.0,11.74,0,0,6
18,u,0.0,0.0,6.3,56,40,0,0,-2,2,0.1,438,170,0,0,0.0,648,287,0,0,0.0,648,287,0.0,0.0,0,2483,0,19922,120,0.0,0.0,0.0,0.0,0.0,0.0,0.0,0.0,0.0,0.0,0.0,648,288,0.0,649,288,0.0,648,288,0.0,648,288,,,,4,,Gabriel,Martinelli Silva,Martinelli,Has joined Al Hilal permanently,,0,0,0,0,0,0,0,0,0,0,0,0,0,,,,0.0,0.0,0.0,0.0,0.0,0,0,0
19,a,,,5.4,219,138,0,0,-1,1,0.7,226,73,3,0,1.0,344,155,0,9,0.8,289,133,0.1,0.6,0,6628,57,54019,438,0.8,0.8,0.08,0.04,0.12,0.28,0.14,0.07,0.21,0.5,10.0,270,115,4.0,247,131,11.0,186,91,2.5,278,121,,,,4,,Martín,Zubimendi Ibáñez,Zubimendi,,,50,0,0,0,0,0,0,0,0,0,0,0,9,,,,0.0,0.0,0.0,0.0,16.2,3,4,2
20,a,,,5.3,237,149,0,0,-2,2,0.1,471,186,0,0,0.0,612,260,0,0,0.0,612,260,0.0,0.0,0,1743,33,5721,52,0.0,0.0,0.0,0.0,0.0,0.0,0.0,0.0,0.0,0.0,0.0,594,250,0.0,601,256,0.0,583,243,0.0,601,253,,,,4,,Max,Dowman,Dowman,,,0,0,0,0,0,0,0,0,0,0,0,0,0,,,,0.0,0.0,0.0,0.0,0.0,0,0,0
22,u,0.0,0.0,5.4,223,141,0,0,-1,1,0.0,614,261,0,0,0.0,621,267,0,0,0.0,621,267,0.0,0.0,0,233,0,1087,3,0.0,0.0,0.0,0.0,0.0,0.0,0.0,0.0,0.0,0.0,0.0,607,260,0.0,612,264,0.0,598,255,0.0,613,262,,,,4,,Ethan,Nwaneri,Nwaneri,Has joined Borussia Dortmund on loan for the rest of the season,,0,0,0,0,0,0,0,0,0,0,0,0,0,,,,0.0,0.0,0.0,0.0,0.0,0,0,0
23,u,0.0,0.0,5.5,149,89,0,0,0,0,0.0,617,263,0,0,0.0,630,273,0,0,0.0,630,273,0.0,0.0,0,255,0,792,1,0.0,0.0,0.0,0.0,0.0,0.0,0.0,0.0,0.0,0.0,0.0,619,268,0.0,625,270,0.0,616,264,0.0,625,270,,,,4,,Fábio,Ferreira Vieira,Fábio Vieira,Has joined Hamburger SV permanently,,0,0,0,0,0,0,0,0,0,0,0,0,0,,,,0.0,0.0,0.0,0.0,0.0,0,0,0
24,u,0.0,0.0,5.5,132,80,0,0,0,0,0.0,630,272,0,0,0.0,626,269,0,0,0.0,626,269,0.0,0.0,0,68,0,592,4,0.0,0.0,0.0,0.0,0.0,0.0,0.0,0.0,0.0,0.0,0.0,615,264,0.0,620,266,0.0,610,259,0.0,621,266,,,,4,,Reiss,Nelson,Nelson,has departed the club as a free agent.,,0,0,0,0,0,0,0,0,0,0,0,0,0,,,,0.0,0.0,0.0,0.0,0.0,0,0,0
25,a,,,7.2,23,8,0,0,-3,3,3.6,90,12,1,0,1.0,378,47,0,2,0.2,396,48,0.0,0.1,0,23270,203,539224,1926,0.2,0.2,0.0,0.0,0.0,0.11,0.0,0.0,0.0,0.82,0.0,652,76,0.1,354,45,0.0,652,76,0.0,652,76,,,2.0,4,,Viktor,Gyökeres,Gyökeres,,,12,0,0,0,0,0,0,0,0,0,0,0,1,,,,0.0,0.0,0.0,0.0,7.5,0,0,1
26,a,,,7.5,17,6,0,0,0,0,8.0,52,7,16,0,5.3,48,5,2,77,4.0,61,6,0.5,2.1,0,461522,5631,259177,1676,4.0,4.0,0.55,0.33,0.88,0.8,0.19,0.12,0.31,0.28,82.6,38,4,53.6,53,2,105.0,9,5,24.1,15,4,,,,4,,Kai,Havertz,Havertz,,,257,2,0,2,1,0,0,0,0,0,0,3,8,,,,0.0,0.7,0.35,1.05,2.8,0,3,5
27,u,0.0,0.0,5.9,89,24,0,0,-1,1,0.2,350,54,0,0,0.0,638,76,0,0,0.0,638,76,0.0,0.0,0,4164,0,26154,171,0.0,0.0,0.0,0.0,0.0,0.0,0.0,0.0,0.0,0.0,0.0,631,71,0.0,635,75,0.0,629,73,0.0,634,74,,,,4,,Gabriel,Fernando de Jesus,G.Jesus,Has joined FC Barcelona permanently,,0,0,0,0,0,0,0,0,0,0,0,0,0,,,,0.0,0.0,0.0,0.0,0.0,0,0,0
31,a,,,4.5,454,96,0,0,0,0,16.8,23,7,5,0,2.5,162,62,0,18,1.2,220,83,0.3,1.1,0,1039657,9444,527219,1641,1.2,1.2,0.0,0.01,0.01,0.39,0.0,0.01,0.01,0.35,22.6,209,89,1.5,291,104,4.0,240,88,2.8,271,103,,,,4,,Ezri,Konsa Ngoyo,Konsa,,,101,0,0,0,1,0,0,0,0,0,0,1,11,,,,0.0,0.0,0.89,0.89,9.8,3,8,5
452,a,100.0,100.0,6.8,31,20,0,0,-2,2,1.7,140,42,1,0,1.0,377,179,0,4,0.2,395,186,0.0,0.1,0,8830,83,227984,794,0.2,0.2,0.0,0.01,0.01,0.0,0.0,0.05,0.05,0.0,1.4,347,160,0.8,316,157,2.0,289,140,0.4,347,159,4.0,,4.0,4,,Bruno,Guimarães Rodriguez Moura,Bruno G.,,,19,0,0,0,0,0,0,0,0,0,0,0,3,,,,0.0,0.0,0.0,0.0,14.21,0,0,3
557,a,,,6.4,45,30,0,0,-1,1,16.0,26,10,11,0,3.7,92,40,1,62,2.8,117,53,0.4,1.7,0,412569,1807,1168531,8261,2.8,2.8,0.19,0.35,0.54,0.55,0.08,0.15,0.23,0.24,47.6,124,45,101.6,13,13,38.0,78,47,18.8,33,25,3.0,,,4,,Christos,Tzolis,Tzolis,,,210,0,2,1,1,0,0,0,2,0,0,3,17,,,,0.0,0.43,0.43,1.29,7.29,2,5,10
29,a,,,4.5,427,24,0,0,0,0,0.1,378,43,1,0,1.0,287,23,0,1,0.2,356,23,0.0,0.2,0,4195,17,4950,66,0.2,0.2,0.0,0.0,0.0,3.77,0.0,0.0,0.0,3.77,28.2,192,21,0.0,422,30,0.0,369,27,2.8,270,21,,,,4,,Marco,Bizot,M.Bizot,,,90,0,0,0,4,0,0,0,0,0,3,1,0,,,,3.0,0.0,4.0,1.0,0.0,0,2,6
30,u,0.0,0.0,4.5,432,84,0,0,0,0,0.1,486,172,0,0,0.0,463,178,0,0,0.0,463,178,0.0,0.0,0,0,0,8011,31,0.0,0.0,0.0,0.0,0.0,0.0,0.0,0.0,0.0,0.0,0.0,428,171,0.0,425,171,0.0,372,158,0.0,434,169,,,,4,,Lucas,Digne,Digne,Has joined Paris Saint-Germain permanently,,0,0,0,0,0,0,0,0,0,0,0,0,0,,,,0.0,0.0,0.0,0.0,0.0,0,0,0
32,d,75.0,75.0,4.5,453,95,0,0,0,0,6.1,66,27,7,0,2.3,174,68,0,23,1.8,182,70,0.4,1.6,0,87462,75,289611,6314,1.4,1.4,0.15,0.04,0.19,5.03,0.05,0.01,0.06,1.8,32.4,181,81,19.2,174,54,13.0,166,57,6.5,196,76,1.0,,,4,,Matty,Cash,Cash,Muscular injury - 75% chance of playing,,251,0,0,1,5,0,0,0,1,0,0,3,14,,,,0.0,0.36,1.79,1.08,5.02,6,8,2
33,a,,,4.5,440,85,0,0,0,0,0.4,273,100,7,0,2.3,173,67,0,33,1.8,180,68,0.4,1.6,0,11313,126,11037,170,1.8,1.8,0.2,0.02,0.22,2.58,0.11,0.01,0.12,1.36,16.8,236,99,4.4,243,82,13.0,165,56,3.4,254,97,,,,4,,Tyrone,Mings,Mings,,,171,0,0,1,2,0,0,0,1,0,0,1,10,,,,0.0,0.53,1.05,0.53,5.26,3,7,4
34,a,,,4.5,478,113,0,0,0,0,0.4,270,99,3,1,1.0,290,112,0,-4,0.8,271,100,0.2,0.7,0,11048,92,15167,184,0.8,0.8,0.0,0.01,0.01,4.72,0.0,0.0,0.0,2.27,11.0,264,110,1.5,292,105,0.0,396,166,1.2,315,117,,,,4,,Pau,Torres,Pau,,,187,0,0,0,5,0,0,0,0,0,0,3,9,,,,0.0,0.0,2.41,1.44,4.33,1,8,9
35,a,,,5.0,328,195,0,0,0,0,0.1,470,185,1,0,1.0,327,144,0,3,0.2,379,173,0.0,0.2,0,2296,29,3421,54,0.2,0.2,0.0,0.0,0.0,0.22,0.0,0.0,0.0,1.24,2.2,340,156,0.5,330,163,0.0,562,229,0.3,352,162,,,,4,,Lamare,Bogarde,Bogarde,,,16,0,0,0,0,0,0,0,0,0,0,0,1,,,,0.0,0.0,0.0,0.0,5.62,0,1,0
36,a,,,4.5,485,119,0,0,0,0,0.8,204,78,9,1,2.2,184,73,1,21,2.2,139,54,0.5,2.0,0,31639,345,24809,314,2.2,2.2,0.28,0.44,0.72,6.38,0.08,0.12,0.2,1.71,24.6,202,86,21.1,163,53,19.0,124,37,6.4,202,78,,,,4,,Ian,Maatsen,Maatsen,,,335,0,0,1,7,0,0,0,1,0,0,4,23,,,,0.0,0.27,1.88,1.07,6.18,7,16,10
37,a,,,4.5,450,92,0,0,0,0,0.3,291,105,7,1,1.8,230,87,0,27,1.8,181,69,0.4,1.6,0,10217,119,9177,71,1.8,1.8,0.44,0.17,0.61,7.3,0.11,0.04,0.15,1.82,39.2,150,68,26.2,140,45,2.0,265,98,6.7,192,74,,,,4,,Victor,Lindelöf,Lindelöf,,,360,0,0,1,7,1,0,0,0,0,0,4,16,,,,0.0,0.25,1.75,1.0,4.0,1,15,5
38,a,,,4.0,651,210,0,0,0,0,1.6,143,58,0,0,0.0,449,169,0,0,0.0,449,169,0.0,0.0,0,36681,387,48262,535,0.0,0.0,0.0,0.0,0.0,0.0,0.0,0.0,0.0,0.0,0.0,414,162,0.0,409,162,0.0,354,147,0.0,420,160,,,,4,,Andrés,García,A.García,,,0,0,0,0,0,0,0,0,0,0,0,0,0,,,,0.0,0.0,0.0,0.0,0.0,0,0,0
39,u,0.0,0.0,4.0,648,208,0,0,0,0,0.1,369,142,0,0,0.0,447,168,0,0,0.0,447,168,0.0,0.0,0,0,0,13460,48,0.0,0.0,0.0,0.0,0.0,0.0,0.0,0.0,0.0,0.0,0.0,412,161,0.0,407,161,0.0,351,145,0.0,418,159,,,,4,,Kosta,Nedeljkovic,Nedeljkovic,Has joined Rangers on loan for the rest of the season,,0,0,0,0,0,0,0,0,0,0,0,0,0,,,,0.0,0.0,0.0,0.0,0.0,0,0,0
41,a,,,5.9,88,57,0,0,-1,1,1.0,182,58,9,2,2.2,192,80,0,22,2.2,153,68,0.4,1.5,0,41763,184,69155,1291,2.2,2.2,0.78,0.17,0.95,6.23,0.23,0.05,0.28,1.8,5.0,307,136,40.3,91,62,24.0,115,59,6.3,204,93,3.0,1.0,1.0,4,,Emiliano,Buendía Stati,Buendía,,,311,0,0,1,6,0,0,0,0,0,0,4,18,,,,0.0,0.29,1.74,1.16,5.21,2,3,13
549,a,,,5.4,229,145,0,0,-1,1,0.1,370,132,1,0,1.0,347,157,0,1,0.2,385,178,0.0,0.2,0,938,13,9591,68,0.2,0.2,0.0,0.0,0.0,0.14,0.0,0.0,0.0,0.41,0.0,609,262,0.9,309,154,0.0,601,257,0.0,615,264,,,,4,,Chemsdine,Talbi,Talbi,,,31,0,0,0,1,0,0,0,0,0,0,0,2,,,,0.0,0.0,2.9,0.0,5.81,0,0,2
44,u,0.0,0.0,5.4,196,123,0,0,-1,1,0.1,464,183,0,0,0.0,616,263,0,0,0.0,616,263,0.0,0.0,0,2096,0,11189,106,0.0,0.0,0.0,0.0,0.0,0.0,0.0,0.0,0.0,0.0,0.0,598,253,0.0,605,259,0.0,589,248,0.0,605,256,,,,4,,Leon,Bailey,Bailey,Has joined Olympiakos permanently,,0,0,0,0,0,0,0,0,0,0,0,0,0,,,,0.0,0.0,0.0,0.0,0.0,0,0,0
550,a,,,5.0,359,215,0,0,0,0,0.0,625,269,0,0,0.0,610,259,0,0,0.0,610,259,0.0,0.0,0,213,3,295,2,0.0,0.0,0.0,0.0,0.0,0.0,0.0,0.0,0.0,0.0,0.0,592,249,0.0,599,255,0.0,581,242,0.0,599,252,,,,4,,Djiamgone Jocelin Ta,Bi,Jocelin.T,,,0,0,0,0,0,0,0,0,0,0,0,0,0,,,,0.0,0.0,0.0,0.0,0.0,0,0,0
45,a,,,5.4,186,115,0,0,-1,1,2.3,118,38,11,6,2.8,150,61,1,46,2.8,114,51,0.5,2.0,0,45622,605,123611,1235,2.8,2.8,0.77,0.2,0.97,7.15,0.2,0.05,0.25,1.83,3.0,331,149,20.0,170,96,15.0,154,76,3.3,259,113,2.0,,,4,,John,McGinn,McGinn,,,351,0,1,1,7,0,0,0,2,0,0,4,22,,,,0.0,0.26,1.79,1.03,5.64,5,6,11
46,a,,,5.0,241,151,0,0,0,0,0.3,303,103,9,2,2.2,185,73,0,66,2.2,141,59,0.4,1.8,0,12957,94,10654,181,2.2,2.2,0.37,0.14,0.51,6.51,0.11,0.04,0.15,1.94,35.8,164,61,78.8,25,22,24.0,112,57,13.9,68,44,4.0,,,4,,Ross,Barkley,Barkley,,,302,0,0,1,6,0,0,0,0,0,0,4,24,,,,0.0,0.3,1.79,1.19,7.15,7,4,13
47,a,100.0,100.0,5.0,276,169,0,0,0,0,0.3,289,99,9,2,2.2,187,75,0,59,2.2,144,61,0.4,1.8,0,11328,107,15449,235,2.2,2.2,0.0,0.14,0.14,7.3,0.0,0.04,0.04,1.82,35.4,166,63,43.2,79,56,0.0,529,214,7.9,160,74,,,,4,,Boubacar,Kamara,Kamara,,,360,0,0,1,7,0,0,0,0,0,0,4,30,,,,0.0,0.25,1.75,1.0,7.5,7,10,13
48,i,0.0,0.0,5.0,290,174,0,0,0,0,0.0,580,240,0,0,0.0,578,241,0,0,0.0,578,241,0.0,0.0,0,407,2,1377,10,0.0,0.0,0.0,0.0,0.0,0.0,0.0,0.0,0.0,0.0,0.0,558,230,0.0,562,236,0.0,539,218,0.0,565,233,,,,4,,Amadou,Onana,Onana,Knee injury - Unknown return date,,0,0,0,0,0,0,0,0,0,0,0,0,0,,,,0.0,0.0,0.0,0.0,0.0,0,0,0
49,u,0.0,0.0,5.0,299,178,0,0,0,0,0.0,648,286,0,0,0.0,582,243,0,0,0.0,582,243,0.0,0.0,0,0,0,206,1,0.0,0.0,0.0,0.0,0.0,0.0,0.0,0.0,0.0,0.0,0.0,562,232,0.0,567,238,0.0,544,220,0.0,569,235,,,,4,,Samuel,Iling-Junior,Iling Jr,Has joined Bolton Wanderers on loan for the rest of the season,,0,0,0,0,0,0,0,0,0,0,0,0,0,,,,0.0,0.0,0.0,0.0,0.0,0,0,0
50,a,,,4.5,555,288,0,0,0,0,0.6,231,76,0,0,0.0,531,211,0,0,0.0,531,211,0.0,0.0,0,18994,130,24824,330,0.0,0.0,0.0,0.0,0.0,0.0,0.0,0.0,0.0,0.0,0.0,502,193,0.0,501,201,0.0,460,170,0.0,508,197,,,,4,,Bradley,Burrowes,Burrowes,,,0,0,0,0,0,0,0,0,0,0,0,0,0,,,,0.0,0.0,0.0,0.0,0.0,0,0,0
51,a,,,4.5,534,277,0,0,0,0,1.3,165,52,8,1,2.0,201,81,0,33,2.0,158,69,0.4,1.8,0,99424,817,43254,595,2.0,2.0,0.07,0.16,0.23,5.31,0.02,0.05,0.07,1.71,23.2,205,82,29.4,130,79,23.0,116,60,7.5,169,77,,,,4,,George,Hemmings,George Hemmings,,,279,0,0,1,5,0,0,0,0,0,0,4,19,,,,0.0,0.32,1.61,1.29,6.13,6,3,10
52,a,,,5.0,357,214,0,0,0,0,0.0,502,201,8,6,2.0,212,89,0,34,2.0,162,72,0.4,1.6,0,1736,58,2255,17,2.0,2.0,0.07,0.0,0.07,2.12,0.07,0.0,0.07,2.19,5.4,299,130,2.6,266,139,2.0,275,130,1.0,321,146,,,,4,,Alysson Edward Franco,da Rocha dos Santos,Alysson,,,87,1,0,0,2,0,0,0,1,0,0,0,8,,,,0.0,0.0,2.07,0.0,8.28,2,2,4
53,a,100.0,50.0,5.9,107,68,0,0,-1,1,0.1,393,145,1,1,1.0,367,171,0,3,0.2,392,184,0.0,0.2,0,1243,100,15681,52,0.2,0.1,0.0,0.02,0.02,0.57,0.0,0.07,0.07,1.9,0.0,639,282,0.0,641,282,0.0,639,281,0.0,641,282,,,,4,,Johan,Manzambi,Manzambi,,,27,0,0,0,1,0,0,0,0,0,0,0,2,,,,0.0,0.0,3.33,0.0,6.67,1,0,1
54,a,100.0,0.0,5.5,152,91,0,0,0,0,0.0,521,210,-2,0,-2.0,656,292,0,-2,-0.5,656,292,-0.1,-0.4,0,382,7,3599,17,-0.5,0.0,0.0,0.01,0.01,2.58,0.0,0.02,0.02,5.95,1.0,352,164,11.0,217,115,0.0,617,265,1.2,316,142,,,,4,,Joao,Gomes,Gomes,,,39,0,0,0,4,0,0,0,0,1,0,1,7,,,,0.0,0.0,9.23,2.31,16.15,4,1,2
55,u,0.0,0.0,7.8,13,4,0,0,-2,2,3.0,102,15,0,0,0.0,655,78,0,0,0.0,655,78,0.0,0.0,0,14882,0,714524,2393,0.0,0.0,0.0,0.0,0.0,0.0,0.0,0.0,0.0,0.0,0.0,656,78,0.0,656,78,0.0,656,78,0.0,656,78,,,,4,,Ollie,Watkins,Watkins,Has joined Al Hilal permanently,,0,0,0,0,0,0,0,0,0,0,0,0,0,,,,0.0,0.0,0.0,0.0,0.0,0,0,0
56,a,100.0,100.0,5.5,129,34,0,0,0,0,0.2,358,55,3,1,1.0,352,41,0,10,0.8,292,35,0.1,0.5,0,9826,118,8353,102,0.8,0.8,0.0,0.0,0.0,1.98,0.0,0.0,0.0,2.58,2.0,342,37,2.3,274,34,0.0,608,70,0.4,344,39,,,,4,,Tammy,Abraham,Abraham,,,69,0,0,0,2,0,0,0,0,0,0,0,2,,,,0.0,0.0,2.61,0.0,2.61,1,0,1
160,a,,,5.9,103,65,0,0,-1,1,0.4,278,92,3,0,1.0,366,170,0,9,0.8,295,135,0.1,0.5,0,6142,33,31845,433,0.8,0.8,0.0,0.0,0.0,0.49,0.0,0.0,0.0,1.42,1.2,351,163,3.6,252,133,0.0,636,278,0.5,340,156,,,,4,,Alejandro,Garnacho Ferreyra,Garnacho,,,31,0,0,0,0,0,0,0,0,0,0,0,2,,,,0.0,0.0,0.0,0.0,5.81,0,0,2
166,a,,,6.5,42,11,0,0,0,0,1.3,164,24,4,0,1.3,268,32,0,21,1.0,265,31,0.2,0.6,0,127237,809,42791,1990,1.0,1.0,0.24,0.58,0.82,1.54,0.11,0.26,0.37,0.7,5.4,302,30,23.4,149,14,22.0,119,23,5.1,225,25,,,2.0,4,,Nicolas,Jackson,N.Jackson,,,199,0,0,1,1,0,0,0,1,0,0,3,5,,,,0.0,0.45,0.45,1.36,2.26,0,0,5
582,i,0.0,0.0,5.5,184,43,0,0,0,0,0.3,312,50,0,0,0.0,636,75,0,0,0.0,636,75,0.0,0.0,0,2425,8,24365,239,0.0,0.0,0.0,0.0,0.0,0.0,0.0,0.0,0.0,0.0,0.0,627,69,0.0,632,74,0.0,626,72,0.0,631,73,,,,4,,Brian,Madjo,Madjo,Unspecified injury - Unknown return date,,0,0,0,0,0,0,0,0,0,0,0,0,0,,,,0.0,0.0,0.0,0.0,0.0,0,0,0
596,a,,,4.5,499,126,0,0,0,0,0.1,433,155,2,0,1.0,294,115,0,6,0.5,310,114,0.1,0.4,0,1876,12,4162,72,0.5,0.5,0.0,0.01,0.01,0.49,0.0,0.04,0.04,1.92,6.6,289,115,2.6,265,92,0.0,411,174,0.9,323,119,,,,4,,Matteo,Ruggeri,Ruggeri,,,23,0,0,0,0,0,0,0,0,0,0,0,3,,,,0.0,0.0,0.0,0.0,11.74,2,1,2
597,a,,,5.0,286,12,0,0,0,0,1.8,133,20,14,2,4.7,58,5,3,63,3.5,71,7,0.7,2.8,0,122569,1591,37484,435,3.5,3.5,0.0,0.0,0.0,3.53,0.0,0.0,0.0,1.18,40.8,146,18,0.0,561,63,0.0,536,63,4.1,242,18,,,,4,,Zion,Suzuki,Suzuki,,,270,0,0,1,3,0,0,0,0,0,10,3,0,,,,3.33,0.33,1.0,1.0,0.0,0,5,31
606,a,,,4.0,643,203,0,0,0,0,0.2,359,136,0,0,0.0,443,164,0,0,0.0,443,164,0.0,0.0,0,10999,125,3721,65,0.0,0.0,0.0,0.0,0.0,0.0,0.0,0.0,0.0,0.0,0.0,408,157,0.0,403,157,0.0,346,140,0.0,414,155,,,,4,,Triston,Rowe,Rowe,,,0,0,0,0,0,0,0,0,0,0,0,0,0,,,,0.0,0.0,0.0,0.0,0.0,0,0,0
607,u,0.0,0.0,4.5,529,275,0,0,0,0,0.1,440,171,0,0,0.0,513,201,0,0,0.0,513,201,0.0,0.0,0,7103,0,6157,80,0.0,0.0,0.0,0.0,0.0,0.0,0.0,0.0,0.0,0.0,0.0,482,183,0.0,481,191,0.0,439,160,0.0,488,187,,,,4,,Luka,Lynch,Lynch,Has joined Oxford United on loan until January,,0,0,0,0,0,0,0,0,0,0,0,0,0,,,,0.0,0.0,0.0,0.0,0.0,0,0,0
611,a,,,4.5,458,98,0,0,0,0,0.2,345,130,5,3,1.7,238,90,0,18,1.7,199,77,0.4,1.1,0,12475,217,4081,60,1.7,1.7,0.0,0.05,0.05,2.27,0.0,0.04,0.04,1.91,6.4,292,117,1.7,287,103,0.0,386,160,0.8,330,122,,,,4,,Aaron,Wan-Bissaka,Wan-Bissaka,,,107,0,0,0,2,0,0,0,0,0,0,1,16,,,,0.0,0.0,1.68,0.84,13.46,7,9,1
618,i,0.0,0.0,6.0,61,43,0,0,0,0,0.0,514,207,0,0,0.0,644,283,0,0,0.0,644,283,0.0,0.0,0,4564,2,3091,141,0.0,0.0,0.0,0.0,0.0,0.0,0.0,0.0,0.0,0.0,0.0,640,283,0.0,642,283,0.0,640,282,0.0,642,283,,,,4,,Leon,Goretzka,Goretzka,Knee injury - Expected back 10 Oct,,0,0,0,0,0,0,0,0,0,0,0,0,0,,,,0.0,0.0,0.0,0.0,0.0,0,0,0
630,a,,,4.5,479,114,0,0,0,0,0.0,584,198,0,0,0.0,481,184,0,0,0.0,481,184,0.0,0.0,0,1612,14,475,20,0.0,0.0,0.0,0.0,0.0,0.0,0.0,0.0,0.0,0.0,0.0,448,178,0.0,446,178,0.0,397,167,0.0,454,176,,,,4,,Taylor,Harwood-Bellis,Harwood-Bellis,,,0,0,0,0,0,0,0,0,0,0,0,0,0,,,,0.0,0.0,0.0,0.0,0.0,0,0,0
631,a,,,6.0,82,54,0,0,0,0,0.1,485,193,1,1,1.0,370,172,0,6,0.5,341,154,0.1,0.2,0,6944,101,2291,81,0.5,0.5,0.02,0.14,0.16,0.57,0.07,0.47,0.54,1.9,0.0,646,286,0.0,647,286,0.0,645,285,0.0,646,286,,,,4,,Ibrahim,Mbaye,Mbaye,,,27,0,0,0,1,0,0,0,0,0,0,0,2,,,,0.0,0.0,3.33,0.0,6.67,1,0,1
57,a,,,4.5,489,39,0,0,0,0,3.3,95,16,7,1,1.8,232,19,0,33,1.8,185,16,0.4,1.6,0,99247,383,86940,809,1.8,1.8,0.0,0.0,0.0,5.3,0.0,0.0,0.0,1.32,74.0,43,7,0.0,452,45,0.0,404,42,7.4,172,7,,,,4,,Đorđe,Petrović,Petrović,,,360,0,0,0,7,0,0,0,0,0,9,4,0,,,,2.25,0.0,1.75,1.0,0.0,0,6,30
58,a,,,4.0,581,50,0,0,0,0,3.4,92,15,0,0,0.0,398,25,0,0,0.0,398,25,0.0,0.0,0,87293,604,56543,341,0.0,0.0,0.0,0.0,0.0,0.0,0.0,0.0,0.0,0.0,0.0,363,24,0.0,356,5,0.0,296,2,0.0,368,24,,,,4,,Fraser,Forster,Forster,,,0,0,0,0,0,0,0,0,0,0,0,0,0,,,,0.0,0.0,0.0,0.0,0.0,0,0,0
59,u,0.0,0.0,4.0,615,65,0,0,0,0,0.1,376,42,0,0,0.0,422,40,0,0,0.0,422,40,0.0,0.0,0,1133,0,5948,39,0.0,0.0,0.0,0.0,0.0,0.0,0.0,0.0,0.0,0.0,0.0,387,39,0.0,382,20,0.0,324,17,0.0,393,39,,,,4,,Will,Dennis,Dennis,Has joined MK Dons permanently,,0,0,0,0,0,0,0,0,0,0,0,0,0,,,,0.0,0.0,0.0,0.0,0.0,0,0,0
60,a,,,5.5,155,20,0,0,0,0,0.8,208,81,8,2,2.0,215,83,0,28,2.0,167,63,0.4,1.5,0,24649,229,29397,433,2.0,2.0,0.0,0.77,0.77,5.3,0.0,0.19,0.19,1.32,54.0,102,46,52.8,55,9,6.0,230,81,11.3,101,32,,,,4,,James,Hill,Hill,,,360,0,0,0,7,0,0,0,1,0,0,4,35,,,,0.0,0.0,1.75,1.0,8.75,5,30,8
61,a,,,5.5,164,22,0,0,0,0,3.4,93,35,8,3,2.0,217,84,2,43,2.0,168,64,0.4,1.5,0,45688,339,114815,1030,2.0,2.0,0.12,0.23,0.35,5.3,0.03,0.06,0.09,1.32,53.4,105,48,40.7,90,23,6.0,231,82,10.1,125,48,,,,4,,Adrien,Truffert,Truffert,,,360,0,0,0,7,0,0,0,1,0,0,4,37,,,,0.0,0.0,1.75,1.0,9.25,14,23,21
62,a,,,5.0,282,46,0,0,0,0,0.2,355,133,0,0,0.0,576,205,0,0,0.0,576,205,0.0,0.0,0,5794,52,8945,108,0.0,0.0,0.0,0.0,0.0,0.0,0.0,0.0,0.0,0.0,0.0,556,204,0.0,558,204,0.0,533,201,0.0,563,204,,,,4,,Bafodé,Diakité,Diakité,,,0,0,0,0,0,0,0,0,0,0,0,0,0,,,,0.0,0.0,0.0,0.0,0.0,0,0,0
63,i,0.0,0.0,5.0,352,63,0,0,0,0,0.0,612,207,0,0,0.0,605,210,0,0,0.0,605,210,0.0,0.0,0,234,2,707,5,0.0,0.0,0.0,0.0,0.0,0.0,0.0,0.0,0.0,0.0,0.0,586,209,0.0,593,209,0.0,575,207,0.0,593,209,,,,4,,Veljko,Milosavljevic,Milosavljević,Thigh injury - Unknown return date,,0,0,0,0,0,0,0,0,0,0,0,0,0,,,,0.0,0.0,0.0,0.0,0.0,0,0,0
64,a,,,4.5,425,81,0,0,0,0,0.1,379,143,2,0,0.5,391,138,0,10,0.5,303,109,0.1,0.4,0,6025,45,4909,62,0.5,0.5,0.01,0.07,0.08,5.3,0.0,0.02,0.02,1.32,32.2,182,82,41.6,84,21,4.0,238,86,7.8,162,64,,,,4,,Adam,Smith,Smith,,,360,0,0,0,7,0,0,0,3,0,0,4,21,,,,0.0,0.0,1.75,1.0,5.25,5,16,13
65,i,0.0,0.0,4.4,570,154,0,0,-1,1,0.0,594,202,0,0,0.0,458,177,0,0,0.0,458,177,0.0,0.0,0,286,3,1091,3,0.0,0.0,0.0,0.0,0.0,0.0,0.0,0.0,0.0,0.0,0.0,423,170,0.0,418,170,0.0,364,156,0.0,429,168,,,,4,,Julián,Araujo Zúñiga,J.Araujo,Thigh injury - Unknown return date,,0,0,0,0,0,0,0,0,0,0,0,0,0,,,,0.0,0.0,0.0,0.0,0.0,0,0,0
66,a,100.0,100.0,4.0,645,205,0,0,0,0,0.3,310,115,0,0,0.0,444,165,0,0,0.0,444,165,0.0,0.0,0,10889,145,7570,89,0.0,0.0,0.0,0.0,0.0,0.0,0.0,0.0,0.0,0.0,0.0,409,158,0.0,404,158,0.0,348,142,0.0,415,156,,,,4,,Julio,Soler Barreto,Soler,,,0,0,0,0,0,0,0,0,0,0,0,0,0,,,,0.0,0.0,0.0,0.0,0.0,0,0,0
67,a,,,6.4,47,31,0,0,-1,1,1.9,131,41,8,2,2.0,224,95,0,28,2.0,175,80,0.3,1.2,0,44078,141,126368,2232,2.0,2.0,0.99,0.09,1.08,4.95,0.26,0.02,0.28,1.28,16.4,238,97,15.7,186,105,71.0,26,15,10.4,123,60,,,,4,,Rayan Vitor,Simplício Rocha,Rayan,,,347,0,0,0,6,0,0,0,0,0,0,4,11,,,,0.0,0.0,1.56,1.04,2.85,3,5,3
68,a,,,6.0,64,44,0,0,0,0,3.8,89,30,29,8,7.2,13,7,8,139,7.2,3,2,1.2,4.8,0,302047,9157,115095,1356,7.2,7.2,1.68,0.81,2.49,5.14,0.43,0.21,0.64,1.32,101.6,12,8,68.7,37,32,106.0,7,4,27.6,10,8,1.0,1.0,3.0,4,,Marcus,Tavernier,Tavernier,,,350,3,0,0,7,0,0,0,2,0,0,4,36,,,,0.0,0.0,1.8,1.03,9.26,8,5,23
69,a,,,6.1,59,42,0,0,1,-1,5.8,67,21,28,4,7.0,17,9,5,112,7.0,6,4,1.1,4.6,0,456401,4561,96899,3843,7.0,7.0,0.51,0.35,0.86,5.17,0.13,0.09,0.22,1.31,72.4,50,18,59.8,43,37,33.0,90,50,16.5,48,35,2.0,4.0,,4,,Alex,Scott,Scott,,,356,1,2,1,6,0,0,0,1,0,0,4,51,,,,0.0,0.25,1.52,1.01,12.89,9,15,27
70,a,,,6.0,67,46,0,0,0,0,1.0,187,59,15,8,3.8,88,36,1,64,3.8,66,29,0.6,2.5,0,36650,834,54220,417,3.8,3.8,0.99,0.08,1.07,4.48,0.3,0.02,0.32,1.37,22.2,211,85,43.2,80,57,77.0,19,11,13.9,69,45,3.0,2.0,2.0,4,,Justin,Kluivert,Kluivert,,,294,1,0,2,3,0,0,0,1,0,0,4,22,,,,0.0,0.61,0.92,1.22,6.73,4,2,16
71,a,,,5.0,250,155,0,0,0,0,0.2,336,120,7,0,1.8,233,100,0,22,1.8,191,83,0.4,1.4,0,12039,46,9290,248,1.8,1.8,0.0,0.01,0.01,3.95,0.0,0.01,0.01,2.15,8.4,276,116,15.2,188,106,0.0,516,208,2.4,280,122,,,,4,,Lewis,Cook,Cook,,,165,0,0,2,1,0,0,0,1,0,0,2,12,,,,0.0,1.09,0.55,1.09,6.55,1,6,5
72,a,,,4.9,399,239,0,0,-1,1,0.1,475,188,3,1,1.0,307,130,0,12,0.8,275,123,0.2,0.6,0,1179,17,3452,45,0.8,0.8,0.13,0.03,0.16,0.35,1.17,0.27,1.44,3.15,2.2,339,155,0.6,321,158,7.0,211,105,1.0,319,144,,,,4,,Ben,Gannon-Doak,Gannon-Doak,,,10,0,0,0,1,0,0,0,0,0,0,0,8,,,,0.0,0.0,9.0,0.0,72.0,2,0,6
73,a,100.0,100.0,5.0,260,161,0,0,0,0,0.3,304,104,8,2,2.0,208,86,0,39,2.0,160,71,0.4,1.6,0,14371,157,11332,207,2.0,2.0,0.03,0.03,0.06,1.34,0.01,0.01,0.02,0.63,17.4,232,94,13.4,199,109,0.0,522,211,3.1,262,114,,,,4,,Tyler,Adams,Adams,,,192,0,0,0,6,0,0,0,0,0,0,2,28,,,,0.0,0.0,2.81,0.94,13.12,5,7,16
74,a,100.0,100.0,5.0,244,152,0,0,0,0,0.1,484,192,2,0,0.7,385,180,0,4,0.5,318,142,0.1,0.4,0,2698,19,2608,47,0.5,0.5,0.0,0.01,0.01,0.5,0.0,0.03,0.03,1.5,0.0,541,221,1.6,290,148,0.0,511,205,0.1,364,170,4.0,3.0,,4,,David,Brooks,Brooks,,,30,0,0,0,2,0,0,0,1,0,0,0,3,,,,0.0,0.0,6.0,0.0,9.0,0,2,1
75,a,100.0,100.0,5.0,251,156,0,0,0,0,0.0,532,216,3,1,1.0,319,139,0,15,0.8,277,125,0.2,0.6,0,2740,26,1316,30,0.8,0.8,0.0,0.12,0.12,0.24,0.0,0.39,0.39,0.77,2.8,334,151,0.3,339,167,0.0,517,209,0.3,351,161,,,,4,,Ryan,Christie,Christie,,,28,0,0,0,1,0,0,0,0,0,0,0,9,,,,0.0,0.0,3.21,0.0,28.93,1,3,5
76,a,,,5.0,351,212,0,0,0,0,0.0,586,245,1,0,1.0,332,148,0,5,0.2,380,174,0.0,0.2,0,304,9,594,7,0.2,0.2,0.0,0.0,0.0,0.31,0.0,0.0,0.0,1.86,2.8,335,152,0.6,324,160,0.0,574,240,0.3,354,164,,,,4,,Alex,Tóth,Tóth.A,,,15,0,0,0,2,0,0,0,0,0,0,0,2,,,,0.0,0.0,12.0,0.0,12.0,1,0,1
77,i,0.0,0.0,4.9,398,238,0,0,-1,1,0.0,583,243,0,0,0.0,555,227,0,0,0.0,555,227,0.0,0.0,0,245,1,1948,16,0.0,0.0,0.0,0.0,0.0,0.0,0.0,0.0,0.0,0.0,0.0,530,212,0.0,531,220,0.0,493,191,0.0,538,217,,,,4,,Amine,Adli,Adli,Calf injury - Unknown return date,,0,0,0,0,0,0,0,0,0,0,0,0,0,,,,0.0,0.0,0.0,0.0,0.0,0,0,0
78,i,0.0,0.0,7.4,22,14,0,0,-1,1,0.2,341,123,0,0,0.0,654,291,0,0,0.0,654,291,0.0,0.0,0,917,12,24803,114,0.0,0.0,0.0,0.0,0.0,0.0,0.0,0.0,0.0,0.0,0.0,655,292,0.0,655,292,0.0,655,292,0.0,655,292,,,1.0,4,,Junior,Kroupi,Kroupi.Jr,Foot injury - Expected back 7 Nov,,0,0,0,0,0,0,0,0,0,0,0,0,0,,,,0.0,0.0,0.0,0.0,0.0,0,0,0
79,a,,,6.0,72,16,0,0,0,0,3.3,94,14,16,5,4.0,85,11,0,54,4.0,58,5,0.7,2.7,0,192819,1762,109422,1577,4.0,4.0,0.71,0.51,1.22,4.8,0.19,0.14,0.33,1.29,37.6,156,10,39.2,94,7,45.0,67,16,12.1,87,13,,,,4,,Francisco Evanilson,de Lima Barbosa,Evanilson,,,334,0,3,2,4,0,0,0,1,0,0,4,22,,,,0.0,0.54,1.08,1.08,5.93,1,10,11
80,u,0.0,0.0,5.5,126,32,0,0,0,0,0.0,578,75,0,0,0.0,624,73,0,0,0.0,624,73,0.0,0.0,0,0,0,1818,7,0.0,0.0,0.0,0.0,0.0,0.0,0.0,0.0,0.0,0.0,0.0,613,67,0.0,618,72,0.0,607,69,0.0,619,71,,,,4,,Enes,Ünal,Enes Ünal,Has joined Getafe permanently,,0,0,0,0,0,0,0,0,0,0,0,0,0,,,,0.0,0.0,0.0,0.0,0.0,0,0,0
81,a,100.0,100.0,6.0,79,19,0,0,0,0,0.1,397,58,2,1,1.0,368,45,0,7,0.5,339,42,0.1,0.3,0,3805,37,4833,76,0.5,0.5,0.0,0.0,0.0,0.18,0.0,0.0,0.0,1.62,0.0,643,74,0.0,645,76,0.0,643,75,0.0,644,75,,,,4,,Álvaro,Rodríguez,Rodríguez,,,10,0,0,0,1,0,0,0,0,0,0,0,1,,,,0.0,0.0,9.0,0.0,9.0,0,0,1
566,a,,,5.0,304,54,0,0,0,0,0.4,268,97,10,3,2.5,164,63,0,22,2.5,124,45,0.5,2.0,0,22866,76,15042,176,2.5,2.5,1.14,0.13,1.27,5.3,0.28,0.03,0.31,1.32,73.8,44,17,3.3,256,87,30.0,96,22,10.7,113,40,,,,4,,António João,Pereira de Albuquerque Tavares da Silva,Silva,,,360,0,0,0,7,0,0,0,1,0,0,4,42,,,,0.0,0.0,1.75,1.0,10.5,3,39,12
573,a,,,4.5,505,127,0,0,0,0,0.2,348,131,0,0,0.0,492,187,0,0,0.0,492,187,0.0,0.0,0,1110,4,5402,41,0.0,0.0,0.0,0.0,0.0,0.0,0.0,0.0,0.0,0.0,0.0,460,182,0.0,460,182,0.0,417,175,0.0,466,180,,,,4,,Juanlu,Sánchez,Sanchez,,,0,0,0,0,0,0,0,0,0,0,0,0,0,,,,0.0,0.0,0.0,0.0,0.0,0,0,0
608,a,,,5.0,331,60,0,0,0,0,0.1,415,60,2,0,1.0,328,35,0,10,0.5,322,37,0.1,0.4,0,10463,86,4385,78,0.5,0.5,0.1,0.0,0.1,0.36,0.56,0.0,0.56,2.02,3.4,324,32,0.8,313,37,17.0,137,26,2.1,290,33,,,,4,,Daniel,Jebbison,Jebbison,,,16,0,0,0,2,0,0,0,0,0,0,0,1,,,,0.0,0.0,11.25,0.0,5.62,0,0,1
615,a,,,4.5,467,35,0,0,0,0,0.0,529,59,0,0,0.0,476,58,0,0,0.0,476,58,0.0,0.0,0,2415,15,1041,33,0.0,0.0,0.0,0.0,0.0,0.0,0.0,0.0,0.0,0.0,0.0,443,58,0.0,440,41,0.0,390,38,0.0,449,58,,,,4,,Michele,Di Gregorio,Di Gregorio,,,0,0,0,0,0,0,0,0,0,0,0,0,0,,,,0.0,0.0,0.0,0.0,0.0,0,0,0
82,a,,,5.0,259,9,0,0,0,0,6.6,60,9,14,3,3.5,98,7,0,70,3.5,70,6,0.7,2.8,0,223160,649,139548,2332,3.5,3.5,0.0,0.01,0.01,5.92,0.0,0.0,0.0,1.48,57.6,86,13,0.0,549,60,0.0,521,60,5.7,213,13,,,,4,,Caoimhín,Kelleher,Kelleher,,,360,0,0,1,4,0,0,0,0,0,15,4,0,,,,3.75,0.25,1.0,1.0,0.0,0,5,26
83,a,,,4.5,509,43,0,0,0,0,0.1,419,48,0,0,0.0,496,61,0,0,0.0,496,61,0.0,0.0,0,2259,11,3401,35,0.0,0.0,0.0,0.0,0.0,0.0,0.0,0.0,0.0,0.0,0.0,464,61,0.0,464,47,0.0,421,46,0.0,470,61,,,,4,,Hákon Rafn,Valdimarsson,Valdimarsson,,,0,0,0,0,0,0,0,0,0,0,0,0,0,,,,0.0,0.0,0.0,0.0,0.0,0,0,0
84,i,0.0,0.0,5.5,147,18,0,0,0,0,1.4,154,63,10,0,3.3,110,46,0,39,2.5,130,48,0.5,1.8,0,58518,3,110468,2504,0.0,0.0,0.51,0.05,0.56,2.13,0.23,0.02,0.25,0.98,40.6,147,67,22.4,153,49,51.0,56,9,11.4,98,29,,,,4,,Nathan,Collins,Collins,Calf injury - Unknown return date,,196,0,0,1,1,0,0,0,1,0,0,3,17,,,,0.0,0.46,0.46,1.38,7.81,2,15,11
85,i,0.0,0.0,4.9,391,72,0,0,-1,1,0.1,468,166,0,0,0.0,551,200,0,0,0.0,551,200,0.0,0.0,0,337,1,7877,37,0.0,0.0,0.0,0.0,0.0,0.0,0.0,0.0,0.0,0.0,0.0,526,198,0.0,527,198,0.0,489,193,0.0,534,197,,,,4,,Sepp,van den Berg,Van den Berg,Groin injury - Unknown return date,,0,0,0,0,0,0,0,0,0,0,0,0,0,,,,0.0,0.0,0.0,0.0,0.0,0,0,0
86,a,,,5.5,144,87,0,0,0,0,2.1,123,39,19,1,4.8,56,25,3,70,4.8,36,17,0.9,3.5,0,180784,390,68532,2653,4.8,4.8,1.06,0.78,1.84,5.39,0.29,0.22,0.51,1.49,93.8,24,12,92.6,17,16,43.0,70,42,22.9,20,16,,1.0,,4,,Keane,Lewis-Potter,Lewis-Potter,,,326,1,1,1,4,0,0,0,0,0,0,4,28,,,,0.0,0.28,1.1,1.1,7.73,5,11,12
87,a,,,4.5,451,93,0,0,0,0,4.6,75,30,14,1,3.5,96,38,0,42,3.5,69,29,0.8,3.1,0,297148,608,181547,1825,3.5,3.5,0.12,0.03,0.15,5.92,0.03,0.01,0.04,1.48,69.6,56,25,22.2,157,51,37.0,80,15,12.9,79,20,,,,4,,Kristoffer,Ajer,Ajer,,,360,0,0,1,4,0,0,0,1,0,0,4,41,,,,0.0,0.25,1.0,1.0,10.25,4,37,8
88,a,,,4.6,424,80,0,0,1,-1,8.8,46,18,17,1,4.2,73,27,1,52,4.2,47,19,0.9,3.7,0,565642,1180,219939,8316,4.2,4.2,0.55,0.34,0.89,2.74,0.22,0.14,0.36,1.09,55.8,95,43,17.8,177,55,56.0,48,6,12.9,80,21,,,,4,,Michael,Kayode,Kayode,,,226,1,0,1,1,0,0,0,0,0,0,3,14,,,,0.0,0.4,0.4,1.19,5.58,1,13,12
89,a,,,4.5,452,94,0,0,0,0,0.2,338,126,1,0,1.0,289,111,0,3,0.2,357,132,0.0,0.2,0,1431,17,6417,67,0.2,0.2,0.0,0.0,0.0,0.0,0.0,0.0,0.0,0.0,0.0,437,172,0.0,434,172,0.0,383,159,0.0,443,170,,,,4,,Rico,Henry,Henry,,,2,0,0,0,0,0,0,0,0,0,0,0,0,,,,0.0,0.0,0.0,0.0,0.0,0,0,0
90,a,,,4.5,495,124,0,0,0,0,0.1,463,165,4,1,1.0,293,114,0,12,1.0,241,90,0.2,0.9,0,1606,21,2163,20,1.0,1.0,0.04,0.04,0.08,3.18,0.03,0.03,0.06,2.18,11.6,258,107,5.4,237,81,0.0,408,173,1.7,302,112,,,,4,,Aaron,Hickey,Hickey,,,131,0,0,0,3,0,0,0,0,0,0,1,13,,,,0.0,0.0,2.06,0.69,8.93,4,9,8
92,a,,,4.5,528,135,0,0,0,0,0.0,576,197,0,0,0.0,512,193,0,0,0.0,512,193,0.0,0.0,0,367,2,715,6,0.0,0.0,0.0,0.0,0.0,0.0,0.0,0.0,0.0,0.0,0.0,481,188,0.0,480,188,0.0,438,181,0.0,487,186,,,,4,,Kim,Ji-soo,Ji-soo,,,0,0,0,0,0,0,0,0,0,0,0,0,0,,,,0.0,0.0,0.0,0.0,0.0,0,0,0
93,a,,,4.5,511,130,0,0,0,0,0.1,368,141,7,3,3.5,97,39,0,16,1.8,187,73,0.4,1.6,0,1225,12,3431,18,1.8,1.8,0.1,0.02,0.12,3.79,0.06,0.01,0.07,2.09,17.2,234,98,0.2,346,129,4.0,242,90,2.1,287,107,,,,4,,Jannik,Schuster,Schuster,,,163,0,0,0,3,0,0,0,0,0,0,1,22,,,,0.0,0.0,1.66,0.55,12.15,2,20,3
94,a,,,6.0,75,51,0,0,0,0,3.8,88,29,30,15,7.5,8,5,6,111,7.5,2,1,1.2,5.0,0,211472,17196,162634,1188,7.5,7.5,0.97,0.3,1.27,5.92,0.24,0.08,0.32,1.49,64.0,66,21,36.2,105,67,101.0,12,6,20.1,27,20,,,2.0,4,,Kevin,Schade,Schade,,,357,3,0,1,4,0,0,0,0,0,0,4,27,,,,0.0,0.25,1.01,1.01,6.81,6,4,17
95,a,,,6.4,48,32,0,0,-1,1,0.6,235,78,6,1,1.5,259,115,0,32,1.5,216,98,0.2,0.9,0,13346,14,64887,956,1.5,1.5,0.09,0.39,0.48,2.71,0.05,0.21,0.26,1.43,23.2,206,83,57.6,46,39,17.0,139,71,9.8,127,62,4.0,,,4,,Dango,Ouattara,O.Dango,,,170,0,0,1,1,0,0,0,0,0,0,2,28,,,,0.0,0.53,0.53,1.06,14.82,2,9,17
96,a,,,5.5,150,90,0,0,0,0,0.5,256,85,13,1,3.2,115,46,3,58,3.2,85,36,0.6,2.4,0,12057,72,20564,426,3.2,3.2,0.12,0.45,0.57,2.39,0.05,0.21,0.26,1.09,34.2,170,65,87.2,19,17,31.0,95,52,15.3,56,38,2.0,3.0,,4,,Mikkel,Damsgaard,Damsgaard,,,197,0,1,1,1,0,0,0,0,0,0,2,20,,,,0.0,0.46,0.46,0.91,9.14,3,4,13
97,i,0.0,0.0,5.4,194,121,0,0,-1,1,0.1,399,147,6,0,6.0,35,17,0,22,1.5,212,95,0.3,1.1,0,4470,1,12648,111,0.0,0.0,0.08,0.34,0.42,0.47,0.11,0.46,0.57,0.64,12.6,254,105,46.2,69,52,13.0,172,85,7.2,179,82,1.0,2.0,3.0,4,,Mathias,Jensen,Jensen,Unspecified injury - Expected back 18 Sep,,66,0,1,1,0,0,0,0,0,0,0,1,5,,,,0.0,1.36,0.0,1.36,6.82,2,0,3
98,a,,,5.0,262,163,0,0,0,0,2.4,117,37,25,4,6.2,30,16,3,94,6.2,15,10,1.2,5.0,0,242160,2335,56856,1527,6.2,6.2,0.5,0.4,0.9,5.92,0.12,0.1,0.22,1.48,117.6,4,3,77.3,26,23,45.0,66,40,24.0,16,12,3.0,,,4,,Vitaly,Janelt,Janelt,,,360,2,0,1,4,0,0,0,3,0,0,4,55,,,,0.0,0.25,1.0,1.0,13.75,14,25,16
99,i,0.0,0.0,5.0,337,202,0,0,0,0,0.0,647,285,0,0,0.0,600,254,0,0,0.0,600,254,0.0,0.0,0,90,1,119,0,0.0,0.0,0.0,0.0,0.0,0.0,0.0,0.0,0.0,0.0,0.0,581,244,0.0,588,250,0.0,567,234,0.0,588,247,,,,4,,Antoni,Milambo,Milambo,Knee injury - Unknown return date,,0,0,0,0,0,0,0,0,0,0,0,0,0,,,,0.0,0.0,0.0,0.0,0.0,0,0,0
100,a,100.0,100.0,5.0,283,172,0,0,0,0,0.0,562,232,0,0,0.0,577,240,0,0,0.0,577,240,0.0,0.0,0,1043,10,964,28,0.0,0.0,0.0,0.0,0.0,0.0,0.0,0.0,0.0,0.0,0.0,557,229,0.0,559,235,0.0,534,216,0.0,564,232,,,,4,,Fábio,Freitas Gouveia Carvalho,Carvalho,,,0,0,0,0,0,0,0,0,0,0,0,0,0,,,,0.0,0.0,0.0,0.0,0.0,0,0,0
102,a,,,4.9,403,242,0,0,-1,1,0.7,215,66,6,4,1.5,250,108,0,30,1.5,203,88,0.3,1.2,0,2579,52,49301,401,1.5,1.5,0.07,0.24,0.31,4.43,0.04,0.15,0.19,2.69,7.6,282,120,16.7,182,103,9.0,199,98,3.4,256,111,,,,4,,Yehor,Yarmoliuk,Yarmoliuk,,,148,0,1,0,4,0,0,0,1,0,0,1,15,,,,0.0,0.0,2.43,0.61,9.12,3,4,8
103,i,0.0,0.0,4.9,370,221,0,0,-1,1,0.0,581,241,0,0,0.0,543,218,0,0,0.0,543,218,0.0,0.0,0,380,0,1571,19,0.0,0.0,0.0,0.0,0.0,0.0,0.0,0.0,0.0,0.0,0.0,516,202,0.0,515,209,0.0,475,179,0.0,522,206,,,,4,,Josh,Dasilva,Dasilva,Hamstring injury - Expected back 10 Oct,,0,0,0,0,0,0,0,0,0,0,0,0,0,,,,0.0,0.0,0.0,0.0,0.0,0,0,0
105,a,,,6.0,73,49,0,0,0,0,0.1,374,135,5,1,1.2,270,121,0,28,1.2,234,105,0.2,0.8,0,4382,19,8423,119,1.2,1.2,0.19,0.52,0.71,3.2,0.09,0.25,0.34,1.54,13.8,247,101,63.0,38,33,19.0,126,64,9.5,136,67,,,,4,,Jaidon,Anthony,Anthony,,,187,0,0,1,3,0,0,0,1,0,0,2,24,,,,0.0,0.48,1.44,0.96,11.55,4,5,15
106,a,,,7.9,12,3,0,0,-1,1,10.6,40,6,5,1,1.2,271,33,0,11,1.2,236,26,0.2,0.6,0,188454,470,787954,12977,1.2,1.2,2.41,0.13,2.54,5.85,0.62,0.03,0.65,1.5,20.6,221,17,11.6,214,25,106.0,8,4,13.8,71,9,,,1.0,4,,Igor Thiago,Nascimento Rodrigues,Thiago,,,352,0,0,1,4,0,0,1,1,0,0,4,16,,,,0.0,0.26,1.02,1.02,4.09,2,4,10
107,a,,,4.5,538,74,0,0,0,0,1.1,178,27,0,0,0.0,519,56,0,0,0.0,519,56,0.0,0.0,0,55116,578,37190,421,0.0,0.0,0.0,0.0,0.0,0.0,0.0,0.0,0.0,0.0,0.0,488,48,0.0,487,53,0.0,445,50,0.0,494,52,,,,4,,Kaye,Furo,Furo,,,0,0,0,0,0,0,0,0,0,0,0,0,0,,,,0.0,0.0,0.0,0.0,0.0,0,0,0
108,a,,,5.5,122,31,0,0,0,0,0.3,286,49,3,0,1.0,351,40,0,9,0.8,291,34,0.1,0.5,0,12753,75,18305,282,0.8,0.8,0.07,0.04,0.11,0.15,0.48,0.28,0.76,1.04,3.2,327,33,10.4,223,29,12.0,179,30,2.6,276,31,,,,4,,Callum,Wilson,Wilson,,,13,0,0,0,0,0,0,0,0,0,0,0,2,,,,0.0,0.0,0.0,0.0,13.85,0,1,1
565,a,,,5.7,118,77,0,0,2,-2,13.0,30,11,22,4,5.5,43,22,3,76,5.5,26,14,1.0,3.9,0,1191333,1214,480163,12180,5.5,5.5,0.41,0.65,1.06,4.46,0.12,0.2,0.32,1.34,56.0,94,35,48.4,65,49,40.0,71,43,14.1,67,43,,,,4,,Mamadou,Sangaré,M.Sangaré,,,300,0,2,1,3,0,0,0,1,0,0,4,45,,,,0.0,0.3,0.9,1.2,13.5,13,11,21
620,a,,,4.5,546,141,0,0,0,0,0.1,430,154,1,1,1.0,296,116,0,4,0.3,348,124,0.1,0.2,0,12139,57,5121,131,0.3,0.3,0.0,0.01,0.01,0.53,0.0,0.03,0.03,1.59,0.0,495,192,0.0,494,192,0.0,452,185,0.0,501,190,,,,4,,El Hadji Malick,Diouf,Diouf,,,30,0,0,0,0,0,0,0,0,0,0,0,2,,,,0.0,0.0,0.0,0.0,6.0,0,2,1
109,a,,,4.5,500,42,0,0,0,0,22.3,13,2,9,0,3.0,123,10,0,41,2.2,140,13,0.5,2.0,0,606402,1999,403272,3922,2.2,2.2,0.0,0.2,0.2,5.71,0.0,0.07,0.07,1.9,46.0,130,16,3.0,259,3,0.0,412,45,4.9,228,15,,,,4,,Bart,Verbruggen,Verbruggen,,,270,0,0,1,5,0,0,0,0,0,4,3,0,,,,1.33,0.33,1.67,1.0,0.0,0,0,23
111,a,,,4.0,582,51,0,0,0,0,4.3,78,12,0,0,0.0,399,26,0,0,0.0,399,26,0.0,0.0,0,120380,617,84787,444,0.0,0.0,0.0,0.0,0.0,0.0,0.0,0.0,0.0,0.0,0.0,364,25,0.0,357,6,0.0,297,3,0.0,369,25,,,,4,,Jason,Steele,Steele,,,0,0,0,0,0,0,0,0,0,0,0,0,0,,,,0.0,0.0,0.0,0.0,0.0,0,0,0
113,a,100.0,100.0,4.4,568,152,0,0,-1,1,1.8,136,57,2,0,1.0,282,106,0,4,0.5,301,107,0.1,0.5,0,22245,109,109938,655,0.5,0.5,0.08,0.02,0.1,5.33,0.04,0.01,0.05,2.87,15.4,241,100,29.2,132,40,27.0,103,26,7.2,178,69,3.0,,,4,,Ferdi,Kadıoğlu,F.Kadıoğlu,,,167,0,0,0,5,0,0,0,0,0,0,2,5,,,,0.0,0.0,2.69,1.08,2.69,1,4,4
114,a,,,4.5,456,97,0,0,0,0,0.3,299,110,7,0,2.3,175,69,0,44,1.8,183,71,0.4,1.6,0,12872,37,8671,93,1.8,1.8,0.05,0.48,0.53,5.71,0.02,0.16,0.18,1.9,52.6,108,50,96.2,15,1,17.0,134,42,16.6,44,7,,,,4,,Olivier,Boscagli,Boscagli,,,270,0,0,1,5,0,0,0,1,0,0,3,13,,,,0.0,0.33,1.67,1.0,4.33,1,12,10
115,a,,,4.8,422,79,0,0,3,-3,22.1,15,3,21,0,7.0,16,5,2,61,5.2,30,10,1.1,4.4,0,2014192,6411,266634,4598,5.2,5.2,1.5,0.4,1.9,5.62,0.56,0.15,0.71,2.08,69.0,58,27,91.1,18,2,50.0,58,10,21.1,23,1,2.0,4.0,,4,,Maxim,De Cuyper,De Cuyper,,,243,1,2,1,5,0,0,0,1,0,0,3,8,,,,0.0,0.37,1.85,1.11,2.96,4,4,10
116,a,,,4.5,430,82,0,0,0,0,1.4,160,65,10,0,3.3,103,42,1,40,2.5,119,42,0.6,2.2,0,53766,318,29761,318,2.5,2.5,0.0,0.06,0.06,5.71,0.0,0.02,0.02,1.9,59.0,81,41,10.3,224,76,4.0,239,87,7.4,171,68,,3.0,,4,,Lewis,Dunk,Dunk,,,270,0,0,1,5,0,0,0,1,0,0,3,17,,,,0.0,0.33,1.67,1.0,5.67,2,15,11
117,a,,,4.5,520,133,0,0,0,0,0.0,568,194,0,0,0.0,506,192,0,0,0.0,506,192,0.0,0.0,0,637,5,755,5,0.0,0.0,0.0,0.0,0.0,0.0,0.0,0.0,0.0,0.0,0.0,474,187,0.0,474,187,0.0,431,180,0.0,480,185,,,,4,,Diego,Coppola,Coppola,,,0,0,0,0,0,0,0,0,0,0,0,0,0,,,,0.0,0.0,0.0,0.0,0.0,0,0,0
118,u,0.0,0.0,4.5,463,102,0,0,0,0,0.0,497,176,0,0,0.0,475,180,0,0,0.0,475,180,0.0,0.0,0,915,0,4797,37,0.0,0.0,0.0,0.0,0.0,0.0,0.0,0.0,0.0,0.0,0.0,442,174,0.0,439,174,0.0,389,162,0.0,448,172,,,,4,,Igor Julio,dos Santos de Paulo,Igor,Has joined Burnley permanently,,0,0,0,0,0,0,0,0,0,0,0,0,0,,,,0.0,0.0,0.0,0.0,0.0,0,0,0
119,a,,,4.5,488,121,0,0,0,0,0.0,525,183,2,0,0.7,382,133,0,13,0.5,308,112,0.1,0.4,0,897,8,1028,9,0.5,0.5,0.12,0.16,0.28,0.24,0.22,0.3,0.52,0.45,14.0,246,102,16.7,181,57,18.0,127,38,4.8,232,88,,,,4,,João Pedro,Loureiro da Costa,Costinha,,,48,0,0,0,0,0,0,0,1,0,0,0,5,,,,0.0,0.0,0.0,0.0,9.38,1,4,0
120,a,,,5.0,292,50,0,0,0,0,0.1,487,173,0,0,0.0,579,206,0,0,0.0,579,206,0.0,0.0,0,2552,23,2583,18,0.0,0.0,0.0,0.0,0.0,0.0,0.0,0.0,0.0,0.0,0.0,559,205,0.0,563,205,0.0,540,203,0.0,566,205,,,,4,,Michael,Svoboda,Svoboda,,,0,0,0,0,0,0,0,0,0,0,0,0,0,,,,0.0,0.0,0.0,0.0,0.0,0,0,0
121,i,0.0,0.0,5.9,97,63,0,0,-1,1,0.0,537,219,0,0,0.0,639,279,0,0,0.0,639,279,0.0,0.0,0,368,5,2660,15,0.0,0.0,0.0,0.0,0.0,0.0,0.0,0.0,0.0,0.0,0.0,634,278,0.0,636,278,0.0,633,276,0.0,636,278,,,,4,,Mitoma,Kaoru,Mitoma,Hamstring injury - Expected back 10 Oct,,0,0,0,0,0,0,0,0,0,0,0,0,0,,,,0.0,0.0,0.0,0.0,0.0,0,0,0
122,i,0.0,0.0,5.9,106,67,0,0,-1,1,0.0,522,211,0,0,0.0,643,282,0,0,0.0,643,282,0.0,0.0,0,264,2,6219,21,0.0,0.0,0.0,0.0,0.0,0.0,0.0,0.0,0.0,0.0,0.0,638,281,0.0,640,281,0.0,638,280,0.0,640,281,5.0,,,4,,Yankuba,Minteh,Minteh,Leg injury - Expected back 28 Nov,,0,0,0,0,0,0,0,0,0,0,0,0,0,,,,0.0,0.0,0.0,0.0,0.0,0,0,0
123,i,0.0,0.0,6.0,76,52,0,0,0,0,0.9,203,63,16,0,16.0,1,1,3,54,4.0,59,27,0.7,2.7,0,147498,5,184742,2185,0.0,0.0,1.41,0.02,1.43,0.19,2.01,0.03,2.04,0.27,72.8,47,17,13.4,201,111,59.0,44,29,14.5,63,41,,,,4,,Jack,Hinshelwood,Hinshelwood,Ankle injury - Expected back 10 Oct,,63,2,0,1,0,0,0,0,0,0,0,1,3,,,,0.0,1.43,0.0,1.43,4.29,2,0,1
124,a,,,5.6,119,78,0,0,1,-1,16.2,25,9,16,0,5.3,46,23,3,63,4.0,56,25,0.7,2.9,0,757904,1820,430913,6488,4.0,4.0,0.84,0.42,1.26,5.71,0.28,0.14,0.42,1.9,68.8,59,19,106.6,9,9,50.0,61,36,22.2,21,17,1.0,1.0,1.0,4,,Pascal,Groß,Groß,,,270,1,1,1,5,0,0,0,2,0,0,3,15,,,,0.0,0.33,1.67,1.0,5.0,4,4,7
125,d,75.0,75.0,5.4,214,48,0,0,-1,1,0.6,245,41,5,0,5.0,51,6,0,22,1.2,229,23,0.2,0.9,0,29730,48,60665,521,0.9,0.9,0.08,0.44,0.52,0.29,0.08,0.44,0.52,0.29,19.8,222,18,11.4,215,26,15.0,156,28,4.6,237,28,,,,4,,Georginio,Rutter,Georginio,Unspecified injury - 75% chance of playing,,90,0,1,1,0,0,0,0,0,0,0,1,7,,,,0.0,1.0,0.0,1.0,7.0,2,1,4
126,a,,,5.5,139,83,0,0,0,0,0.1,422,162,0,0,0.0,628,271,0,0,0.0,628,271,0.0,0.0,0,2618,21,4759,42,0.0,0.0,0.0,0.0,0.0,0.0,0.0,0.0,0.0,0.0,0.0,617,266,0.0,623,268,0.0,613,261,0.0,623,268,,,3.0,4,,Matt,O'Riley,O'Riley,,,0,0,0,0,0,0,0,0,0,0,0,0,0,,,,0.0,0.0,0.0,0.0,0.0,0,0,0
127,a,,,5.0,325,192,0,0,0,0,4.9,73,23,13,0,4.3,66,30,0,55,3.2,81,35,0.6,2.6,0,309787,657,182223,2638,3.2,3.2,0.65,0.7,1.35,5.71,0.22,0.24,0.46,1.94,52.8,107,39,71.8,33,28,113.0,5,2,23.8,18,14,,5.0,,4,,Diego,Gómez Amarilla,Gomez,,,265,0,2,1,5,0,0,0,0,0,0,3,20,,,,0.0,0.34,1.7,1.02,6.79,8,5,7
128,u,0.0,0.0,5.0,335,200,0,0,0,0,0.0,645,283,0,0,0.0,599,253,0,0,0.0,599,253,0.0,0.0,0,0,0,308,2,0.0,0.0,0.0,0.0,0.0,0.0,0.0,0.0,0.0,0.0,0.0,580,243,0.0,587,249,0.0,566,233,0.0,587,246,,,,4,,Facundo,Buonanotte,Buonanotte,Has joined Elche on loan for the rest of the season,,0,0,0,0,0,0,0,0,0,0,0,0,0,,,,0.0,0.0,0.0,0.0,0.0,0,0,0
129,a,100.0,100.0,5.4,226,143,0,0,-1,1,0.4,280,93,4,0,2.0,213,90,0,26,1.0,253,111,0.2,0.7,0,6833,45,35391,228,1.0,1.0,0.28,0.07,0.35,2.68,0.16,0.04,0.2,1.58,11.4,261,108,29.8,127,77,24.0,114,58,6.1,209,96,4.0,2.0,,4,,Yasin,Ayari,Ayari,,,153,0,0,1,1,0,0,0,1,0,0,2,7,,,,0.0,0.59,0.59,1.18,4.12,0,2,5
130,i,0.0,0.0,5.0,298,52,0,0,0,0,0.3,311,116,7,0,3.5,99,40,1,38,1.8,192,75,0.4,1.4,0,25862,4,34864,391,0.0,0.0,0.12,0.13,0.25,3.18,0.07,0.08,0.15,1.83,37.0,157,72,35.5,108,31,10.0,193,66,8.3,156,61,,,,4,,Mats,Wieffer,Wieffer,Knee injury - Unknown return date,,156,0,0,1,4,0,0,0,0,0,0,2,15,,,,0.0,0.58,2.31,1.15,8.65,4,11,9
132,u,0.0,0.0,4.5,541,281,0,0,0,0,0.0,527,214,0,0,0.0,522,206,0,0,0.0,522,206,0.0,0.0,0,0,0,3106,23,0.0,0.0,0.0,0.0,0.0,0.0,0.0,0.0,0.0,0.0,0.0,491,188,0.0,490,196,0.0,448,165,0.0,497,192,,,,4,,Harry,Howell,Howell,Has joined Leicester City on loan for the rest of the season,,0,0,0,0,0,0,0,0,0,0,0,0,0,,,,0.0,0.0,0.0,0.0,0.0,0,0,0
133,u,0.0,0.0,5.0,339,204,0,0,0,0,0.0,652,289,0,0,0.0,601,255,0,0,0.0,601,255,0.0,0.0,0,0,0,121,0,0.0,0.0,0.0,0.0,0.0,0.0,0.0,0.0,0.0,0.0,0.0,582,245,0.0,589,251,0.0,569,236,0.0,589,248,,,,4,,Tom,Watson,Watson,Has joined Leicester City on loan for the rest of the season,,0,0,0,0,0,0,0,0,0,0,0,0,0,,,,0.0,0.0,0.0,0.0,0.0,0,0,0
134,a,,,4.5,524,274,0,0,0,0,0.3,308,108,0,0,0.0,509,200,0,0,0.0,509,200,0.0,0.0,0,7544,30,9931,105,0.0,0.0,0.0,0.0,0.0,0.0,0.0,0.0,0.0,0.0,0.0,477,182,0.0,477,190,0.0,434,159,0.0,483,186,,,,4,,Nehemiah,Oriola,Oriola,,,0,0,0,0,0,0,0,0,0,0,0,0,0,,,,0.0,0.0,0.0,0.0,0.0,0,0,0
135,i,0.0,0.0,4.9,421,257,0,0,-1,1,0.0,499,199,1,0,1.0,317,138,0,3,0.2,373,169,0.0,0.2,0,1209,1,3987,76,0.0,0.0,0.0,0.03,0.03,0.0,0.0,0.22,0.22,0.0,0.2,359,168,1.3,298,149,0.0,506,203,0.2,357,166,,,,4,,Zadok,Yohanna,Yohanna,Unspecified injury - Expected back 10 Oct,,12,0,0,0,0,0,0,0,0,0,0,0,0,,,,0.0,0.0,0.0,0.0,0.0,0,0,0
137,i,0.0,0.0,5.5,181,41,0,0,0,0,0.0,619,77,0,0,0.0,635,74,0,0,0.0,635,74,0.0,0.0,0,234,0,619,5,0.0,0.0,0.0,0.0,0.0,0.0,0.0,0.0,0.0,0.0,0.0,626,68,0.0,631,73,0.0,624,71,0.0,630,72,,,,4,,Stefanos,Tzimas,Tzimas,Knee injury - Unknown return date,,0,0,0,0,0,0,0,0,0,0,0,0,0,,,,0.0,0.0,0.0,0.0,0.0,0,0,0
138,a,,,5.5,183,42,0,0,0,0,0.5,246,42,8,0,2.7,157,21,0,25,2.0,171,17,0.4,1.5,0,47685,152,17767,336,2.0,2.0,0.78,0.04,0.82,5.48,0.36,0.02,0.38,2.53,14.6,244,22,20.8,166,19,51.0,57,13,8.5,153,17,,,,4,,Charalampos,Kostoulas,Kostoulas,,,195,0,1,0,5,0,0,0,0,0,0,2,16,,,,0.0,0.0,2.31,0.92,7.38,2,3,11
139,i,0.0,0.0,5.0,307,57,0,0,0,0,0.0,541,73,0,0,0.0,585,64,0,0,0.0,585,64,0.0,0.0,0,1219,10,1890,25,0.0,0.0,0.0,0.0,0.0,0.0,0.0,0.0,0.0,0.0,0.0,565,56,0.0,571,61,0.0,549,58,0.0,572,60,,,,4,,Evan,Ferguson,Ferguson,Ankle injury - Expected back 10 Oct,,0,0,0,0,0,0,0,0,0,0,0,0,0,,,,0.0,0.0,0.0,0.0,0.0,0,0,0
328,a,100.0,100.0,5.0,275,45,0,0,0,0,0.2,343,129,1,0,1.0,322,125,0,3,0.2,376,138,0.0,0.2,0,4488,30,8801,70,0.2,0.2,0.0,0.0,0.0,0.0,0.0,0.0,0.0,0.0,0.2,360,132,0.1,351,130,0.0,528,200,0.0,559,203,,,,4,,Pascal,Struijk,Struijk,,,1,0,0,0,0,0,0,0,0,0,0,0,0,,,,0.0,0.0,0.0,0.0,0.0,0,0,0
504,a,,,5.0,349,62,0,0,0,0,3.2,98,36,18,0,6.0,33,13,2,44,4.5,41,16,0.9,3.6,0,176583,1171,90679,807,4.5,4.5,0.35,0.06,0.41,5.71,0.12,0.02,0.14,1.9,91.4,26,7,14.6,191,62,57.0,45,4,16.3,51,9,,,,4,,Luka,Vušković,Vuskovic,,,270,1,0,1,5,0,0,0,0,0,0,3,22,,,,0.0,0.33,1.67,1.0,7.33,3,19,9
594,a,,,6.0,77,17,0,0,0,0,0.2,325,52,1,0,0.5,395,48,0,-4,0.2,393,47,0.0,0.2,0,9807,45,15213,136,0.2,0.2,0.42,0.0,0.42,0.14,1.64,0.0,1.64,0.55,0.0,642,73,3.7,251,31,4.0,251,39,0.4,346,41,,,2.0,4,,Promise,David,David,,,23,0,0,0,0,0,0,0,1,0,0,0,0,,,,0.0,0.0,0.0,0.0,0.0,0,0,0
600,a,,,5.0,350,211,0,0,0,0,0.0,577,238,2,0,1.0,331,147,0,13,0.5,324,145,0.1,0.4,0,688,5,735,9,0.5,0.5,0.0,0.06,0.06,0.1,0.0,0.19,0.19,0.32,7.2,285,122,16.7,183,104,6.0,228,113,3.0,264,115,,,,4,,Ibrahim,Osman,Osman,,,28,0,0,0,1,0,0,0,0,0,0,0,3,,,,0.0,0.0,3.21,0.0,9.64,1,0,2
605,a,,,4.5,544,282,0,0,0,0,3.2,96,31,11,0,3.7,89,37,1,58,2.8,109,47,0.6,2.4,0,400252,2056,96441,1552,2.8,2.8,0.75,0.26,1.01,5.32,0.4,0.14,0.54,2.87,59.6,78,25,47.2,67,51,62.0,40,25,16.9,40,29,,,,4,,Malick,Yalcouyé,Yalcouyé,,,167,1,0,0,4,0,0,0,0,0,0,2,12,,,,0.0,0.0,2.16,1.08,6.47,3,4,5
614,a,,,4.5,510,129,0,0,0,0,0.0,509,178,0,0,0.0,497,189,0,0,0.0,497,189,0.0,0.0,0,3250,24,1120,21,0.0,0.0,0.0,0.0,0.0,0.0,0.0,0.0,0.0,0.0,0.0,465,184,0.0,465,184,0.0,422,177,0.0,471,182,,,,4,,Jaouen,Hadjam,Hadjam,,,0,0,0,0,0,0,0,0,0,0,0,0,0,,,,0.0,0.0,0.0,0.0,0.0,0,0,0
624,u,0.0,0.0,5.0,329,196,0,0,0,0,0.0,655,292,0,0,0.0,596,250,0,0,0.0,596,250,0.0,0.0,0,117,0,97,1,0.0,0.0,0.0,0.0,0.0,0.0,0.0,0.0,0.0,0.0,0.0,577,240,0.0,584,246,0.0,563,230,0.0,584,243,,,,4,,Amario,Cozier-Duberry,Cozier-Duberry,Has joined Middlesbrough on loan for the rest of the season,,0,0,0,0,0,0,0,0,0,0,0,0,0,,,,0.0,0.0,0.0,0.0,0.0,0,0,0
639,a,,,5.5,180,112,0,0,0,0,0.0,615,262,0,0,0.0,634,277,0,0,0.0,634,277,0.0,0.0,0,783,9,243,6,0.0,0.0,0.0,0.0,0.0,0.0,0.0,0.0,0.0,0.0,0.0,625,274,0.0,630,275,0.0,623,271,0.0,629,274,,,,4,,José María,Andrés Baixauli,Andrés,,,0,0,0,0,0,0,0,0,0,0,0,0,0,,,,0.0,0.0,0.0,0.0,0.0,0,0,0
652,d,75.0,75.0,5.5,157,94,0,0,0,0,0.0,639,279,0,0,0.0,631,274,0,0,0.0,631,274,0.0,0.0,0,373,4,93,0,0.0,0.0,0.0,0.0,0.0,0.0,0.0,0.0,0.0,0.0,0.0,620,269,0.0,626,271,0.0,618,266,0.0,626,271,,,,4,,Femi,Azeez,Azeez,Hamstring injury - 75% chance of playing,,0,0,0,0,0,0,0,0,0,0,0,0,0,,,,0.0,0.0,0.0,0.0,0.0,0,0,0
28,a,,,5.0,242,6,0,0,0,0,5.2,72,11,7,2,2.3,179,15,0,55,1.8,190,17,0.4,1.4,0,218294,1508,173424,2627,1.8,1.8,0.0,0.01,0.01,4.95,0.0,0.0,0.0,1.65,99.4,14,2,20.0,169,1,0.0,509,57,11.9,88,1,,,,4,,Emiliano,Martínez Romero,Martinez,,,270,0,0,0,7,0,0,0,0,0,15,3,0,,,,5.0,0.0,2.33,1.0,0.0,0,1,30
40,a,,,7.6,16,10,0,0,1,-1,34.7,7,3,27,8,6.8,20,12,2,117,6.8,8,6,0.9,3.6,0,1684225,52316,523327,1024,6.8,6.8,1.39,1.16,2.55,6.19,0.36,0.3,0.66,1.61,105.8,9,6,113.6,5,5,68.0,33,19,28.7,7,5,3.0,,,4,,Morgan,Rogers,Rogers,,,347,3,1,0,9,0,0,0,1,0,0,4,23,,,,0.0,0.0,2.33,1.04,5.97,5,1,17
101,i,0.0,0.0,4.9,360,216,0,0,-1,1,0.0,545,223,0,0,0.0,536,215,0,0,0.0,536,215,0.0,0.0,0,570,2,2078,32,0.0,0.0,0.0,0.0,0.0,0.0,0.0,0.0,0.0,0.0,0.0,507,197,0.0,507,205,0.0,466,174,0.0,513,201,,,,4,,Jordan,Henderson,Henderson,Wrist injury - Unknown return date,,0,0,0,0,0,0,0,0,0,0,0,0,0,,,,0.0,0.0,0.0,0.0,0.0,0,0,0
136,a,100.0,100.0,5.9,83,21,0,0,-1,1,0.8,212,34,2,1,1.0,360,42,0,7,0.5,336,40,0.1,0.3,0,19291,264,60567,636,0.5,0.5,0.0,0.06,0.06,0.45,0.0,0.36,0.36,2.7,0.0,630,70,0.3,344,43,2.0,287,41,0.2,360,42,,,,4,,Danny,Welbeck,Welbeck,,,15,0,0,0,0,0,0,0,0,0,0,0,1,,,,0.0,0.0,0.0,0.0,6.0,0,1,0
140,u,0.0,0.0,4.9,376,19,0,0,-1,1,0.9,200,31,2,0,2.0,203,17,0,6,0.5,312,22,0.1,0.4,0,10847,0,157070,1010,0.0,0.0,0.0,0.01,0.01,1.33,0.0,0.01,0.01,1.33,21.4,214,22,0.0,517,54,0.0,478,53,2.1,288,22,,,,4,,Robert,Lynch Sánchez,Sánchez,Has joined Como on loan for the rest of the season,,90,0,0,0,2,0,0,0,0,0,4,1,0,,,,4.0,0.0,2.0,1.0,0.0,0,1,5
141,u,0.0,0.0,5.0,323,16,0,0,0,0,0.0,607,70,0,0,0.0,595,71,0,0,0.0,595,71,0.0,0.0,0,0,0,868,2,0.0,0.0,0.0,0.0,0.0,0.0,0.0,0.0,0.0,0.0,0.0,576,71,0.0,583,67,0.0,561,67,0.0,583,71,,,,4,,Filip,Jörgensen,Jörgensen,Has joined RC Strasbourg on loan for the rest of the season,,0,0,0,0,0,0,0,0,0,0,0,0,0,,,,0.0,0.0,0.0,0.0,0.0,0,0,0
142,a,,,5.4,199,26,0,0,-1,1,7.7,55,22,3,1,0.8,380,131,0,24,0.8,283,102,0.1,0.6,0,151281,1274,390007,6150,0.8,0.8,0.31,0.26,0.57,5.01,0.1,0.08,0.18,1.54,36.4,162,75,32.2,118,34,34.0,87,19,10.3,124,47,1.0,1.0,,4,,Reece,James,James,,,292,0,0,0,7,0,0,0,1,0,0,3,13,,,,0.0,0.0,2.16,0.92,4.01,2,11,15
143,u,0.0,0.0,5.5,130,14,0,0,0,0,0.1,452,160,0,0,0.0,625,213,0,0,0.0,625,213,0.0,0.0,0,0,0,12966,41,0.0,0.0,0.0,0.0,0.0,0.0,0.0,0.0,0.0,0.0,0.0,614,213,0.0,619,213,0.0,609,212,0.0,620,213,,,,4,,Trevoh,Chalobah,Chalobah,Has joined Como permanently,,0,0,0,0,0,0,0,0,0,0,0,0,0,,,,0.0,0.0,0.0,0.0,0.0,0,0,0
144,a,,,5.0,303,53,0,0,0,0,1.1,179,69,4,1,1.0,324,126,0,12,1.0,249,95,0.2,0.8,0,30989,269,47297,705,1.0,1.0,0.08,0.13,0.21,3.7,0.03,0.04,0.07,1.22,18.0,227,95,13.9,196,65,7.0,214,73,3.9,246,94,,,,4,,Malo,Gusto,Gusto,,,272,0,0,0,7,0,0,0,0,0,0,3,15,,,,0.0,0.0,2.32,0.99,4.96,4,11,13
145,a,100.0,100.0,5.0,288,49,0,0,0,0,0.2,357,135,4,1,1.3,264,95,0,24,1.0,248,94,0.2,0.8,0,12967,198,3599,107,1.0,1.0,0.0,0.08,0.08,4.38,0.0,0.03,0.03,1.63,59.2,80,40,23.7,148,48,0.0,537,202,8.3,155,60,,,,4,,Wesley,Fofana,Fofana,,,242,0,0,0,6,0,0,0,1,0,0,3,32,,,,0.0,0.0,2.23,1.12,11.9,5,27,7
146,u,0.0,0.0,4.5,473,109,0,0,0,0,0.0,598,203,0,0,0.0,479,182,0,0,0.0,479,182,0.0,0.0,0,232,0,1775,6,0.0,0.0,0.0,0.0,0.0,0.0,0.0,0.0,0.0,0.0,0.0,446,176,0.0,444,176,0.0,394,164,0.0,452,174,,,,4,,Benoît,Badiashile Mukinayi,B.Badiashile,Has joined Napoli on loan for the rest of the season,,0,0,0,0,0,0,0,0,0,0,0,0,0,,,,0.0,0.0,0.0,0.0,0.0,0,0,0
148,a,,,4.5,521,134,0,0,0,0,1.0,183,71,8,0,2.0,200,80,0,17,2.0,157,60,0.4,1.8,0,86066,538,31833,1231,2.0,2.0,0.01,0.22,0.23,4.87,0.0,0.08,0.08,1.7,73.2,46,19,44.2,75,17,13.0,167,58,13.1,77,19,,,,4,,Jorrel,Hato,Hato,,,258,0,2,0,9,0,0,0,0,0,0,4,18,,,,0.0,0.0,3.14,1.4,6.28,7,11,9
149,a,,,4.9,394,73,0,0,-1,1,1.1,180,70,2,1,0.7,383,134,0,16,0.5,313,116,0.1,0.4,0,23801,148,75250,1180,0.5,0.5,0.01,0.04,0.05,4.13,0.0,0.01,0.01,1.48,19.2,223,94,2.0,281,100,7.0,210,72,2.9,267,101,,,,4,,Levi,Samuels Colwill,Colwill,,,251,0,0,0,6,0,0,0,1,0,0,3,19,,,,0.0,0.0,2.15,1.08,6.81,3,16,11
150,u,0.0,0.0,4.5,530,136,0,0,0,0,0.0,533,185,0,0,0.0,514,194,0,0,0.0,514,194,0.0,0.0,0,429,0,5381,20,0.0,0.0,0.0,0.0,0.0,0.0,0.0,0.0,0.0,0.0,0.0,483,189,0.0,482,189,0.0,440,182,0.0,489,187,,,,4,,Mamadou,Sarr,M.Sarr,Has joined Real Sociedad on loan for the rest of the season,,0,0,0,0,0,0,0,0,0,0,0,0,0,,,,0.0,0.0,0.0,0.0,0.0,0,0,0
151,a,,,4.5,533,138,0,0,0,0,0.4,275,101,5,0,1.7,240,91,0,9,1.2,222,84,0.3,1.1,0,19265,82,14857,332,1.2,1.2,0.0,0.02,0.02,3.52,0.0,0.01,0.01,1.57,41.6,143,65,4.1,245,84,6.0,224,78,5.1,224,86,,,,4,,Josh,Acheampong,Acheampong,,,202,0,0,0,5,0,0,0,0,0,0,2,19,,,,0.0,0.0,2.23,0.89,8.47,6,13,7
152,i,0.0,0.0,5.4,234,32,0,0,-1,1,0.8,206,79,0,0,0.0,623,212,0,0,0.0,623,212,0.0,0.0,0,6205,5,197124,1508,0.0,0.0,0.0,0.0,0.0,0.0,0.0,0.0,0.0,0.0,0.0,612,212,0.0,615,212,0.0,604,211,0.0,618,212,,,,4,,Marco,Palestra,Palestra,Thigh injury - Expected back 18 Sep,,0,0,0,0,0,0,0,0,0,0,0,0,0,,,,0.0,0.0,0.0,0.0,0.0,0,0,0
154,a,100.0,100.0,9.7,3,2,0,0,2,-2,26.9,9,5,26,5,6.5,26,14,3,125,6.5,12,9,0.7,2.7,0,1717569,6733,336031,7312,6.5,6.5,1.19,0.61,1.8,6.19,0.3,0.16,0.46,1.58,113.0,6,5,82.4,24,21,112.0,6,3,30.8,3,3,,2.0,1.0,4,,Cole,Palmer,Palmer,,,352,2,2,0,9,0,0,0,1,0,0,4,23,,,,0.0,0.0,2.3,1.02,5.88,4,2,17
156,a,,,6.5,37,25,0,0,0,0,1.4,150,45,12,2,3.0,145,57,0,67,3.0,107,45,0.5,1.8,0,61685,545,60470,1025,3.0,3.0,0.49,0.53,1.02,4.6,0.18,0.19,0.37,1.68,56.6,93,34,53.5,54,44,56.0,50,32,16.6,45,32,2.0,3.0,,4,,Pedro,Lomba Neto,Neto,,,246,1,0,0,6,0,0,0,0,0,0,3,21,,,,0.0,0.0,2.2,1.1,7.68,3,8,10
157,a,,,6.4,49,33,0,0,-1,1,0.7,216,67,3,1,1.0,374,176,0,14,0.8,296,136,0.1,0.5,0,13009,92,73353,767,0.8,0.8,0.09,0.07,0.16,0.51,0.4,0.32,0.72,2.3,3.4,325,147,0.8,315,156,17.0,140,72,2.2,284,126,4.0,,2.0,4,,Estêvão,Almeida de Oliveira Gonçalves,Estêvão,,,20,0,0,0,0,0,0,0,0,0,0,0,2,,,,0.0,0.0,0.0,0.0,9.0,1,0,1
158,a,,,5.9,99,64,0,0,-1,1,0.0,548,226,0,0,0.0,641,280,0,0,0.0,641,280,0.0,0.0,0,789,8,2246,23,0.0,0.0,0.0,0.0,0.0,0.0,0.0,0.0,0.0,0.0,0.0,636,279,0.0,638,279,0.0,635,277,0.0,638,279,,,,4,,Jamie,Bynoe-Gittens,Gittens,,,0,0,0,0,0,0,0,0,0,0,0,0,0,,,,0.0,0.0,0.0,0.0,0.0,0,0,0
159,i,0.0,0.0,5.4,221,139,0,0,-1,1,1.4,153,46,1,0,1.0,346,156,0,3,0.2,384,177,0.0,0.2,0,14074,20,243218,2545,0.0,0.0,0.0,0.0,0.0,0.07,0.0,0.0,0.0,0.48,0.0,605,258,0.1,353,176,0.0,596,253,0.0,611,260,,,,4,,Moisés,Caicedo Corozo,Caicedo,Calf injury - Expected back 18 Sep,,13,0,0,0,0,0,0,0,0,0,0,0,0,,,,0.0,0.0,0.0,0.0,0.0,0,0,0
161,a,,,5.0,326,193,0,0,0,0,0.2,323,115,11,2,2.8,149,60,0,62,2.8,113,50,0.6,2.2,0,22583,139,8957,260,2.8,2.8,0.75,0.1,0.85,5.26,0.26,0.03,0.29,1.83,58.4,84,27,24.2,147,87,66.0,35,20,14.9,59,39,,,,4,,Roméo,Lavia,Lavia,,,259,1,0,0,8,0,0,0,1,0,0,4,32,,,,0.0,0.0,2.78,1.39,11.12,6,10,16
163,u,0.0,0.0,4.5,502,268,0,0,0,0,0.1,402,149,0,0,0.0,489,194,0,0,0.0,489,194,0.0,0.0,0,2698,0,11783,129,0.0,0.0,0.0,0.0,0.0,0.0,0.0,0.0,0.0,0.0,0.0,457,176,0.0,457,184,0.0,414,153,0.0,463,180,,,,4,,Dário,Luís Essugo,D.Essugo,Has joined RC Strasbourg on loan for the rest of the season,,0,0,0,0,0,0,0,0,0,0,0,0,0,,,,0.0,0.0,0.0,0.0,0.0,0,0,0
164,a,100.0,100.0,5.4,233,148,0,0,-1,1,0.0,530,215,1,0,1.0,350,160,0,2,0.2,387,180,0.0,0.2,0,685,8,2730,43,0.2,0.2,0.0,0.0,0.0,0.09,0.0,0.0,0.0,1.01,1.2,350,162,0.3,342,169,2.0,283,136,0.4,343,158,,,,4,,Geovany,Quenda,Quenda,,,8,0,0,0,0,0,0,0,0,0,0,0,1,,,,0.0,0.0,0.0,0.0,11.25,0,1,0
165,a,,,7.7,15,5,0,0,2,-2,73.8,1,1,33,12,8.2,4,1,7,141,8.2,1,1,1.1,4.3,0,1271575,18225,325053,1360,8.2,8.2,2.17,0.2,2.37,6.28,0.54,0.05,0.59,1.57,104.0,10,3,74.3,30,1,92.0,15,7,26.9,12,3,,,,4,,João Pedro,Junqueira de Jesus,João Pedro,,,360,3,3,0,9,1,0,0,1,0,0,4,9,,,,0.0,0.0,2.25,1.0,2.25,1,3,5
168,u,0.0,0.0,5.0,318,58,0,0,0,0,0.2,318,51,0,0,0.0,592,65,0,0,0.0,592,65,0.0,0.0,0,4102,0,27898,255,0.0,0.0,0.0,0.0,0.0,0.0,0.0,0.0,0.0,0.0,0.0,573,57,0.0,580,62,0.0,558,59,0.0,580,61,,,,4,,Marc,Guiu Paz,Marc Guiu,Has joined RB Leipzig permanently,,0,0,0,0,0,0,0,0,0,0,0,0,0,,,,0.0,0.0,0.0,0.0,0.0,0,0,0
169,a,,,4.5,527,73,0,0,0,0,0.4,267,47,0,0,0.0,511,55,0,0,0.0,511,55,0.0,0.0,0,18429,177,16133,234,0.0,0.0,0.0,0.0,0.0,0.0,0.0,0.0,0.0,0.0,0.0,480,47,0.0,479,52,0.0,437,49,0.0,486,51,,,,4,,Shumaira,Mheuka,Mheuka,,,0,0,0,0,0,0,0,0,0,0,0,0,0,,,,0.0,0.0,0.0,0.0,0.0,0,0,0
170,i,0.0,0.0,5.0,322,59,0,0,0,0,0.1,373,56,0,0,0.0,594,66,0,0,0.0,594,66,0.0,0.0,0,5883,5,8973,247,0.0,0.0,0.0,0.0,0.0,0.0,0.0,0.0,0.0,0.0,0.0,575,58,0.0,582,63,0.0,560,60,0.0,582,62,,,,4,,Emmanuel,Emegha,Emegha,Hamstring injury - Expected back 18 Sep,,0,0,0,0,0,0,0,0,0,0,0,0,0,,,,0.0,0.0,0.0,0.0,0.0,0,0,0
200,a,,,6.0,71,7,0,0,0,0,8.0,53,21,10,1,2.5,171,65,0,27,2.5,134,49,0.4,1.7,0,157744,587,282292,7396,2.5,2.5,0.02,0.21,0.23,5.21,0.01,0.07,0.08,1.71,83.2,34,11,12.6,210,73,10.0,195,67,10.5,121,46,,,,4,,Maxence,Lacroix,Lacroix,,,274,0,1,0,7,0,0,0,1,0,0,3,34,,,,0.0,0.0,2.3,0.99,11.17,8,26,5
560,a,,,4.4,575,48,0,0,-1,1,0.1,477,54,0,0,0.0,460,48,0,0,0.0,460,48,0.0,0.0,0,1102,23,2723,23,0.0,0.0,0.0,0.0,0.0,0.0,0.0,0.0,0.0,0.0,0.0,425,47,0.0,420,28,0.0,367,25,0.0,431,47,,,,4,,Mike,Penders,Penders,,,0,0,0,0,0,0,0,0,0,0,0,0,0,,,,0.0,0.0,0.0,0.0,0.0,0,0,0
561,a,100.0,100.0,4.5,550,143,0,0,0,0,0.0,567,193,0,0,0.0,526,196,0,0,0.0,526,196,0.0,0.0,0,582,13,946,14,0.0,0.0,0.0,0.0,0.0,0.0,0.0,0.0,0.0,0.0,0.0,497,193,0.0,496,193,0.0,455,187,0.0,503,191,,,,4,,Aaron,Anselmino,Anselmino,,,0,0,0,0,0,0,0,0,0,0,0,0,0,,,,0.0,0.0,0.0,0.0,0.0,0,0,0
568,a,,,5.5,170,105,0,0,0,0,0.1,382,139,1,0,0.5,394,186,0,8,0.2,388,181,0.0,0.2,0,2485,39,5257,69,0.2,0.2,0.04,0.09,0.13,0.52,0.13,0.29,0.42,1.67,0.0,622,271,0.0,628,273,4.0,246,117,0.2,359,168,,,,4,,Valentín,Barco,Barco,,,28,0,0,0,1,0,0,0,1,0,0,0,3,,,,0.0,0.0,3.21,0.0,9.64,0,2,1
583,a,,,4.9,400,75,0,0,-1,1,0.2,363,139,4,1,1.0,308,121,0,10,1.0,244,92,0.2,0.8,0,2453,22,9019,87,1.0,1.0,0.0,0.03,0.03,1.5,0.0,0.02,0.02,1.14,11.2,262,109,2.5,268,94,6.0,225,79,2.0,294,109,,,,4,,Pep,Chavarría,Chavarria,,,118,0,0,0,1,0,0,0,0,0,0,0,6,,,,0.0,0.0,0.76,0.0,4.58,2,4,4
91,a,,,4.5,468,106,0,0,0,0,0.1,469,167,4,0,2.0,198,78,0,2,1.0,240,89,0.2,0.9,0,1782,15,3083,26,1.0,1.0,0.11,0.0,0.11,2.66,0.1,0.0,0.1,2.35,22.0,212,91,0.7,318,120,6.0,222,76,2.9,266,100,,,,4,,Ethan,Pinnock,Pinnock,,,102,0,0,0,2,0,0,0,1,0,0,1,15,,,,0.0,0.0,1.76,0.88,13.24,1,14,2
104,a,,,4.9,386,232,0,0,-1,1,0.1,407,152,4,0,2.0,204,83,0,13,1.0,243,106,0.2,0.8,0,3483,19,7571,53,1.0,1.0,0.0,0.01,0.01,3.05,0.0,0.01,0.01,1.81,4.0,316,143,2.0,280,143,0.0,484,186,0.6,337,154,,,,4,,Frank,Onyeka,Onyeka,,,152,0,0,0,4,0,0,0,0,0,0,2,12,,,,0.0,0.0,2.37,1.18,7.11,2,3,7
110,a,,,4.5,496,40,0,0,0,0,0.9,193,30,5,0,1.7,239,20,0,23,1.2,221,18,0.3,1.1,0,20284,65,40519,207,1.2,1.2,0.0,0.01,0.01,4.72,0.0,0.0,0.0,1.57,43.6,137,17,0.0,455,46,0.0,409,43,4.4,239,17,,,,4,,Carl,Rushworth,Rushworth,,,270,0,0,0,5,0,0,0,0,0,5,3,0,,,,1.67,0.0,1.67,1.0,0.0,0,3,29
171,u,0.0,0.0,4.0,625,68,0,0,0,0,1.2,175,25,0,0,0.0,428,43,0,0,0.0,428,43,0.0,0.0,0,8924,0,43278,489,0.0,0.0,0.0,0.0,0.0,0.0,0.0,0.0,0.0,0.0,0.0,393,42,0.0,388,23,0.0,330,20,0.0,399,42,,,,4,,Oliver,Dovin,Dovin,Has joined Leyton Orient on loan for the rest of the season,,0,0,0,0,0,0,0,0,0,0,0,0,0,,,,0.0,0.0,0.0,0.0,0.0,0,0,0
172,a,,,4.5,436,28,0,0,0,0,0.4,279,37,0,0,0.0,465,52,0,0,0.0,465,52,0.0,0.0,0,743,9,10010,49,0.0,0.0,0.0,0.0,0.0,0.0,0.0,0.0,0.0,0.0,0.0,430,51,0.0,427,34,0.0,376,31,0.0,436,51,,,,4,,Ben,Wilson,Wilson,,,0,0,0,0,0,0,0,0,0,0,0,0,0,,,,0.0,0.0,0.0,0.0,0.0,0,0,0
173,a,,,4.0,621,185,0,0,0,0,9.2,45,17,15,0,5.0,49,19,2,58,3.8,62,26,1.0,3.8,0,308479,2019,177828,1005,3.8,3.8,0.24,0.19,0.43,4.18,0.08,0.07,0.15,1.46,60.8,74,37,32.7,117,33,25.0,109,32,11.8,91,24,,,,4,,Bobby,Thomas,Thomas,,,257,0,0,1,4,0,0,0,0,0,0,3,31,,,,0.0,0.35,1.4,1.05,10.86,2,29,11
174,u,0.0,0.0,4.0,614,180,0,0,0,0,0.4,269,98,0,0,0.0,421,148,0,0,0.0,421,148,0.0,0.0,0,981,0,26012,256,0.0,0.0,0.0,0.0,0.0,0.0,0.0,0.0,0.0,0.0,0.0,386,141,0.0,381,141,0.0,323,123,0.0,392,139,,,,4,,Liam,Kitching,Kitching,Has joined Sheffield United on loan for the rest of the season,,0,0,0,0,0,0,0,0,0,0,0,0,0,,,,0.0,0.0,0.0,0.0,0.0,0,0,0
175,a,,,4.0,619,183,0,0,0,0,10.6,41,15,6,0,2.0,195,76,0,12,1.5,200,78,0.4,1.5,0,109551,805,313289,2555,1.5,1.5,0.0,0.26,0.26,4.72,0.0,0.09,0.09,1.57,42.8,138,62,41.1,87,22,10.0,190,65,9.4,137,52,,,,4,,Milan,van Ewijk,van Ewijk,,,270,0,0,0,5,0,0,0,1,0,0,3,20,,,,0.0,0.0,1.67,1.0,6.67,5,15,10
176,a,,,4.0,599,168,0,0,0,0,0.7,220,84,5,0,1.7,237,89,0,21,1.2,218,81,0.3,1.2,0,8417,37,16153,100,1.2,1.2,0.18,0.15,0.33,4.72,0.06,0.05,0.11,1.61,50.8,114,54,26.0,141,46,17.0,132,40,9.5,133,49,,,,4,,Jay,Dasilva,Dasilva,,,264,0,0,0,5,0,0,0,0,0,0,3,16,,,,0.0,0.0,1.7,1.02,5.45,4,12,7
177,i,0.0,0.0,4.0,623,186,0,0,0,0,0.0,515,181,0,0,0.0,426,150,0,0,0.0,426,150,0.0,0.0,0,418,5,2743,21,0.0,0.0,0.0,0.0,0.0,0.0,0.0,0.0,0.0,0.0,0.0,391,143,0.0,386,143,0.0,328,125,0.0,397,141,,,,4,,Kaine,Kesler-Hayden,Kesler-Hayden,Hamstring injury - Unknown return date,,0,0,0,0,0,0,0,0,0,0,0,0,0,,,,0.0,0.0,0.0,0.0,0.0,0,0,0
178,a,,,4.0,586,162,0,0,0,0,0.1,447,159,0,0,0.0,403,140,0,0,0.0,403,140,0.0,0.0,0,1833,19,2554,27,0.0,0.0,0.0,0.0,0.0,0.0,0.0,0.0,0.0,0.0,0.0,368,133,0.0,361,131,0.0,301,111,0.0,373,130,,,,4,,Jake,Bidwell,Bidwell,,,0,0,0,0,0,0,0,0,0,0,0,0,0,,,,0.0,0.0,0.0,0.0,0.0,0,0,0
179,a,,,4.0,603,172,0,0,0,0,0.0,517,182,0,0,0.0,414,144,0,0,0.0,414,144,0.0,0.0,0,763,7,1286,8,0.0,0.0,0.0,0.0,0.0,0.0,0.0,0.0,0.0,0.0,0.0,379,137,0.0,374,137,0.0,316,119,0.0,385,135,,,,4,,Joel,Latibeaudiere,Latibeaudiere,,,0,0,0,0,0,0,0,0,0,0,0,0,0,,,,0.0,0.0,0.0,0.0,0.0,0,0,0
180,i,0.0,0.0,4.0,608,176,0,0,0,0,0.1,394,146,0,0,0.0,417,146,0,0,0.0,417,146,0.0,0.0,0,2002,22,7285,54,0.0,0.0,0.0,0.0,0.0,0.0,0.0,0.0,0.0,0.0,0.0,382,139,0.0,377,139,0.0,319,121,0.0,388,137,,,,4,,Luke,Woolfenden,Woolfenden,Knee injury - Unknown return date,,0,0,0,0,0,0,0,0,0,0,0,0,0,,,,0.0,0.0,0.0,0.0,0.0,0,0,0
181,u,0.0,0.0,4.0,646,206,0,0,0,0,0.0,554,189,0,0,0.0,445,166,0,0,0.0,445,166,0.0,0.0,0,275,0,1802,12,0.0,0.0,0.0,0.0,0.0,0.0,0.0,0.0,0.0,0.0,0.0,410,159,0.0,405,159,0.0,349,143,0.0,416,157,,,,4,,Miguel,Brau,Brau,Has joined Academico de Viseu on loan for the rest of the season,,0,0,0,0,0,0,0,0,0,0,0,0,0,,,,0.0,0.0,0.0,0.0,0.0,0,0,0
182,a,,,4.0,635,195,0,0,0,0,0.7,214,83,4,0,1.3,260,93,0,9,1.0,237,86,0.2,1.0,0,10139,91,18335,116,1.0,1.0,0.02,0.39,0.41,4.72,0.01,0.13,0.14,1.57,44.6,133,60,4.2,244,83,11.0,182,62,6.1,207,80,,,,4,,Aurèle,Amenda,Amenda,,,270,0,0,0,5,0,0,0,1,0,0,3,16,,,,0.0,0.0,1.67,1.0,5.33,1,15,11
183,a,100.0,100.0,5.0,302,180,0,0,0,0,0.1,409,154,6,0,2.0,210,87,0,24,1.5,209,92,0.3,1.2,0,2939,18,5715,70,1.5,1.5,0.5,0.18,0.68,1.48,0.3,0.11,0.41,0.88,26.8,197,77,60.0,42,36,54.0,53,34,14.1,64,42,5.0,1.0,,4,,Jack,Rudoni,Rudoni,,,152,0,0,1,1,0,0,0,0,0,0,2,16,,,,0.0,0.59,0.59,1.18,9.47,3,3,10
184,a,,,5.0,252,157,0,0,0,0,0.1,372,134,6,0,2.0,207,85,0,36,1.5,206,90,0.3,1.2,0,3309,6,8268,95,1.5,1.5,0.05,0.05,0.1,4.72,0.02,0.02,0.04,1.57,46.2,127,47,26.9,136,81,3.0,255,123,7.6,166,76,1.0,,3.0,4,,Matt,Grimes,Grimes,,,270,0,0,0,5,0,0,0,0,0,0,3,25,,,,0.0,0.0,1.67,1.0,8.33,5,8,12
185,a,,,4.9,401,240,0,0,-1,1,0.1,461,182,1,0,1.0,309,131,0,8,0.2,368,164,0.0,0.2,0,754,6,4415,35,0.2,0.2,0.02,0.02,0.04,0.69,0.06,0.06,0.12,2.0,6.2,297,128,5.9,234,124,7.0,212,106,1.9,296,132,,,,4,,Tatsuhiro,Sakamoto,Sakamoto,,,31,0,0,0,1,0,0,0,0,0,0,0,4,,,,0.0,0.0,2.9,0.0,11.61,2,0,2
186,a,100.0,100.0,5.4,202,127,0,0,-1,1,0.1,432,167,3,0,1.5,256,112,0,8,0.8,285,131,0.1,0.6,0,945,6,4708,40,0.8,0.8,0.0,0.06,0.06,1.19,0.0,0.04,0.04,0.84,4.2,315,142,16.8,180,102,2.0,277,131,2.1,291,129,,,,4,,Ephron,Mason-Clark,Mason-Clark,,,127,0,0,0,1,0,0,0,0,0,0,2,9,,,,0.0,0.0,0.71,1.42,6.38,0,4,5
187,i,0.0,0.0,4.9,389,234,0,0,-1,1,0.0,595,249,0,0,0.0,550,224,0,0,0.0,550,224,0.0,0.0,0,596,0,1068,23,0.0,0.0,0.0,0.0,0.0,0.0,0.0,0.0,0.0,0.0,0.0,525,209,0.0,525,217,0.0,487,188,0.0,532,214,,,,4,,Josh,Eccles,Eccles,Unspecified injury - Expected back 12 Oct,,0,0,0,0,0,0,0,0,0,0,0,0,0,,,,0.0,0.0,0.0,0.0,0.0,0,0,0
188,a,,,5.4,200,125,0,0,-1,1,0.1,405,151,2,0,1.0,338,152,0,10,0.5,329,147,0.1,0.4,0,701,0,6448,58,0.5,0.5,0.0,0.12,0.12,1.01,0.0,0.23,0.23,1.93,6.8,288,124,20.0,171,97,0.0,591,250,2.6,275,119,2.0,2.0,2.0,4,,Victor,Torp,Torp,,,47,0,0,0,1,0,0,0,0,0,0,0,3,,,,0.0,0.0,1.91,0.0,5.74,0,1,2
189,a,,,4.5,558,290,0,0,0,0,0.2,317,113,0,0,0.0,534,213,0,0,0.0,534,213,0.0,0.0,0,4034,22,10014,102,0.0,0.0,0.0,0.0,0.0,0.0,0.0,0.0,0.0,0.0,0.0,505,195,0.0,504,203,0.0,463,172,0.0,511,199,,,,4,,George,Shepherd,Shepherd,,,0,0,0,0,0,0,0,0,0,0,0,0,0,,,,0.0,0.0,0.0,0.0,0.0,0,0,0
190,a,,,5.4,217,136,0,0,-1,1,0.1,411,156,4,0,1.3,265,117,0,27,1.0,252,110,0.2,0.7,0,3077,0,6820,40,1.0,1.0,0.19,0.18,0.37,2.73,0.1,0.1,0.2,1.48,17.0,235,95,49.3,63,47,29.0,98,53,9.6,132,66,3.0,,,4,,Loum,Tchaouna,Tchaouna,,,166,0,0,0,3,0,0,0,0,0,0,2,15,,,,0.0,0.0,1.63,1.08,8.13,1,5,9
191,u,0.0,0.0,4.5,504,270,0,0,0,0,0.1,413,158,0,0,0.0,491,196,0,0,0.0,491,196,0.0,0.0,0,1943,0,8976,87,0.0,0.0,0.0,0.0,0.0,0.0,0.0,0.0,0.0,0.0,0.0,459,178,0.0,459,186,0.0,416,155,0.0,465,182,,,,4,,Raphael,Borges Rodrigues,Borges Rodrigues,Has joined Burton Albion on loan for the rest of the season,,0,0,0,0,0,0,0,0,0,0,0,0,0,,,,0.0,0.0,0.0,0.0,0.0,0,0,0
192,u,0.0,0.0,4.5,552,287,0,0,0,0,0.3,285,96,0,0,0.0,528,210,0,0,0.0,528,210,0.0,0.0,0,2718,0,33592,290,0.0,0.0,0.0,0.0,0.0,0.0,0.0,0.0,0.0,0.0,0.0,499,192,0.0,498,200,0.0,457,169,0.0,505,196,,,,4,,Kai,Andrews,Andrews,Has joined Oxford United on loan for the rest of the season,,0,0,0,0,0,0,0,0,0,0,0,0,0,,,,0.0,0.0,0.0,0.0,0.0,0,0,0
193,i,0.0,0.0,5.4,189,45,0,0,-1,1,0.1,441,64,0,0,0.0,613,71,0,0,0.0,613,71,0.0,0.0,0,471,1,10726,47,0.0,0.0,0.0,0.0,0.0,0.0,0.0,0.0,0.0,0.0,0.0,595,64,0.0,602,69,0.0,585,66,0.0,602,68,,,1.0,4,,Haji,Wright,Wright,Thigh injury - Unknown return date,,0,0,0,0,0,0,0,0,0,0,0,0,0,,,,0.0,0.0,0.0,0.0,0.0,0,0,0
194,a,,,5.0,278,54,0,0,0,0,0.8,210,33,4,0,1.3,263,31,0,20,1.0,247,27,0.2,0.8,0,42471,334,38462,401,1.0,1.0,0.0,0.02,0.02,3.24,0.0,0.02,0.02,2.43,8.0,279,27,3.4,254,32,4.0,244,38,1.6,305,35,,,4.0,4,,Brandon,Thomas-Asante,Thomas-Asante,,,120,0,0,0,4,0,0,0,0,0,0,1,11,,,,0.0,0.0,3.0,0.75,8.25,0,6,5
195,a,,,5.0,269,52,0,0,0,0,0.8,213,35,3,0,1.5,251,30,0,10,0.8,278,32,0.2,0.6,0,35749,150,46186,393,0.8,0.8,0.3,0.01,0.31,2.55,0.31,0.01,0.32,2.61,7.6,283,28,22.3,154,15,37.0,82,19,6.7,194,20,,,,4,,Ellis,Simms,Simms,,,88,0,0,0,3,0,0,0,0,0,0,1,3,,,,0.0,0.0,3.07,1.02,3.07,0,1,2
196,u,0.0,0.0,5.0,341,61,0,0,0,0,0.0,613,76,0,0,0.0,602,67,0,0,0.0,602,67,0.0,0.0,0,0,0,1032,10,0.0,0.0,0.0,0.0,0.0,0.0,0.0,0.0,0.0,0.0,0.0,583,59,0.0,590,64,0.0,570,61,0.0,590,63,,,,4,,Jahnoah,Markelo,Markelo,Has joined Shabab Al-Ahli Dubai permanently,,0,0,0,0,0,0,0,0,0,0,0,0,0,,,,0.0,0.0,0.0,0.0,0.0,0,0,0
197,u,0.0,0.0,4.5,519,70,0,0,0,0,0.0,549,74,0,0,0.0,505,53,0,0,0.0,505,53,0.0,0.0,0,0,0,1703,17,0.0,0.0,0.0,0.0,0.0,0.0,0.0,0.0,0.0,0.0,0.0,473,44,0.0,473,50,0.0,430,46,0.0,479,48,,,,4,,Norman,Bassette,Bassette,Has joined KVC Westerlo on loan for the rest of the season,,0,0,0,0,0,0,0,0,0,0,0,0,0,,,,0.0,0.0,0.0,0.0,0.0,0,0,0
492,a,,,5.5,138,36,0,0,0,0,0.6,230,37,5,0,1.7,246,28,0,16,1.2,232,24,0.2,0.9,0,20780,93,38060,312,1.2,1.2,1.24,0.03,1.27,2.18,0.62,0.02,0.64,1.09,13.6,248,23,35.3,109,10,68.0,31,11,11.7,95,14,,,5.0,4,,Taiwo,Awoniyi,Awoniyi,,,180,0,0,0,2,0,0,0,0,0,0,2,9,,,,0.0,0.0,1.0,1.0,4.5,0,3,6
575,a,,,4.9,420,256,0,0,-1,1,0.2,351,127,5,0,1.7,241,103,0,23,1.2,223,100,0.2,1.0,0,2425,9,10011,90,1.2,1.2,0.03,0.13,0.16,2.53,0.02,0.07,0.09,1.44,10.4,266,111,19.4,172,98,7.0,213,107,3.3,257,112,,,,4,,Caleb,Yirenkyi,Yirenkyi,,,158,0,0,1,3,0,0,0,1,0,0,2,16,,,,0.0,0.57,1.71,1.14,9.11,0,5,11
584,a,,,5.4,192,119,0,0,-1,1,0.1,418,160,3,0,1.0,336,150,0,6,0.8,281,128,0.1,0.6,0,689,3,5024,28,0.8,0.8,0.0,0.02,0.02,0.82,0.0,0.06,0.06,2.31,0.6,354,165,1.8,285,146,0.0,588,247,0.3,355,165,4.0,,,4,,Gustavo,Hamer,Hamer,,,32,0,0,0,1,0,0,0,0,0,0,0,3,,,,0.0,0.0,2.81,0.0,8.44,1,0,2
599,a,,,5.0,354,63,0,0,0,0,0.1,424,62,0,0,0.0,607,69,0,0,0.0,607,69,0.0,0.0,0,5320,46,5411,52,0.0,0.0,0.0,0.0,0.0,0.0,0.0,0.0,0.0,0.0,0.0,588,61,0.0,595,66,0.0,577,63,0.0,595,65,,,,4,,Sidiki,Cherif,Cherif,,,0,0,0,0,0,0,0,0,0,0,0,0,0,,,,0.0,0.0,0.0,0.0,0.0,0,0,0
623,a,,,4.0,585,54,0,0,0,0,0.5,257,34,0,0,0.0,402,29,0,0,0.0,402,29,0.0,0.0,0,57293,230,13968,47,0.0,0.0,0.0,0.0,0.0,0.0,0.0,0.0,0.0,0.0,0.0,367,28,0.0,360,9,0.0,300,6,0.0,372,28,,,,4,,Dan,Bentley,Bentley,,,0,0,0,0,0,0,0,0,0,0,0,0,0,,,,0.0,0.0,0.0,0.0,0.0,0,0,0
655,a,,,5.5,141,84,0,0,0,0,0.0,654,291,0,0,0.0,629,272,0,0,0.0,629,272,0.0,0.0,0,67,2,7,0,2.0,2.0,0.0,0.0,0.0,0.0,0.0,0.0,0.0,0.0,0.0,618,267,0.0,624,269,0.0,614,262,0.0,624,269,,,,4,,Yann,Gboho,Gboho,,,0,0,0,0,0,0,0,0,0,0,0,0,0,,,,0.0,0.0,0.0,0.0,0.0,0,0,0
656,a,,,4.0,642,202,0,0,0,0,0.0,513,180,0,0,0.0,442,163,0,0,0.0,442,163,0.0,0.0,0,3410,599,319,52,1.0,1.0,0.0,0.0,0.0,0.0,0.0,0.0,0.0,0.0,0.0,407,156,0.0,402,156,0.0,345,139,0.0,413,154,,,,4,,Stephen,Mfuni,Mfuni,,,0,0,0,0,0,0,0,0,0,0,0,0,0,,,,0.0,0.0,0.0,0.0,0.0,0,0,0
42,a,,,5.5,162,98,0,0,0,0,0.0,503,202,2,0,1.0,354,162,0,6,0.5,331,148,0.1,0.4,0,1993,19,2611,42,0.5,0.5,0.03,0.03,0.06,0.34,0.05,0.05,0.1,0.57,5.4,301,132,2.1,279,142,7.0,219,110,1.5,307,137,,,,4,,Evann,Guessand,Guessand,,,54,0,0,0,1,0,0,0,0,0,0,0,2,,,,0.0,0.0,1.67,0.0,3.33,1,1,0
153,s,0.0,,4.5,460,100,0,0,0,0,0.1,398,148,1,-3,0.3,396,139,0,-6,0.2,358,133,0.0,0.2,0,9302,58,4679,336,0.0,0.2,0.0,0.04,0.04,3.72,0.0,0.03,0.03,2.41,32.6,180,80,13.3,202,67,2.0,266,99,4.8,231,87,,,,4,,Axel,Disasi,Disasi,Suspended until 25 Oct,,139,0,0,0,6,0,0,0,0,1,0,2,20,,,,0.0,0.0,3.88,1.29,12.95,5,15,11
198,i,0.0,100.0,5.0,255,8,0,0,0,0,1.9,128,19,5,0,1.7,242,21,0,37,1.2,224,19,0.2,1.0,0,54981,65,53914,4928,0.0,1.2,0.0,0.0,0.0,6.47,0.0,0.0,0.0,2.16,96.8,15,3,0.0,548,59,0.0,520,59,9.6,130,3,,,,4,,Dean,Henderson,Henderson,Foot injury - Expected back 11 Oct,,270,0,0,0,8,0,0,0,0,0,12,3,0,,,,4.0,0.0,2.67,1.0,0.0,0,6,31
199,a,,,4.5,437,29,0,0,0,0,0.1,414,47,2,2,2.0,196,16,0,3,0.5,305,21,0.1,0.4,0,1747,68,3655,33,0.5,0.5,0.0,0.0,0.0,1.67,0.0,0.0,0.0,1.67,0.0,431,52,0.0,428,35,0.0,377,32,0.0,437,52,,,,4,,Walter,Benítez,Benitez,,,90,0,0,0,3,0,0,0,0,0,3,1,0,,,,3.0,0.0,3.0,1.0,0.0,0,1,7
202,a,,,5.0,284,47,0,0,0,0,0.7,227,87,6,2,1.5,252,92,0,18,1.5,208,80,0.3,1.2,0,19178,120,26576,343,1.5,1.5,0.08,0.06,0.14,8.14,0.02,0.02,0.04,2.04,86.4,31,9,1.3,299,111,24.0,113,34,11.1,106,36,,,,4,,Chris,Richards,Richards,,,360,0,0,0,11,0,0,0,1,0,0,4,43,,,,0.0,0.0,2.75,1.0,10.75,6,37,13
203,a,,,4.9,419,78,0,0,-1,1,0.2,322,119,2,0,0.7,384,135,0,12,0.5,317,118,0.1,0.4,0,5101,18,14131,197,0.5,0.5,0.05,0.01,0.06,6.47,0.02,0.0,0.02,2.16,63.2,67,32,8.1,228,77,5.0,233,83,7.6,165,66,,,,4,,Jaydee,Canvot,Canvot,,,270,0,0,0,8,0,0,0,0,0,0,3,24,,,,0.0,0.0,2.67,1.0,8.0,7,17,6
204,a,,,4.5,477,112,0,0,0,0,6.6,61,25,17,1,4.2,72,26,2,34,4.2,46,18,0.9,3.8,0,277178,2424,176674,1992,4.2,4.2,0.77,0.24,1.01,7.03,0.21,0.07,0.28,1.92,101.2,13,1,46.1,70,16,56.0,47,5,20.3,25,2,,,,4,,Tyrick,Mitchell,Mitchell,,,329,2,0,0,10,0,0,0,0,0,0,4,17,,,,0.0,0.0,2.74,1.09,4.65,6,11,15
205,u,0.0,0.0,4.5,459,99,0,0,0,0,0.0,574,196,0,0,0.0,473,179,0,0,0.0,473,179,0.0,0.0,0,236,0,1718,23,0.0,0.0,0.0,0.0,0.0,0.0,0.0,0.0,0.0,0.0,0.0,440,173,0.0,437,173,0.0,387,161,0.0,446,171,,,,4,,Borna,Sosa,Sosa,Has joined FC Cologne on loan for the rest of the season,,0,0,0,0,0,0,0,0,0,0,0,0,0,,,,0.0,0.0,0.0,0.0,0.0,0,0,0
206,i,0.0,0.0,4.4,574,157,0,0,-1,1,0.0,558,191,1,0,1.0,285,109,0,7,0.2,354,130,0.0,0.2,0,572,1,5187,19,0.0,0.0,0.0,0.01,0.01,0.98,0.0,0.01,0.01,1.22,12.6,252,103,1.3,296,109,0.0,366,157,1.4,308,114,,,,4,,Chadi,Riad Dnanou,Chadi Riad,Knee injury - Unknown return date,,72,0,0,0,2,0,0,0,0,0,0,1,7,,,,0.0,0.0,2.5,1.25,8.75,1,6,3
207,a,,,4.4,569,153,0,0,-1,1,0.1,472,168,2,0,1.0,283,107,0,5,0.5,302,108,0.1,0.5,0,1668,8,3657,59,0.5,0.5,0.0,0.0,0.0,0.33,0.0,0.0,0.0,1.86,3.2,326,125,0.4,334,126,0.0,363,155,0.3,348,126,,,,4,,Oscar,Mingueza,Mingueza,,,16,0,0,0,1,0,0,0,0,0,0,0,2,,,,0.0,0.0,5.62,0.0,11.25,2,0,1
208,i,0.0,0.0,6.3,53,37,0,0,-2,2,0.7,217,68,0,0,0.0,647,286,0,0,0.0,647,286,0.0,0.0,0,2614,3,362821,758,0.0,0.0,0.0,0.0,0.0,0.0,0.0,0.0,0.0,0.0,0.0,647,287,0.0,648,287,0.0,646,286,0.0,647,287,,,2.0,4,,Ismaïla,Sarr,Sarr,Groin injury - Unknown return date,,0,0,0,0,0,0,0,0,0,0,0,0,0,,,,0.0,0.0,0.0,0.0,0.0,0,0,0
210,a,100.0,100.0,5.5,165,100,0,0,0,0,0.8,205,64,10,2,2.5,170,70,0,64,2.5,132,58,0.5,1.8,0,25740,160,32721,606,2.5,2.5,0.08,0.36,0.44,7.6,0.02,0.09,0.11,1.98,47.8,123,44,58.4,45,38,2.0,286,138,10.9,110,57,2.0,,,4,,Adam,Wharton,Wharton,,,346,0,0,0,10,0,0,0,0,0,0,4,34,,,,0.0,0.0,2.6,1.04,8.84,8,12,14
211,a,,,5.5,163,99,0,0,0,0,0.5,258,86,12,1,3.0,140,56,0,60,3.0,104,44,0.5,2.2,0,42734,118,14935,699,3.0,3.0,0.36,0.4,0.76,5.67,0.14,0.16,0.3,2.26,20.8,219,89,83.1,23,20,21.0,122,63,12.5,83,51,1.0,1.0,,4,,Yéremy,Pino Santos,Yeremy,,,226,0,2,0,6,0,0,0,0,0,0,3,21,,,,0.0,0.0,2.39,1.19,8.36,5,3,13
212,a,,,4.5,435,259,0,0,0,0,8.4,49,18,2,1,1.0,288,122,0,9,0.5,304,139,0.1,0.4,0,84919,531,341807,4127,0.5,0.5,0.0,0.04,0.04,1.12,0.0,0.12,0.12,3.48,2.4,336,153,0.3,337,165,0.0,375,146,0.3,349,160,4.0,,,4,,Will,Hughes,Hughes,,,29,0,0,0,1,0,0,0,0,0,0,0,7,,,,0.0,0.0,3.1,0.0,21.72,1,3,3
213,a,,,4.9,367,218,0,0,-1,1,0.1,445,174,1,1,1.0,299,125,0,3,0.2,361,159,0.0,0.2,0,1038,11,4370,45,0.2,0.2,0.0,0.0,0.0,0.47,0.0,0.0,0.0,7.05,0.0,513,199,0.0,513,207,0.0,472,176,0.0,519,203,,,,4,,Jefferson,Lerma Solís,Lerma,,,6,0,0,0,1,0,0,0,0,0,0,0,1,,,,0.0,0.0,15.0,0.0,15.0,0,1,0
214,a,,,5.0,264,164,0,0,0,0,0.4,272,90,18,8,4.5,62,28,0,97,4.5,39,19,0.9,3.6,0,25419,1073,13916,146,4.5,4.5,0.05,0.35,0.4,7.55,0.01,0.09,0.1,1.94,57.6,87,28,55.3,48,40,13.0,169,82,12.6,81,49,3.0,,,4,,Daichi,Kamada,Kamada,,,351,0,3,0,10,0,0,0,1,0,0,4,28,,,,0.0,0.0,2.56,1.03,7.18,10,4,14
215,u,0.0,0.0,5.0,308,182,0,0,0,0,0.0,622,266,0,0,0.0,586,245,0,0,0.0,586,245,0.0,0.0,0,132,0,799,9,0.0,0.0,0.0,0.0,0.0,0.0,0.0,0.0,0.0,0.0,0.0,566,234,0.0,572,240,0.0,550,223,0.0,573,237,,2.0,3.0,4,,Justin,Devenny,Devenny,Has joined Stoke City permanently,,0,0,0,0,0,0,0,0,0,0,0,0,0,,,,0.0,0.0,0.0,0.0,0.0,0,0,0
216,u,0.0,0.0,5.0,346,208,0,0,0,0,0.0,563,233,0,0,0.0,604,257,0,0,0.0,604,257,0.0,0.0,0,399,0,2724,18,0.0,0.0,0.0,0.0,0.0,0.0,0.0,0.0,0.0,0.0,0.0,585,247,0.0,592,253,0.0,573,239,0.0,592,250,,,,4,,Romain,Esse,Esse,Has joined Millwall on loan for the rest of the season,,0,0,0,0,0,0,0,0,0,0,0,0,0,,,,0.0,0.0,0.0,0.0,0.0,0,0,0
217,u,0.0,0.0,4.9,407,245,0,0,-1,1,0.0,575,237,0,0,0.0,558,229,0,0,0.0,558,229,0.0,0.0,0,1007,0,2660,53,0.0,0.0,0.0,0.0,0.0,0.0,0.0,0.0,0.0,0.0,0.0,533,214,0.0,534,222,0.0,496,193,0.0,541,219,,,,4,,Matheus,França de Oliveira,M.França,Has joined Alverca on loan for the rest of the season,,0,0,0,0,0,0,0,0,0,0,0,0,0,,,,0.0,0.0,0.0,0.0,0.0,0,0,0
218,a,,,4.9,388,233,0,0,-1,1,0.1,489,194,0,0,0.0,549,223,0,0,0.0,549,223,0.0,0.0,0,1714,12,3362,45,0.0,0.0,0.0,0.0,0.0,0.0,0.0,0.0,0.0,0.0,0.0,524,208,0.0,524,216,0.0,486,187,0.0,531,213,,,,4,,Cheick,Doucouré,Doucouré,,,0,0,0,0,0,0,0,0,0,0,0,0,0,,,,0.0,0.0,0.0,0.0,0.0,0,0,0
219,u,0.0,0.0,4.9,393,235,0,0,-1,1,0.0,634,274,0,0,0.0,553,225,0,0,0.0,553,225,0.0,0.0,0,145,0,347,6,0.0,0.0,0.0,0.0,0.0,0.0,0.0,0.0,0.0,0.0,0.0,528,210,0.0,529,218,0.0,491,189,0.0,536,215,,,,4,,Jesurun,Rak-Sakyi,J.Rak-Sakyi,has joined  Kasimpasa on loan for the rest of the seaon.,,0,0,0,0,0,0,0,0,0,0,0,0,0,,,,0.0,0.0,0.0,0.0,0.0,0,0,0
220,u,0.0,0.0,4.5,535,139,0,0,0,0,0.0,650,215,0,0,0.0,516,195,0,0,0.0,516,195,0.0,0.0,0,0,0,118,1,0.0,0.0,0.0,0.0,0.0,0.0,0.0,0.0,0.0,0.0,0.0,485,190,0.0,484,190,0.0,442,183,0.0,491,188,,,,4,,Rio,Cardines,Cardines,Has joined Bristol City on loan for the rest of the season,,0,0,0,0,0,0,0,0,0,0,0,0,0,,,,0.0,0.0,0.0,0.0,0.0,0,0,0
221,a,,,4.5,557,289,0,0,0,0,0.1,451,178,0,0,0.0,533,212,0,0,0.0,533,212,0.0,0.0,0,2205,17,3295,40,0.0,0.0,0.0,0.0,0.0,0.0,0.0,0.0,0.0,0.0,0.0,504,194,0.0,503,202,0.0,462,171,0.0,510,198,,,,4,,Joél,Drakes-Thomas,Drakes-Thomas,,,0,0,0,0,0,0,0,0,0,0,0,0,0,,,,0.0,0.0,0.0,0.0,0.0,0,0,0
222,a,,,6.0,69,15,0,0,0,0,0.6,237,40,12,8,3.0,143,17,2,59,3.0,105,12,0.5,2.0,0,30489,455,26225,309,3.0,3.0,0.39,0.03,0.42,4.9,0.16,0.01,0.17,2.03,8.6,275,26,4.6,242,30,21.0,123,24,3.5,252,30,,,,4,,Jørgen,Strand Larsen,Strand Larsen,,,217,1,0,0,5,0,0,0,0,0,0,2,10,,,,0.0,0.0,2.07,0.83,4.15,2,3,5
223,i,0.0,0.0,6.4,44,12,0,0,-1,1,1.6,142,21,2,0,2.0,222,27,0,-3,0.5,344,44,0.1,0.3,0,25531,10,417553,1600,0.0,0.0,0.7,0.02,0.72,0.98,1.02,0.03,1.05,1.42,1.4,346,38,12.3,212,24,11.0,189,33,2.5,279,32,,,1.0,4,,Jean-Philippe,Mateta,Mateta,Hamstring injury - Expected back 11 Oct,,62,0,0,0,2,0,0,0,0,0,0,1,5,,,,0.0,0.0,2.9,1.45,7.26,2,1,2
224,d,75.0,,5.5,136,35,0,0,0,0,0.7,219,36,7,0,2.3,180,23,0,36,1.8,196,18,0.3,1.3,0,45036,81,24948,1280,1.4,1.8,1.1,0.58,1.68,4.45,0.59,0.31,0.9,2.4,34.2,169,12,45.8,72,3,50.0,59,14,13.0,78,11,,,,4,,Eddie,Nketiah,Nketiah,Unspecified injury - 75% chance of playing,,167,0,1,0,7,0,0,0,0,0,0,3,11,,,,0.0,0.0,3.77,1.62,5.93,4,2,5
225,u,0.0,0.0,5.0,358,65,0,0,0,0,0.0,656,78,0,0,0.0,609,70,0,0,0.0,609,70,0.0,0.0,0,0,0,0,0,0.0,0.0,0.0,0.0,0.0,0.0,0.0,0.0,0.0,0.0,0.0,591,63,0.0,598,68,0.0,580,65,0.0,598,67,,,,4,,Christantus,Uche,Uche,has returned to Getafe CF,,0,0,0,0,0,0,0,0,0,0,0,0,0,,,,0.0,0.0,0.0,0.0,0.0,0,0,0
241,a,,,5.4,208,131,0,0,-1,1,0.1,384,140,3,0,1.5,258,114,0,13,0.8,288,132,0.1,0.6,0,1527,5,6247,77,0.8,0.8,0.05,0.02,0.07,1.18,0.05,0.02,0.07,1.26,10.0,269,114,5.0,239,127,2.0,278,132,1.7,303,135,,,,4,,Dwight,McNeil,McNeil,,,84,0,0,0,3,0,0,0,0,0,0,1,7,,,,0.0,0.0,3.21,1.07,7.5,0,4,3
555,a,,,4.0,598,61,0,0,0,0,1.7,138,21,0,0,0.0,412,36,0,0,0.0,412,36,0.0,0.0,0,18822,99,22791,144,0.0,0.0,0.0,0.0,0.0,0.0,0.0,0.0,0.0,0.0,0.0,377,35,0.0,372,16,0.0,312,13,0.0,383,35,,,,4,,Remi,Matthews,Matthews,,,0,0,0,0,0,0,0,0,0,0,0,0,0,,,,0.0,0.0,0.0,0.0,0.0,0,0,0
577,a,,,4.5,464,103,0,0,0,0,0.3,297,109,2,0,0.7,381,132,0,6,0.5,306,110,0.1,0.4,0,2847,15,9393,97,0.5,0.5,0.0,0.02,0.02,3.44,0.0,0.01,0.01,2.15,15.0,242,101,3.7,250,86,2.0,267,100,2.1,286,106,,,,4,,Takehiro,Tomiyasu,Tomiyasu,,,144,0,0,0,5,0,0,0,0,0,0,1,14,,,,0.0,0.0,3.12,0.62,8.75,2,12,7
588,a,,,5.0,343,60,0,0,0,0,0.3,292,106,13,7,3.2,114,48,0,31,3.2,82,34,0.6,2.6,0,27555,676,7834,111,3.2,3.2,0.96,0.31,1.27,7.09,0.3,0.1,0.4,2.21,72.0,51,20,30.3,125,37,15.0,153,52,11.8,93,26,,,,4,,Anan,Khalaili,Khalaili,,,289,1,0,0,8,0,0,0,1,0,0,3,38,,,,0.0,0.0,2.49,0.93,11.83,19,19,15
595,a,,,5.0,342,206,0,0,0,0,0.0,590,247,2,1,1.0,330,146,0,6,0.5,323,144,0.1,0.4,0,375,6,600,5,0.5,0.5,0.0,0.0,0.0,0.67,0.0,0.0,0.0,2.15,1.4,345,159,1.3,301,151,0.0,571,237,0.3,353,163,,,,4,,Zavier,Gozo,Gozo,,,28,0,0,0,2,0,0,0,0,0,0,0,1,,,,0.0,0.0,6.43,0.0,3.21,1,0,0
633,a,,,4.5,543,140,0,0,0,0,0.0,601,204,3,3,3.0,124,54,0,10,1.5,201,79,0.3,0.7,0,1125,60,222,10,1.5,1.5,0.0,0.01,0.01,1.67,0.0,0.01,0.01,1.67,0.0,493,191,0.0,492,191,0.0,450,184,0.0,499,189,,,,4,,Honest,Ahanor,Ahanor,,,90,0,0,0,3,0,0,0,0,0,0,1,11,,,,0.0,0.0,3.0,1.0,11.0,2,9,4
643,a,,,4.5,447,90,0,0,0,0,0.5,248,92,8,1,4.0,77,31,0,21,4.0,52,23,0.9,1.8,0,39532,247,6180,427,4.0,4.0,0.27,0.01,0.28,1.12,0.84,0.03,0.87,3.48,33.2,176,78,0.7,317,119,17.0,133,41,5.1,223,85,,,,4,,Ben,Chilwell,Chilwell,,,29,1,0,0,1,0,0,0,0,0,0,0,1,,,,0.0,0.0,3.1,0.0,3.1,0,1,0
644,a,,,5.0,291,175,0,0,0,0,0.0,560,231,6,4,3.0,131,51,0,32,3.0,97,42,0.6,1.2,0,2468,55,583,19,3.0,3.0,0.12,0.03,0.15,4.24,0.07,0.02,0.09,2.34,4.2,313,140,0.2,348,173,1.0,293,142,0.5,339,155,,,,4,,Quinten,Timber,Timber,,,163,0,0,0,5,0,0,0,0,0,0,2,22,,,,0.0,0.0,2.76,1.1,12.15,9,4,9
647,a,,,5.5,169,104,0,0,0,0,0.0,610,259,1,0,1.0,355,163,0,2,0.5,332,149,0.1,0.2,0,850,11,179,14,0.5,0.5,0.0,0.0,0.0,0.13,0.0,0.0,0.0,11.7,2.0,343,157,0.3,343,170,0.0,620,268,0.2,358,167,,,,4,,Darío,Osorio,Osorio,,,1,0,0,0,0,0,0,0,0,0,0,0,1,,,,0.0,0.0,0.0,0.0,90.0,1,0,0
21,i,0.0,0.0,4.9,366,217,0,0,-1,1,0.1,495,198,0,0,0.0,541,216,0,0,0.0,541,216,0.0,0.0,0,395,1,6357,38,0.0,0.0,0.0,0.0,0.0,0.0,0.0,0.0,0.0,0.0,0.0,512,198,0.0,512,206,0.0,471,175,0.0,518,202,,,,4,,Christian,Nørgaard,Nørgaard,Groin injury - Unknown return date,,0,0,0,0,0,0,0,0,0,0,0,0,0,,,,0.0,0.0,0.0,0.0,0.0,0,0,0
209,a,,,5.9,93,59,0,0,-1,1,0.1,401,148,4,1,1.0,364,169,0,10,1.0,259,116,0.2,0.7,0,2642,55,8313,59,1.0,1.0,0.05,0.04,0.09,2.45,0.04,0.03,0.07,2.04,11.8,257,106,23.2,151,89,9.0,202,101,4.4,240,104,,,,4,,Brennan,Johnson,Johnson,,,108,0,0,0,1,0,0,0,1,0,0,2,13,,,,0.0,0.0,0.83,1.67,10.83,2,6,5
226,a,,,5.5,124,2,0,0,0,0,8.7,48,7,12,1,3.0,137,13,0,65,3.0,100,9,0.5,2.2,0,192284,2496,180290,1197,3.0,3.0,0.0,0.02,0.02,5.02,0.0,0.01,0.01,1.62,72.6,48,8,0.0,616,68,0.0,605,68,7.3,176,9,,,,4,,Jordan,Pickford,Pickford,,,279,0,0,1,3,0,0,0,0,0,9,4,0,,,,2.9,0.32,0.97,1.29,0.0,0,4,36
227,a,,,5.0,277,10,0,0,0,0,0.0,523,58,0,0,0.0,573,70,0,0,0.0,573,70,0.0,0.0,0,1013,31,1415,15,0.0,0.0,0.0,0.0,0.0,0.0,0.0,0.0,0.0,0.0,0.0,553,70,0.0,555,61,0.0,530,61,0.0,560,70,,,,4,,Mark,Travers,Travers,,,0,0,0,0,0,0,0,0,0,0,0,0,0,,,,0.0,0.0,0.0,0.0,0.0,0,0,0
228,a,,,4.5,439,31,0,0,0,0,0.0,504,56,0,0,0.0,467,54,0,0,0.0,467,54,0.0,0.0,0,834,10,1276,5,0.0,0.0,0.0,0.0,0.0,0.0,0.0,0.0,0.0,0.0,0.0,433,54,0.0,430,37,0.0,379,34,0.0,439,54,,,,4,,Tom,King,King,,,0,0,0,0,0,0,0,0,0,0,0,0,0,,,,0.0,0.0,0.0,0.0,0.0,0,0,0
229,a,,,6.0,60,5,0,0,0,0,11.6,35,13,22,1,5.5,44,17,2,66,5.5,28,9,0.9,3.7,0,423090,5147,215880,1495,5.5,5.5,0.17,0.02,0.19,5.02,0.05,0.01,0.06,1.62,94.4,21,5,13.1,203,68,29.0,99,24,13.6,74,18,,,,4,,James,Tarkowski,Tarkowski,,,279,1,0,1,3,0,0,0,0,0,0,4,32,,,,0.0,0.32,0.97,1.29,10.32,5,27,10
230,a,,,5.5,161,21,0,0,0,0,1.9,127,52,14,1,3.5,101,41,0,46,3.5,74,31,0.6,2.5,0,71333,1257,51601,329,3.5,3.5,0.17,0.02,0.19,5.02,0.05,0.01,0.06,1.62,82.8,35,12,2.9,262,90,73.0,23,2,15.8,54,10,,,,4,,Jarrad,Branthwaite,Branthwaite,,,279,0,0,1,3,0,0,0,0,0,0,4,32,,,,0.0,0.32,0.97,1.29,10.32,4,28,9
231,a,,,4.9,364,66,0,0,-1,1,0.9,202,77,0,0,0.0,539,199,0,0,0.0,539,199,0.0,0.0,0,6868,46,74961,371,0.0,0.0,0.0,0.0,0.0,0.0,0.0,0.0,0.0,0.0,0.0,510,196,0.0,510,196,0.0,469,190,0.0,516,194,,,,4,,Michael,Keane,Keane,,,0,0,0,0,0,0,0,0,0,0,0,0,0,,,,0.0,0.0,0.0,0.0,0.0,0,0,0
232,a,,,4.9,404,76,0,0,-1,1,0.3,294,107,0,0,0.0,556,201,0,0,0.0,556,201,0.0,0.0,0,3024,26,20792,94,0.0,0.0,0.0,0.0,0.0,0.0,0.0,0.0,0.0,0.0,0.0,531,199,0.0,532,199,0.0,494,194,0.0,539,198,,,,4,,Jake,O'Brien,O'Brien,,,0,0,0,0,0,0,0,0,0,0,0,0,0,,,,0.0,0.0,0.0,0.0,0.0,0,0,0
233,a,,,4.5,465,104,0,0,0,0,2.1,125,51,12,1,3.0,120,51,0,47,3.0,92,36,0.7,2.7,0,134732,2146,72612,281,3.0,3.0,0.0,0.07,0.07,5.02,0.0,0.02,0.02,1.62,62.4,68,33,17.3,178,56,2.0,268,101,8.2,157,62,,,,4,,Vitalii,Mykolenko,Mykolenko,,,279,0,0,1,3,0,0,0,0,0,0,4,24,,,,0.0,0.32,0.97,1.29,7.74,5,19,15
234,u,0.0,0.0,4.5,476,111,0,0,0,0,0.0,572,195,0,0,0.0,480,183,0,0,0.0,480,183,0.0,0.0,0,371,0,2014,22,0.0,0.0,0.0,0.0,0.0,0.0,0.0,0.0,0.0,0.0,0.0,447,177,0.0,445,177,0.0,395,165,0.0,453,175,,,,4,,Nathan,Patterson,Patterson,Has joined Torino permanently,,0,0,0,0,0,0,0,0,0,0,0,0,0,,,,0.0,0.0,0.0,0.0,0.0,0,0,0
235,u,0.0,0.0,4.0,629,190,0,0,0,0,0.1,404,150,0,0,0.0,431,153,0,0,0.0,431,153,0.0,0.0,0,1728,0,9033,86,0.0,0.0,0.0,0.0,0.0,0.0,0.0,0.0,0.0,0.0,0.0,396,146,0.0,391,146,0.0,333,128,0.0,402,144,,,,4,,Adam,Aznou,Aznou,Has joined Malaga on loan for the rest of the season,,0,0,0,0,0,0,0,0,0,0,0,0,0,,,,0.0,0.0,0.0,0.0,0.0,0,0,0
236,a,,,6.5,35,23,0,0,0,0,4.7,74,24,16,1,4.0,86,35,3,87,4.0,60,28,0.6,2.5,0,338127,3479,221722,1918,4.0,4.0,0.45,0.4,0.85,4.98,0.15,0.13,0.28,1.61,86.2,32,15,110.6,6,6,69.0,30,17,26.6,13,10,2.0,,,4,,Kiernan,Dewsbury-Hall,Dewsbury-Hall,,,279,1,0,1,3,0,0,0,0,0,0,4,30,,,,0.0,0.32,0.97,1.29,9.68,9,4,17
238,a,100.0,100.0,6.5,34,22,0,0,0,0,0.4,274,91,2,0,1.0,375,177,0,10,0.5,345,157,0.1,0.3,0,27164,433,14431,185,0.5,0.5,0.02,0.13,0.15,0.31,0.06,0.37,0.43,0.87,7.0,286,123,12.9,206,113,10.0,196,96,3.0,265,116,,,,4,,Jack,Grealish,Grealish,,,32,0,0,0,1,0,0,0,0,0,0,0,2,,,,0.0,0.0,2.81,0.0,5.62,2,0,0
239,a,100.0,100.0,6.0,68,47,0,0,0,0,0.1,387,141,5,1,1.2,269,120,0,37,1.2,233,104,0.2,0.8,0,7306,106,8732,56,1.2,1.2,0.0,0.11,0.11,1.53,0.0,0.06,0.06,0.88,17.8,230,93,44.0,76,54,2.0,288,139,6.5,200,91,1.0,1.0,2.0,4,,James,Garner,Garner,,,157,0,0,0,2,0,0,0,1,0,0,3,20,,,,0.0,0.0,1.15,1.72,11.46,5,2,13
242,a,,,5.5,174,108,0,0,0,0,0.6,234,77,16,1,4.0,82,34,3,63,4.0,55,24,0.7,2.9,0,55467,1362,20888,181,4.0,4.0,0.27,0.16,0.43,3.15,0.1,0.06,0.16,1.17,57.2,90,31,70.0,35,30,66.0,36,21,19.3,31,24,,,,4,,Tyrique,George,George,,,243,1,0,1,3,0,0,0,0,0,0,4,14,,,,0.0,0.37,1.11,1.48,5.19,1,5,8
243,a,,,4.9,402,241,0,0,-1,1,0.1,454,179,1,0,0.5,392,184,0,5,0.2,369,165,0.0,0.2,0,2186,24,4444,42,0.2,0.2,0.05,0.02,0.07,0.04,0.9,0.36,1.26,0.72,5.0,306,135,0.8,312,155,25.0,110,56,2.7,273,118,,,,4,,Carlos,Alcaraz Durán,Alcaraz,,,5,0,0,0,0,0,0,0,1,0,0,0,3,,,,0.0,0.0,0.0,0.0,54.0,1,0,2
244,a,,,5.0,348,210,0,0,0,0,0.4,264,88,12,1,3.0,134,53,0,44,3.0,98,43,0.6,2.4,0,47353,243,20790,294,3.0,3.0,0.09,0.1,0.19,5.02,0.03,0.03,0.06,1.64,45.2,132,49,33.7,116,73,13.0,170,83,9.3,139,68,,,,4,,Harrison,Armstrong,Armstrong,,,275,0,1,1,3,0,0,0,1,0,0,4,30,,,,0.0,0.33,0.98,1.31,9.82,6,9,15
245,a,,,5.4,222,140,0,0,-1,1,0.0,546,224,0,0,0.0,620,266,0,0,0.0,620,266,0.0,0.0,0,770,3,2137,13,0.0,0.0,0.0,0.0,0.0,0.0,0.0,0.0,0.0,0.0,0.0,606,259,0.0,611,263,0.0,597,254,0.0,612,261,,,,4,,Tyler,Dibling,Dibling,,,0,0,0,0,0,0,0,0,0,0,0,0,0,,,,0.0,0.0,0.0,0.0,0.0,0,0,0
246,a,,,5.0,324,191,0,0,0,0,0.0,500,200,6,0,2.0,211,88,0,35,1.5,211,94,0.3,1.2,0,1693,23,2884,40,1.5,1.5,0.0,0.2,0.2,4.52,0.0,0.07,0.07,1.63,26.6,198,78,32.1,119,74,2.0,274,129,6.1,208,95,,,,4,,Merlin,Röhl,Röhl,,,249,0,0,1,2,0,0,0,1,0,0,3,24,,,,0.0,0.36,0.72,1.08,8.67,5,6,13
247,a,100.0,100.0,5.5,143,86,0,0,0,0,0.2,335,119,8,0,2.7,153,62,0,33,2.0,163,73,0.4,1.5,0,2869,44,8938,60,2.0,2.0,0.05,0.11,0.16,3.49,0.04,0.08,0.12,2.6,37.0,159,59,39.1,95,64,17.0,138,70,9.3,140,69,3.0,,,4,,Hayden,Hackney,Hackney,,,121,0,1,1,1,0,0,0,0,0,0,1,11,,,,0.0,0.74,0.74,0.74,8.18,3,3,5
248,u,0.0,0.0,5.4,220,50,0,0,-1,1,0.9,196,31,2,0,1.0,345,39,0,5,0.5,330,39,0.1,0.4,0,16222,0,188496,1490,0.0,0.0,0.09,0.0,0.09,1.92,0.26,0.0,0.26,5.57,3.0,332,36,0.3,341,42,5.0,234,37,0.8,332,37,,,,4,,Norberto Bercique,Gomes Betuncal,Beto,Has joined Fiorentina permanently,,31,0,0,0,0,0,0,0,0,0,0,0,1,,,,0.0,0.0,0.0,0.0,2.9,0,1,0
249,a,,,5.6,121,30,0,0,1,-1,6.3,64,9,13,1,3.2,117,13,2,53,3.2,87,8,0.6,2.3,0,625252,5308,235868,2022,3.2,3.2,2.31,0.11,2.42,3.1,0.85,0.04,0.89,1.13,48.2,121,8,45.7,74,5,123.0,4,3,21.7,22,5,,,1.0,4,,Thierno,Barry,Barry,,,246,1,0,1,3,0,0,0,0,0,0,4,10,,,,0.0,0.37,1.1,1.46,3.66,1,2,7
649,a,,,4.5,442,86,0,0,0,0,0.3,300,111,8,1,4.0,76,30,0,16,4.0,51,22,0.9,1.8,0,19498,534,3886,56,4.0,4.0,0.03,0.0,0.03,0.5,0.12,0.0,0.12,2.05,33.4,174,77,0.8,311,118,7.0,208,71,4.1,241,92,,,,4,,Ainsley,Maitland-Niles,Maitland-Niles,,,22,1,0,0,1,0,0,0,0,0,0,1,0,,,,0.0,0.0,4.09,4.09,0.0,0,0,1
654,a,,,4.5,551,286,0,0,0,0,0.1,408,153,0,0,0.0,527,209,0,0,0.0,527,209,0.0,0.0,0,9662,201,2149,88,0.0,0.0,0.0,0.0,0.0,0.0,0.0,0.0,0.0,0.0,0.0,498,191,0.0,497,199,0.0,456,168,0.0,504,195,,,,4,,Braiden,Graham,Graham,,,0,0,0,0,0,0,0,0,0,0,0,0,0,,,,0.0,0.0,0.0,0.0,0.0,0,0,0
250,a,,,4.5,428,25,0,0,0,0,2.9,103,17,14,8,3.5,95,6,1,59,3.5,68,5,0.8,3.1,0,74893,1369,74066,436,3.5,3.5,0.0,0.0,0.0,7.36,0.0,0.0,0.0,1.84,67.6,60,10,0.0,423,31,0.0,370,28,6.8,186,10,,,,4,,Bernd,Leno,Leno,,,360,0,0,1,7,0,0,0,0,0,11,4,0,,,,2.75,0.25,1.75,1.0,0.0,0,4,33
251,a,,,4.0,587,55,0,0,0,0,1.2,176,26,0,0,0.0,404,30,0,0,0.0,404,30,0.0,0.0,0,19194,101,19260,111,0.0,0.0,0.0,0.0,0.0,0.0,0.0,0.0,0.0,0.0,0.0,369,29,0.0,362,10,0.0,302,7,0.0,374,29,,,,4,,Benjamin,Lecomte,Lecomte,,,0,0,0,0,0,0,0,0,0,0,0,0,0,,,,0.0,0.0,0.0,0.0,0.0,0,0,0
252,u,0.0,0.0,4.0,632,70,0,0,0,0,0.1,389,46,0,0,0.0,434,45,0,0,0.0,434,45,0.0,0.0,0,2589,0,5128,40,0.0,0.0,0.0,0.0,0.0,0.0,0.0,0.0,0.0,0.0,0.0,399,44,0.0,394,25,0.0,336,22,0.0,405,44,,,,4,,Alfie,McNally,McNally,Has joined York City on loan for the rest of the season,,0,0,0,0,0,0,0,0,0,0,0,0,0,,,,0.0,0.0,0.0,0.0,0.0,0,0,0
253,a,100.0,100.0,5.0,256,39,0,0,0,0,0.1,385,144,2,0,1.0,320,124,0,12,0.5,320,120,0.1,0.4,0,10122,79,6105,72,0.5,0.5,0.0,0.1,0.1,3.99,0.0,0.05,0.05,2.0,42.2,140,63,35.8,106,30,8.0,204,69,8.6,151,59,,,,4,,Joachim,Andersen,Andersen,,,180,0,0,0,4,0,0,0,1,0,0,2,15,,,,0.0,0.0,2.0,1.0,7.5,2,13,9
254,a,,,4.5,445,89,0,0,0,0,1.4,156,64,10,6,2.5,160,60,0,46,2.5,120,43,0.6,2.2,0,31340,424,53060,364,2.5,2.5,0.26,0.21,0.47,7.33,0.07,0.06,0.13,1.95,46.0,129,59,54.6,50,8,12.0,174,59,11.2,103,34,,,2.0,4,,Antonee,Robinson,Robinson,,,339,0,0,1,7,0,0,0,0,0,0,4,23,,,,0.0,0.27,1.86,1.06,6.11,10,13,16
255,a,,,4.5,480,115,0,0,0,0,0.0,544,188,3,0,3.0,121,52,0,7,0.8,272,101,0.2,0.7,0,1395,4,1571,10,0.8,0.8,0.0,0.03,0.03,2.24,0.0,0.03,0.03,2.24,32.8,179,79,21.3,162,52,0.0,398,168,5.4,218,82,,,,4,,Jorge,Cuenca Barreno,J.Cuenca,,,90,0,0,0,3,0,0,0,0,0,0,1,10,,,,0.0,0.0,3.0,1.0,10.0,1,9,3
256,a,,,4.4,564,148,0,0,-1,1,0.2,334,125,0,0,0.0,457,176,0,-1,0.0,457,176,0.0,0.0,0,1020,15,7438,66,0.0,0.0,0.0,0.0,0.0,0.61,0.0,0.0,0.0,2.03,0.0,422,169,0.0,417,169,0.0,362,154,0.0,428,167,,,,4,,Kenny,Tete,Tete,,,27,0,0,0,0,0,0,0,1,0,0,0,3,,,,0.0,0.0,0.0,0.0,10.0,0,3,0
257,a,,,4.5,471,108,0,0,0,0,0.7,225,86,9,6,2.2,183,72,0,43,2.2,137,52,0.5,2.0,0,17561,205,24369,136,2.2,2.2,0.08,0.07,0.15,7.36,0.02,0.02,0.04,1.84,47.0,125,58,12.8,207,70,2.0,269,102,6.2,205,79,,,,4,,Calvin,Bassey,Bassey,,,360,0,0,1,7,0,0,0,1,0,0,4,21,,,,0.0,0.25,1.75,1.0,5.25,4,17,15
258,a,,,4.5,444,88,0,0,0,0,0.8,209,82,19,6,4.8,54,21,0,61,4.8,34,13,1.1,4.2,0,63199,686,31339,224,4.8,4.8,0.67,0.38,1.05,5.04,0.19,0.11,0.3,1.43,58.6,83,42,52.6,56,10,53.0,55,8,16.4,49,8,,,,4,,Timothy,Castagne,Castagne,,,318,0,2,2,6,0,0,0,1,0,0,4,20,,,,0.0,0.57,1.7,1.13,5.66,6,14,14
261,a,,,5.4,187,116,0,0,-1,1,0.7,221,70,9,3,2.2,189,77,0,67,2.2,147,63,0.4,1.7,0,15979,134,43229,447,2.2,2.2,0.21,0.81,1.02,6.85,0.06,0.22,0.28,1.82,32.0,183,69,70.5,34,29,13.0,171,84,11.6,97,54,1.0,1.0,3.0,4,,Alex,Iwobi,Iwobi,,,338,0,0,1,7,0,0,0,0,0,0,4,22,,,,0.0,0.27,1.86,1.07,5.86,4,4,14
262,a,,,5.4,195,122,0,0,-1,1,0.3,307,107,3,1,1.0,337,151,0,11,0.8,282,129,0.1,0.6,0,3636,20,16369,201,0.8,0.8,0.06,0.02,0.08,0.92,0.14,0.05,0.19,2.18,5.4,300,131,23.3,150,88,9.0,201,100,3.8,249,107,,,,4,,Emile,Smith Rowe,Smith Rowe,,,38,0,0,0,0,0,0,0,0,0,0,0,3,,,,0.0,0.0,0.0,0.0,7.11,0,1,2
263,a,,,5.4,230,146,0,0,-1,1,0.0,507,204,3,1,1.0,348,158,0,8,0.8,290,134,0.1,0.6,0,1214,6,3308,42,0.8,0.8,0.03,0.12,0.15,0.76,0.06,0.26,0.32,1.63,5.2,304,134,3.4,255,135,0.0,602,258,0.8,333,152,4.0,,,4,,Kevin,Santos Lopes de Macedo,Kevin,,,42,0,0,0,0,0,0,0,0,0,0,0,6,,,,0.0,0.0,0.0,0.0,12.86,3,0,3
264,a,,,5.5,160,97,0,0,0,0,0.3,298,102,10,3,2.5,169,69,0,46,2.5,131,57,0.5,1.8,0,11403,142,15431,201,2.5,2.5,0.32,1.15,1.47,4.96,0.11,0.38,0.49,1.64,28.0,195,75,85.0,22,19,65.0,38,23,17.8,35,26,2.0,,,4,,Oscar,Bobb,Bobb,,,273,0,0,2,6,0,0,0,0,0,0,4,22,,,,0.0,0.66,1.98,1.32,7.25,6,4,12
265,a,,,4.9,372,222,0,0,-1,1,0.3,293,100,8,3,2.0,202,82,0,51,2.0,159,70,0.4,1.6,0,4170,82,13696,136,2.0,2.0,0.03,0.34,0.37,6.03,0.01,0.11,0.12,1.99,22.8,208,84,53.9,51,42,9.0,197,97,8.6,150,71,,,,4,,Sander,Berge,Berge,,,273,0,0,1,5,0,0,0,0,0,0,3,17,,,,0.0,0.33,1.65,0.99,5.6,4,5,8
266,i,0.0,0.0,5.0,239,150,0,0,0,0,0.0,637,277,0,0,0.0,562,233,0,0,0.0,562,233,0.0,0.0,0,86,0,251,1,0.0,0.0,0.0,0.0,0.0,0.0,0.0,0.0,0.0,0.0,0.0,539,220,0.0,540,228,0.0,507,204,0.0,547,225,,,,4,,Tom,Cairney,Cairney,Knee injury - Expected back 10 Oct,,0,0,0,0,0,0,0,0,0,0,0,0,0,,,,0.0,0.0,0.0,0.0,0.0,0,0,0
268,a,,,5.5,178,111,0,0,0,0,1.2,166,53,22,3,5.5,42,21,3,99,5.5,24,13,1.0,4.0,0,142668,3254,52727,609,5.5,5.5,1.15,0.43,1.58,6.85,0.3,0.11,0.41,1.78,96.8,16,9,46.1,71,53,96.0,14,8,23.9,17,13,,,,4,,Josh,King,King,,,346,2,0,1,7,0,0,0,0,0,0,4,23,,,,0.0,0.26,1.82,1.04,5.98,7,4,12
269,a,,,4.4,565,149,0,0,-1,1,0.3,290,104,3,0,1.0,280,104,0,13,0.8,268,98,0.2,0.7,0,2249,34,12545,137,0.8,0.8,0.13,0.44,0.57,1.8,0.23,0.79,1.02,3.24,17.2,233,97,26.3,139,44,31.0,94,21,7.5,168,67,3.0,,,4,,Ryan,Sessegnon,Sessegnon,,,50,0,0,0,1,0,0,0,0,0,0,0,3,,,,0.0,0.0,1.8,0.0,5.4,1,2,3
270,a,,,4.5,441,260,0,0,0,0,1.1,177,57,0,0,0.0,468,188,0,0,0.0,468,188,0.0,0.0,0,17374,97,50231,651,0.0,0.0,0.0,0.0,0.0,0.0,0.0,0.0,0.0,0.0,0.0,434,170,0.0,431,178,0.0,380,147,0.0,440,174,,,,4,,Harrison,Reed,Reed,,,0,0,0,0,0,0,0,0,0,0,0,0,0,,,,0.0,0.0,0.0,0.0,0.0,0,0,0
271,a,,,5.4,204,46,0,0,-1,1,0.4,262,45,3,1,1.0,339,37,0,15,0.8,286,33,0.1,0.6,0,10989,144,26345,231,0.8,0.8,0.4,0.0,0.4,0.54,1.29,0.0,1.29,1.74,9.2,273,24,21.6,161,17,34.0,88,21,6.5,197,21,,,,4,,Rodrigo,Muniz Carvalho,Muniz,,,28,0,0,0,0,0,0,0,0,0,0,0,2,,,,0.0,0.0,0.0,0.0,6.43,0,2,0
272,a,,,4.5,553,77,0,0,0,0,6.1,65,10,0,0,0.0,529,59,0,0,0.0,529,59,0.0,0.0,0,120311,1026,199014,2053,0.0,0.0,0.0,0.0,0.0,0.0,0.0,0.0,0.0,0.0,0.0,500,51,0.0,499,56,0.0,458,53,0.0,506,55,,,,4,,Jonah,Kusi-Asare,Kusi-Asare,,,0,0,0,0,0,0,0,0,0,0,0,0,0,,,,0.0,0.0,0.0,0.0,0.0,0,0,0
569,a,,,6.0,78,18,0,0,0,0,3.9,85,11,12,2,3.0,144,18,0,50,3.0,106,13,0.5,2.0,0,320631,1193,208674,3457,3.0,3.0,1.64,0.25,1.89,6.85,0.43,0.07,0.5,1.78,48.6,119,7,21.1,164,18,103.0,10,6,17.3,38,6,,,1.0,4,,Gonzalo,García,Gonzalo,,,346,1,0,1,7,0,0,0,0,0,0,4,16,,,,0.0,0.26,1.82,1.04,4.16,2,6,8
570,a,,,5.5,176,110,0,0,0,0,0.2,353,128,11,0,3.7,91,39,1,43,2.8,115,52,0.5,2.0,0,3397,26,7411,139,2.8,2.8,0.98,0.03,1.01,4.97,0.43,0.01,0.44,2.16,39.6,149,55,22.3,155,91,62.0,42,27,12.4,84,52,,,,4,,César,Palacios,Palacios,,,207,1,0,0,6,0,0,0,1,0,0,3,13,,,,0.0,0.0,2.61,1.3,5.65,2,3,8
580,a,,,5.0,295,177,0,0,0,0,0.1,466,184,9,5,2.2,188,76,0,45,2.2,145,62,0.4,1.8,0,1013,25,3002,19,2.2,2.2,0.09,0.14,0.23,4.9,0.04,0.06,0.1,2.07,16.4,237,96,39.3,93,63,14.0,159,78,7.0,182,85,,,,4,,Shea,Charles,Charles,,,213,0,0,1,4,0,0,0,0,0,0,2,33,,,,0.0,0.42,1.69,0.85,13.94,2,11,20
610,u,0.0,0.0,4.0,638,198,0,0,0,0,0.1,439,158,0,0,0.0,439,160,0,0,0.0,439,160,0.0,0.0,0,5787,0,3644,66,0.0,0.0,0.0,0.0,0.0,0.0,0.0,0.0,0.0,0.0,0.0,404,153,0.0,399,153,0.0,341,135,0.0,410,151,,,,4,,Luc,De Fougerolles,De Fougerolles,has joined  Real Salt Lake on loan for the rest of the seaon.,,0,0,0,0,0,0,0,0,0,0,0,0,0,,,,0.0,0.0,0.0,0.0,0.0,0,0,0
626,a,,,4.5,547,284,0,0,0,0,0.3,287,97,0,0,0.0,525,208,0,0,0.0,525,208,0.0,0.0,0,33274,103,11605,248,0.0,0.0,0.0,0.0,0.0,0.0,0.0,0.0,0.0,0.0,0.0,496,190,0.0,495,198,0.0,453,167,0.0,502,194,,,,4,,Macaulay,Zepa,Zepa,,,0,0,0,0,0,0,0,0,0,0,0,0,0,,,,0.0,0.0,0.0,0.0,0.0,0,0,0
635,a,,,5.0,340,205,0,0,0,0,0.0,628,270,2,1,1.0,329,145,0,6,1.0,251,109,0.2,0.4,0,562,8,111,3,1.0,1.0,0.13,0.23,0.36,0.51,0.49,0.86,1.35,1.91,3.6,321,145,1.3,300,150,9.0,200,99,1.4,311,139,,,,4,,Hugo,Larsson,Larsson,,,24,0,0,0,0,0,0,0,0,0,0,0,2,,,,0.0,0.0,0.0,0.0,7.5,1,0,1
636,a,,,5.0,320,189,0,0,0,0,0.0,640,280,0,0,0.0,593,249,0,0,0.0,593,249,0.0,0.0,0,257,4,71,3,0.0,0.0,0.0,0.0,0.0,0.0,0.0,0.0,0.0,0.0,0.0,574,239,0.0,581,245,0.0,559,228,0.0,581,242,,,,4,,Manuel Ángel,Morán Ibáñez,Ángel,,,0,0,0,0,0,0,0,0,0,0,0,0,0,,,,0.0,0.0,0.0,0.0,0.0,0,0,0
650,a,,,4.5,486,120,0,0,0,0,0.0,626,209,8,8,8.0,5,1,0,25,4.0,54,25,0.9,1.8,0,562,84,132,3,4.0,4.0,0.0,0.0,0.0,1.13,0.0,0.0,0.0,1.13,0.0,452,181,0.0,450,181,0.0,402,171,0.0,458,179,,,,4,,David,Affengruber,Affengruber,,,90,0,0,1,0,0,0,0,0,0,0,1,12,,,,0.0,1.0,0.0,1.0,12.0,1,11,3
240,a,100.0,100.0,5.0,309,183,0,0,0,0,0.0,582,242,1,0,0.5,393,185,0,3,0.2,378,172,0.0,0.2,0,684,20,753,12,0.2,0.2,0.0,0.0,0.0,0.34,0.0,0.0,0.0,1.22,0.0,567,235,0.0,573,241,0.0,551,224,0.0,574,238,,,,4,,Tim,Iroegbunam,Iroegbunam,,,25,0,0,0,0,0,0,0,1,0,0,0,2,,,,0.0,0.0,0.0,0.0,7.2,1,1,0
273,a,,,4.0,596,60,0,0,0,0,1.4,151,22,0,0,0.0,411,35,0,0,0.0,411,35,0.0,0.0,0,21175,146,28359,212,0.0,0.0,0.0,0.0,0.0,0.0,0.0,0.0,0.0,0.0,0.0,376,34,0.0,370,15,0.0,310,12,0.0,381,34,,,,4,,Dillon,Phillips,Phillips,,,0,0,0,0,0,0,0,0,0,0,0,0,0,,,,0.0,0.0,0.0,0.0,0.0,0,0,0
274,i,0.0,0.0,4.5,434,27,0,0,0,0,0.1,458,51,0,0,0.0,464,51,0,0,0.0,464,51,0.0,0.0,0,463,3,4071,27,0.0,0.0,0.0,0.0,0.0,0.0,0.0,0.0,0.0,0.0,0.0,429,50,0.0,426,33,0.0,374,30,0.0,435,50,,,,4,,Jack,Butland,Butland,Arm injury - Unknown return date,,0,0,0,0,0,0,0,0,0,0,0,0,0,,,,0.0,0.0,0.0,0.0,0.0,0,0,0
275,u,0.0,0.0,4.0,627,69,0,0,0,0,0.0,616,71,0,0,0.0,430,44,0,0,0.0,430,44,0.0,0.0,0,0,0,264,3,0.0,0.0,0.0,0.0,0.0,0.0,0.0,0.0,0.0,0.0,0.0,395,43,0.0,390,24,0.0,332,21,0.0,401,43,,,,4,,Harvey,Cartwright,Cartwright,Has joined Grimsby Town on loan for the rest of the season,,0,0,0,0,0,0,0,0,0,0,0,0,0,,,,0.0,0.0,0.0,0.0,0.0,0,0,0
276,u,0.0,0.0,4.0,616,66,0,0,0,0,0.0,555,63,0,0,0.0,423,41,0,0,0.0,423,41,0.0,0.0,0,0,0,865,6,0.0,0.0,0.0,0.0,0.0,0.0,0.0,0.0,0.0,0.0,0.0,388,40,0.0,383,21,0.0,325,18,0.0,394,40,,,,4,,Thimothée,Lo-Tutala,Lo-Tutala,Has joined Colchester United on loan for the rest of the season,,0,0,0,0,0,0,0,0,0,0,0,0,0,,,,0.0,0.0,0.0,0.0,0.0,0,0,0
277,a,,,4.1,578,160,0,0,1,-1,6.4,63,26,25,2,6.2,28,10,1,69,6.2,13,2,1.5,6.1,0,605709,3331,143550,1126,6.2,6.2,0.04,0.0,0.04,5.94,0.01,0.0,0.01,1.48,82.6,36,13,0.6,319,121,2.0,264,97,8.6,149,58,,,,4,,John,Egan,Egan,,,360,0,0,3,2,0,0,0,1,0,0,4,54,,,,0.0,0.75,0.5,1.0,13.5,7,47,11
278,i,0.0,0.0,4.0,631,192,0,0,0,0,0.1,456,162,0,0,0.0,433,155,0,0,0.0,433,155,0.0,0.0,0,414,3,5364,34,0.0,0.0,0.0,0.0,0.0,0.0,0.0,0.0,0.0,0.0,0.0,398,148,0.0,393,148,0.0,335,130,0.0,404,146,,,,4,,Charlie,Hughes,Hughes,Groin injury - Unknown return date,,0,0,0,0,0,0,0,0,0,0,0,0,0,,,,0.0,0.0,0.0,0.0,0.0,0,0,0
279,a,100.0,100.0,4.2,577,159,0,0,2,-2,12.7,32,11,26,1,6.5,23,8,2,74,6.5,10,1,1.5,6.2,0,1075022,13703,165436,2051,6.5,6.5,0.65,0.0,0.65,4.97,0.18,0.0,0.18,1.34,70.8,55,24,1.7,286,102,35.0,85,18,10.7,112,39,,,,4,,Semi,Ajayi,Ajayi,,,333,1,0,3,2,0,0,0,1,0,0,4,23,,,,0.0,0.81,0.54,1.08,6.22,4,19,11
280,a,100.0,100.0,4.0,602,171,0,0,0,0,0.6,239,88,13,1,3.2,112,47,0,47,3.2,78,32,0.8,3.2,0,14092,449,19490,95,3.2,3.2,0.13,0.03,0.16,4.75,0.05,0.01,0.06,1.66,11.8,256,106,16.2,184,58,0.0,315,118,2.8,269,102,,,,4,,Lewie,Coyle,Coyle,,,258,0,0,2,2,0,0,0,1,0,0,4,10,,,,0.0,0.7,0.7,1.4,3.49,2,8,8
281,u,0.0,0.0,4.0,613,179,0,0,0,0,0.0,496,175,2,0,1.0,276,100,0,8,0.5,299,105,0.1,0.5,0,2118,0,3631,42,0.0,0.0,0.05,0.0,0.05,0.87,0.07,0.0,0.07,1.2,6.4,291,116,0.4,333,125,1.0,291,109,0.8,329,121,,,,4,,Cody,Drameh,Drameh,Has joined Genoa permanently,,65,0,0,0,0,0,0,0,0,0,0,0,6,,,,0.0,0.0,0.0,0.0,8.31,1,5,4
282,a,,,4.0,610,178,0,0,0,0,1.8,135,56,24,4,6.0,32,12,2,95,6.0,18,4,1.5,6.0,0,123892,8276,29726,270,6.0,6.0,0.02,0.36,0.38,5.87,0.01,0.09,0.1,1.49,38.2,153,70,60.2,41,5,6.0,221,75,10.5,119,45,3.0,1.0,,4,,Ryan,Giles,Giles,,,354,0,1,3,2,0,0,0,0,0,0,4,19,,,,0.0,0.76,0.51,1.02,4.83,4,15,12
283,u,0.0,0.0,4.0,617,181,0,0,0,0,0.0,608,206,0,0,0.0,424,149,0,0,0.0,424,149,0.0,0.0,0,114,0,569,6,0.0,0.0,0.0,0.0,0.0,0.0,0.0,0.0,0.0,0.0,0.0,389,142,0.0,384,142,0.0,326,124,0.0,395,140,,,,4,,Matty,Jacob,Jacob,Has joined Newport County on loan until January,,0,0,0,0,0,0,0,0,0,0,0,0,0,,,,0.0,0.0,0.0,0.0,0.0,0,0,0
284,a,,,4.0,656,215,0,0,0,0,0.1,434,156,0,0,0.0,454,174,0,0,0.0,454,174,0.0,0.0,0,3211,43,3256,45,0.0,0.0,0.0,0.0,0.0,0.0,0.0,0.0,0.0,0.0,0.0,419,167,0.0,414,167,0.0,359,152,0.0,425,165,,,,4,,Cathal,McCarthy,McCarthy,,,0,0,0,0,0,0,0,0,0,0,0,0,0,,,,0.0,0.0,0.0,0.0,0.0,0,0,0
285,a,100.0,100.0,4.0,594,165,0,0,0,0,0.1,400,149,1,0,1.0,272,96,0,3,0.2,349,125,0.0,0.2,0,2246,18,3434,42,0.2,0.2,0.0,0.0,0.0,0.96,0.0,0.0,0.0,3.32,4.2,312,120,0.0,369,134,0.0,309,114,0.4,341,125,,,,4,,Paddy,McNair,McNair,,,26,0,0,0,0,0,0,0,0,0,0,0,2,,,,0.0,0.0,0.0,0.0,6.92,0,2,1
286,a,,,5.0,336,201,0,0,0,0,1.3,163,51,27,13,6.8,19,11,2,89,6.8,7,5,1.4,5.4,0,96730,29712,26499,371,6.8,6.8,0.44,0.12,0.56,5.13,0.13,0.03,0.16,1.48,56.6,92,33,26.7,138,82,28.0,101,55,11.1,107,56,2.0,2.0,,4,,Mohamed,Belloumi,Belloumi,,,312,2,1,3,1,0,0,0,0,0,0,4,33,,,,0.0,0.87,0.29,1.15,9.52,10,14,9
287,u,0.0,0.0,5.0,280,171,0,0,0,0,0.0,505,203,6,0,3.0,130,50,0,26,1.5,207,91,0.3,1.2,0,3178,0,6288,76,0.0,0.0,0.58,0.0,0.58,0.87,1.04,0.0,1.04,1.57,36.0,163,60,1.1,305,153,15.0,151,75,5.2,222,100,,,,4,,Liam,Millar,Millar,Has joined Birmingham on loan for the rest of the season,,50,1,0,0,0,0,0,0,1,0,0,0,4,,,,0.0,0.0,0.0,0.0,7.2,1,2,1
288,a,,,4.5,446,261,0,0,0,0,0.3,288,98,0,0,0.0,469,189,0,0,0.0,469,189,0.0,0.0,0,10254,50,15364,255,0.0,0.0,0.0,0.0,0.0,0.0,0.0,0.0,0.0,0.0,0.0,435,171,0.0,432,179,0.0,381,148,0.0,441,175,,,,4,,Kieran,Dowell,Dowell,,,0,0,0,0,0,0,0,0,0,0,0,0,0,,,,0.0,0.0,0.0,0.0,0.0,0,0,0
289,a,100.0,100.0,4.5,433,258,0,0,0,0,0.5,251,83,3,1,1.5,248,106,0,11,0.8,270,120,0.2,0.7,0,15464,181,30156,233,0.8,0.8,0.0,0.0,0.0,2.37,0.0,0.0,0.0,1.35,19.0,224,90,2.4,270,140,0.0,373,145,2.1,285,127,,,,4,,Matt,Crooks,Crooks,,,158,0,0,1,2,0,0,0,2,0,0,2,19,,,,0.0,0.57,1.14,1.14,10.82,6,9,4
290,a,,,4.5,474,264,0,0,0,0,5.5,69,22,13,2,3.2,113,45,0,58,3.2,79,34,0.7,2.9,0,423150,2903,179825,2398,3.2,3.2,0.08,0.56,0.64,5.94,0.02,0.14,0.16,1.48,38.8,152,56,34.4,113,71,10.0,191,93,8.4,154,73,1.0,,,4,,Regan,Slater,Slater,,,360,0,1,3,2,0,0,0,1,0,0,4,29,,,,0.0,0.75,0.5,1.0,7.25,9,8,12
291,i,0.0,0.0,4.5,492,266,0,0,0,0,0.0,623,267,0,0,0.0,486,192,0,0,0.0,486,192,0.0,0.0,0,287,3,352,4,0.0,0.0,0.0,0.0,0.0,0.0,0.0,0.0,0.0,0.0,0.0,454,174,0.0,453,182,0.0,405,151,0.0,460,178,,,,4,,Eliot,Matazo,Matazo,Knee injury - Unknown return date,,0,0,0,0,0,0,0,0,0,0,0,0,0,,,,0.0,0.0,0.0,0.0,0.0,0,0,0
292,a,,,4.9,373,223,0,0,-1,1,0.0,579,239,0,0,0.0,544,219,0,0,0.0,544,219,0.0,0.0,0,847,17,1188,19,0.0,0.0,0.0,0.0,0.0,0.0,0.0,0.0,0.0,0.0,0.0,518,203,0.0,516,210,0.0,477,180,0.0,524,207,,,,4,,Abdülkadir,Ömür,Ömür,,,0,0,0,0,0,0,0,0,0,0,0,0,0,,,,0.0,0.0,0.0,0.0,0.0,0,0,0
293,u,0.0,0.0,5.0,310,184,0,0,0,0,0.0,646,284,0,0,0.0,587,246,0,0,0.0,587,246,0.0,0.0,0,0,0,342,2,0.0,0.0,0.0,0.0,0.0,0.0,0.0,0.0,0.0,0.0,0.0,568,236,0.0,574,242,0.0,552,225,0.0,575,239,,,,4,,Abu,Kamara,Kamara,Has joined Portsmouth permanently,,0,0,0,0,0,0,0,0,0,0,0,0,0,,,,0.0,0.0,0.0,0.0,0.0,0,0,0
294,a,100.0,100.0,4.5,522,273,0,0,0,0,0.1,431,166,0,0,0.0,507,199,0,0,0.0,507,199,0.0,0.0,0,2576,61,5225,47,0.0,0.0,0.0,0.0,0.0,0.0,0.0,0.0,0.0,0.0,0.0,475,181,0.0,475,189,0.0,432,158,0.0,481,185,,,,4,,Óscar,Zambrano,Zambrano,,,0,0,0,0,0,0,0,0,0,0,0,0,0,,,,0.0,0.0,0.0,0.0,0.0,0,0,0
295,a,,,5.5,127,33,0,0,0,0,1.9,129,18,12,4,3.0,138,15,0,47,3.0,101,10,0.5,2.2,0,147232,1744,107776,1104,3.0,3.0,1.01,0.12,1.13,5.74,0.26,0.03,0.29,1.47,20.6,220,16,45.7,73,4,75.0,21,8,14.1,65,8,,,1.0,4,,Oli,McBurnie,McBurnie,,,351,0,2,3,2,0,0,0,2,0,0,4,14,,,,0.0,0.77,0.51,1.03,3.59,3,5,6
296,u,0.0,0.0,5.0,266,166,0,0,0,0,0.0,520,209,0,0,0.0,569,237,0,0,0.0,569,237,0.0,0.0,0,2704,0,3521,121,0.0,0.0,0.0,0.0,0.0,0.0,0.0,0.0,0.0,0.0,0.0,549,226,0.0,551,232,0.0,524,212,0.0,555,229,,,,4,,David,Akintola,Akintola,Has joined Omonoia FC permanently,,0,0,0,0,0,0,0,0,0,0,0,0,0,,,,0.0,0.0,0.0,0.0,0.0,0,0,0
297,i,0.0,0.0,4.5,493,267,0,0,0,0,0.0,571,236,0,0,0.0,487,193,0,0,0.0,487,193,0.0,0.0,0,329,1,1263,12,0.0,0.0,0.0,0.0,0.0,0.0,0.0,0.0,0.0,0.0,0.0,455,175,0.0,454,183,0.0,406,152,0.0,461,179,,,,4,,Darko,Gyabi,Gyabi,Thigh injury - Unknown return date,,0,0,0,0,0,0,0,0,0,0,0,0,0,,,,0.0,0.0,0.0,0.0,0.0,0,0,0
298,u,0.0,0.0,4.5,508,68,0,0,0,0,0.2,330,53,0,0,0.0,495,51,0,0,0.0,495,51,0.0,0.0,0,0,0,18317,125,0.0,0.0,0.0,0.0,0.0,0.0,0.0,0.0,0.0,0.0,0.0,463,42,0.0,463,48,0.0,420,44,0.0,469,46,,,,4,,Enis,Destan,Destan,Has joined Konyaspor permanently,,0,0,0,0,0,0,0,0,0,0,0,0,0,,,,0.0,0.0,0.0,0.0,0.0,0,0,0
299,u,0.0,0.0,4.5,516,69,0,0,0,0,0.0,519,72,0,0,0.0,502,52,0,0,0.0,502,52,0.0,0.0,0,0,0,2509,24,0.0,0.0,0.0,0.0,0.0,0.0,0.0,0.0,0.0,0.0,0.0,470,43,0.0,470,49,0.0,427,45,0.0,476,47,,,,4,,Mason,Burstow,Burstow,Has joined Sheffield Wednesday on loan for the rest of the season,,0,0,0,0,0,0,0,0,0,0,0,0,0,,,,0.0,0.0,0.0,0.0,0.0,0,0,0
340,a,100.0,100.0,5.0,294,176,0,0,0,0,0.0,600,253,0,0,0.0,581,242,0,0,0.0,581,242,0.0,0.0,0,346,17,691,17,0.0,0.0,0.0,0.0,0.0,0.0,0.0,0.0,0.0,0.0,0.0,561,231,0.0,565,237,0.0,542,219,0.0,568,234,,,,4,,Joe,Gelhardt,Gelhardt,,,0,0,0,0,0,0,0,0,0,0,0,0,0,,,,0.0,0.0,0.0,0.0,0.0,0,0,0
556,a,,,4.0,597,167,0,0,0,0,1.9,130,53,1,0,1.0,274,98,0,3,0.2,351,127,0.0,0.2,0,21326,276,58495,696,0.2,0.2,0.0,0.0,0.0,0.07,0.0,0.0,0.0,1.26,0.4,355,130,0.0,371,135,0.0,311,115,0.0,382,133,,,,4,,Matt,Targett,Targett,,,5,0,0,0,0,0,0,0,0,0,0,0,0,,,,0.0,0.0,0.0,0.0,0.0,0,0,1
563,i,0.0,0.0,5.0,289,173,0,0,0,0,0.0,564,234,1,0,1.0,323,141,0,6,0.2,377,171,0.0,0.2,0,681,1,1190,35,0.0,0.0,0.0,0.0,0.0,1.09,0.0,0.0,0.0,2.18,11.0,265,110,13.4,200,110,0.0,538,217,2.4,281,123,,,,4,,Hidemasa,Morita,Morita,Calf injury - Expected back 11 Oct,,45,0,0,0,0,0,0,0,0,0,0,1,3,,,,0.0,0.0,0.0,2.0,6.0,0,2,1
572,a,,,4.6,423,22,0,0,1,-1,10.1,43,6,28,2,7.0,15,1,6,117,7.0,5,1,1.5,6.1,0,718356,9746,142282,1246,7.0,7.0,0.0,0.0,0.0,5.94,0.0,0.0,0.0,1.48,72.4,49,9,0.0,506,51,0.0,465,50,7.3,175,8,,,,4,,Konstantinos,Tzolakis,Tzolakis,,,360,0,0,3,2,0,0,0,0,0,14,4,0,,,,3.5,0.75,0.5,1.0,0.0,0,3,58
574,a,,,4.9,410,247,0,0,-1,1,0.1,481,191,1,0,1.0,311,132,0,4,0.2,370,166,0.0,0.2,0,1079,7,3337,43,0.2,0.2,0.0,0.0,0.0,0.0,0.0,0.0,0.0,0.0,0.0,535,216,0.0,536,224,0.0,498,195,0.0,543,221,,,,4,,Jens,Hjertø-Dahl,Hjertø-Dahl,,,8,0,0,0,0,0,0,0,0,0,0,0,1,,,,0.0,0.0,0.0,0.0,11.25,0,0,1
576,a,,,5.0,347,209,0,0,0,0,0.1,443,173,7,1,1.8,234,101,0,17,1.8,193,84,0.4,1.4,0,2856,35,3354,40,1.8,1.8,0.06,0.05,0.11,4.32,0.02,0.02,0.04,1.56,8.4,277,117,20.9,165,94,11.0,185,90,3.6,251,109,,,,4,,Elliot,Stroud,Stroud,,,249,0,0,2,1,0,0,0,1,0,0,4,20,,,,0.0,0.72,0.36,1.45,7.23,5,3,12
585,a,,,4.0,650,209,0,0,0,0,0.6,240,89,4,1,1.0,279,103,0,8,1.0,239,88,0.2,1.0,0,8494,153,13388,95,1.0,1.0,0.0,0.01,0.01,1.91,0.0,0.01,0.01,1.61,17.6,231,96,0.3,336,128,0.0,353,146,1.8,298,110,,,,4,,Lucas,Herrington,Herrington,,,107,0,0,0,1,0,0,0,0,0,0,0,8,,,,0.0,0.0,0.84,0.0,6.73,1,7,1
586,a,100.0,100.0,4.1,579,161,0,0,1,-1,8.1,51,20,25,1,6.2,29,11,1,67,6.2,14,3,1.5,6.1,0,669110,6240,160439,1753,6.2,6.2,0.32,0.0,0.32,4.02,0.12,0.0,0.12,1.45,95.6,19,4,1.2,302,112,54.0,52,7,15.1,57,12,,,,4,,Nobel,Mendy,Mendy,,,249,1,0,2,1,0,0,0,0,0,0,4,39,,,,0.0,0.72,0.36,1.45,14.1,7,32,6
589,a,,,5.0,300,179,0,0,0,0,0.0,553,229,3,0,1.5,253,109,0,13,0.8,279,126,0.2,0.6,0,527,7,953,10,0.8,0.8,0.0,0.02,0.02,2.13,0.0,0.01,0.01,1.52,26.2,200,79,22.5,152,90,0.0,545,221,4.9,229,102,,,,4,,Lucas,Gourna-Douath,Gourna-Douath,,,126,0,0,1,0,0,0,0,1,0,0,1,16,,,,0.0,0.71,0.0,0.71,11.43,4,5,7
617,a,,,5.0,312,186,0,0,0,0,0.0,602,254,3,1,1.0,325,142,0,11,1.0,250,108,0.2,0.6,0,1051,16,391,8,1.0,1.0,0.45,0.16,0.61,0.81,0.9,0.32,1.22,1.62,3.4,323,146,0.3,340,168,17.0,136,69,2.1,289,128,,,,4,,Mohamed-Ali,Cho,Cho,,,45,0,0,0,1,0,0,0,0,0,0,0,2,,,,0.0,0.0,2.0,0.0,4.0,0,1,1
632,i,0.0,0.0,5.0,353,62,0,0,0,0,0.0,516,71,0,0,0.0,606,68,0,0,0.0,606,68,0.0,0.0,0,4901,5,1883,121,0.0,0.0,0.0,0.0,0.0,0.0,0.0,0.0,0.0,0.0,0.0,587,60,0.0,594,65,0.0,576,62,0.0,594,64,,,,4,,Ilyas,Ansah,Ansah,Back injury - Unknown return date,,0,0,0,0,0,0,0,0,0,0,0,0,0,,,,0.0,0.0,0.0,0.0,0.0,0,0,0
637,a,,,5.0,355,64,0,0,0,0,0.0,498,69,1,1,1.0,333,36,0,3,0.5,325,38,0.1,0.2,0,5137,218,1148,45,0.5,0.5,0.0,0.0,0.0,0.2,0.0,0.0,0.0,2.25,0.0,589,62,0.0,596,67,0.0,578,64,0.0,596,66,,,,4,,Robinio,Vaz,Vaz,,,8,0,0,0,0,0,0,0,0,0,0,0,1,,,,0.0,0.0,0.0,0.0,11.25,0,0,1
638,a,,,4.0,628,189,0,0,0,0,0.2,319,117,1,0,0.5,390,137,0,2,0.5,300,106,0.1,0.2,0,20939,337,4384,135,0.5,0.5,0.03,0.0,0.03,0.32,0.08,0.0,0.08,0.85,2.2,338,126,0.3,335,127,2.0,263,96,0.5,338,124,,,,4,,Brooke,Norton-Cuffy,Norton-Cuffy,,,34,0,0,0,0,0,0,0,1,0,0,0,1,,,,0.0,0.0,0.0,0.0,2.65,0,1,4
642,a,,,5.5,142,85,0,0,0,0,0.0,585,244,2,1,1.0,353,161,0,10,1.0,254,112,0.2,0.4,0,1381,52,355,20,1.0,1.0,0.02,0.07,0.09,0.75,0.03,0.11,0.14,1.18,3.2,328,148,10.8,220,117,0.0,615,263,1.4,312,140,,,,4,,Sorba,Thomas,Thomas,,,57,0,0,0,1,0,0,0,0,0,0,0,5,,,,0.0,0.0,1.58,0.0,7.89,0,0,5
645,a,,,5.0,356,213,0,0,0,0,0.0,629,271,0,0,0.0,608,258,0,0,0.0,608,258,0.0,0.0,0,487,7,116,2,0.0,0.0,0.0,0.0,0.0,0.0,0.0,0.0,0.0,0.0,0.0,590,248,0.0,597,254,0.0,579,241,0.0,597,251,,,,4,,Christos,Mouzakitis,Mouzakitis,,,0,0,0,0,0,0,0,0,0,0,0,0,0,,,,0.0,0.0,0.0,0.0,0.0,0,0,0
259,a,,,4.0,607,175,0,0,0,0,14.3,27,8,8,1,2.0,194,75,0,32,2.0,155,58,0.5,2.0,0,110168,805,343215,3539,2.0,2.0,0.0,0.15,0.15,6.74,0.0,0.04,0.04,1.68,75.2,41,15,11.9,213,74,2.0,262,95,8.9,145,57,,,,4,,Issa,Diop,Diop,,,360,0,0,0,10,0,0,0,0,0,0,4,35,,,,0.0,0.0,2.5,1.0,8.75,4,31,17
267,a,,,5.0,265,165,0,0,0,0,0.1,410,155,9,1,2.2,186,74,0,54,2.2,142,60,0.4,1.8,0,2770,11,4638,70,2.2,2.2,0.02,0.16,0.18,5.61,0.01,0.04,0.05,1.54,51.2,113,41,40.9,88,60,4.0,243,116,9.6,131,65,1.0,,,4,,Saša,Lukić,Lukić,,,328,0,1,0,9,0,0,0,2,0,0,4,31,,,,0.0,0.0,2.47,1.1,8.51,6,15,10
300,a,,,4.4,561,47,0,0,-1,1,0.4,271,36,0,0,0.0,455,47,0,0,0.0,455,47,0.0,0.0,0,964,42,11876,69,0.0,0.0,0.0,0.0,0.0,0.0,0.0,0.0,0.0,0.0,0.0,420,46,0.0,415,27,0.0,360,24,0.0,426,46,,,,4,,Christian,Walton,Walton,,,0,0,0,0,0,0,0,0,0,0,0,0,0,,,,0.0,0.0,0.0,0.0,0.0,0,0,0
301,a,,,4.0,590,57,0,0,0,0,4.1,81,13,0,0,0.0,407,32,0,0,0.0,407,32,0.0,0.0,0,61688,275,81673,574,0.0,0.0,0.0,0.0,0.0,0.0,0.0,0.0,0.0,0.0,0.0,372,31,0.0,365,12,0.0,305,9,0.0,377,31,,,,4,,Alex,Palmer,Palmer,,,0,0,0,0,0,0,0,0,0,0,0,0,0,,,,0.0,0.0,0.0,0.0,0.0,0,0,0
302,a,,,4.0,583,52,0,0,0,0,0.6,241,33,0,0,0.0,400,27,0,0,0.0,400,27,0.0,0.0,0,27145,86,11564,52,0.0,0.0,0.0,0.0,0.0,0.0,0.0,0.0,0.0,0.0,0.0,365,26,0.0,358,7,0.0,298,4,0.0,370,26,,,,4,,David,Button,Button,,,0,0,0,0,0,0,0,0,0,0,0,0,0,,,,0.0,0.0,0.0,0.0,0.0,0,0,0
303,a,,,4.0,601,170,0,0,0,0,0.5,252,94,0,0,0.0,413,143,0,0,0.0,413,143,0.0,0.0,0,1574,21,14608,107,0.0,0.0,0.0,0.0,0.0,0.0,0.0,0.0,0.0,0.0,0.0,378,136,0.0,373,136,0.0,314,117,0.0,384,134,,,,4,,Cédric,Kipré,Kipré,,,0,0,0,0,0,0,0,0,0,0,0,0,0,,,,0.0,0.0,0.0,0.0,0.0,0,0,0
304,a,,,4.0,606,174,0,0,0,0,3.0,101,39,8,1,2.0,193,74,0,12,2.0,154,57,0.5,2.0,0,56233,236,92349,621,2.0,2.0,0.07,0.26,0.33,6.74,0.02,0.06,0.08,1.68,71.8,53,22,29.7,129,38,15.0,146,46,11.6,96,28,,,,4,,Dara,O'Shea,O'Shea,,,360,0,0,0,10,0,0,0,0,0,0,4,39,,,,0.0,0.0,2.5,1.0,9.75,7,32,13
305,a,,,4.0,620,184,0,0,0,0,5.2,71,29,23,14,5.8,40,16,1,50,5.8,22,5,1.4,5.8,0,126204,10378,122225,452,5.8,5.8,1.17,0.44,1.61,6.74,0.29,0.11,0.4,1.68,79.6,39,14,38.5,97,25,69.0,28,3,18.8,32,3,,2.0,,4,,Leif,Davis,Davis,,,360,2,2,0,10,0,0,0,0,0,0,4,19,,,,0.0,0.0,2.5,1.0,4.75,2,17,8
306,a,,,4.0,618,182,0,0,0,0,1.2,171,67,3,1,0.8,379,130,0,12,0.8,267,97,0.2,0.8,0,6362,52,27213,167,0.8,0.8,0.0,0.06,0.06,6.74,0.0,0.02,0.02,1.7,49.8,115,55,14.9,189,60,4.0,237,85,6.9,185,71,,,,4,,Jacob,Greaves,Greaves,,,357,0,0,0,10,1,0,0,1,0,0,4,30,,,,0.0,0.0,2.52,1.01,7.56,5,25,12
307,u,0.0,0.0,4.0,609,177,0,0,0,0,0.1,459,163,0,0,0.0,418,147,0,0,0.0,418,147,0.0,0.0,0,1137,0,4843,73,0.0,0.0,0.0,0.0,0.0,0.0,0.0,0.0,0.0,0.0,0.0,383,140,0.0,378,140,0.0,320,122,0.0,389,138,,,,4,,Ben,Johnson,Johnson,Has joined Stoke City on loan for the rest of the season,,0,0,0,0,0,0,0,0,0,0,0,0,0,,,,0.0,0.0,0.0,0.0,0.0,0,0,0
308,a,,,4.0,600,169,0,0,0,0,0.5,253,95,1,0,1.0,275,99,0,-1,0.2,352,128,0.0,0.2,0,1330,18,12772,92,0.2,0.2,0.0,0.0,0.0,0.86,0.0,0.0,0.0,4.55,5.0,305,119,0.5,327,124,0.0,313,116,0.6,336,123,,,,4,,Darnell,Furlong,Furlong,,,17,0,0,0,1,0,0,0,0,0,0,0,3,,,,0.0,0.0,5.29,0.0,15.88,1,2,0
309,a,,,5.0,321,190,0,0,0,0,0.1,396,146,6,0,3.0,133,52,0,32,1.5,210,93,0.3,1.2,0,2695,15,5340,100,1.5,1.5,0.03,0.05,0.08,3.48,0.02,0.03,0.05,2.24,24.6,203,81,19.4,173,99,6.0,227,112,5.0,226,101,3.0,1.0,,4,,Marcelino,Núñez,Núñez,,,140,0,0,0,4,0,0,0,0,0,0,2,21,,,,0.0,0.0,2.57,1.29,13.5,3,8,10
310,a,100.0,100.0,4.9,383,229,0,0,-1,1,0.0,641,281,0,0,0.0,547,222,0,0,0.0,547,222,0.0,0.0,0,61,1,229,4,0.0,0.0,0.0,0.0,0.0,0.0,0.0,0.0,0.0,0.0,0.0,522,207,0.0,521,214,0.0,482,184,0.0,528,211,,,,4,,Azor,Matusiwa,Matusiwa,,,0,0,0,0,0,0,0,0,0,0,0,0,0,,,,0.0,0.0,0.0,0.0,0.0,0,0,0
311,u,0.0,0.0,5.0,248,153,0,0,0,0,0.0,643,282,0,0,0.0,564,234,0,0,0.0,564,234,0.0,0.0,0,0,0,318,0,0.0,0.0,0.0,0.0,0.0,0.0,0.0,0.0,0.0,0.0,0.0,543,222,0.0,544,229,0.0,514,206,0.0,550,226,,,,4,,Wes,Burns,Burns,Has joined Leicester City permanently,,0,0,0,0,0,0,0,0,0,0,0,0,0,,,,0.0,0.0,0.0,0.0,0.0,0,0,0
312,i,0.0,0.0,4.5,469,263,0,0,0,0,0.0,538,220,0,0,0.0,477,191,0,0,0.0,477,191,0.0,0.0,0,480,3,2052,20,0.0,0.0,0.0,0.0,0.0,0.0,0.0,0.0,0.0,0.0,0.0,444,173,0.0,441,181,0.0,391,150,0.0,450,177,,,,4,,Jack,Taylor,Taylor,Knee injury - Unknown return date,,0,0,0,0,0,0,0,0,0,0,0,0,0,,,,0.0,0.0,0.0,0.0,0.0,0,0,0
313,a,,,5.4,210,133,0,0,-1,1,0.2,333,118,9,1,3.0,136,55,1,38,2.2,149,65,0.4,1.7,0,4855,18,12053,162,2.2,2.2,0.3,0.04,0.34,0.29,0.26,0.03,0.29,0.25,37.0,158,58,12.3,211,114,22.0,118,61,7.1,181,84,4.0,3.0,1.0,4,,Jack,Clarke,Clarke,,,105,1,0,0,1,0,0,0,1,0,0,1,6,,,,0.0,0.0,0.86,0.86,5.14,2,1,3
314,u,0.0,0.0,4.9,380,226,0,0,-1,1,0.0,611,260,0,0,0.0,545,220,0,0,0.0,545,220,0.0,0.0,0,104,0,997,10,0.0,0.0,0.0,0.0,0.0,0.0,0.0,0.0,0.0,0.0,0.0,520,205,0.0,519,212,0.0,480,182,0.0,526,209,,,,4,,Chiedozie,Ogbene,Ogbene,Has joined Lincoln City on loan until January,,0,0,0,0,0,0,0,0,0,0,0,0,0,,,,0.0,0.0,0.0,0.0,0.0,0,0,0
315,a,,,5.5,168,103,0,0,0,0,0.2,337,121,9,1,2.2,191,79,0,65,2.2,151,67,0.4,1.6,0,4698,32,8287,110,2.2,2.2,0.03,0.83,0.86,6.11,0.01,0.26,0.27,1.92,55.4,100,36,103.6,11,11,14.0,162,79,17.3,37,28,2.0,,,4,,Abdul,Fatawu,Fatawu,,,286,0,1,0,9,0,0,0,2,0,0,4,24,,,,0.0,0.0,2.83,1.26,7.55,9,6,9
316,a,100.0,100.0,5.5,171,40,0,0,0,0,1.7,137,19,24,12,6.0,38,4,6,101,6.0,19,3,1.1,4.4,0,130165,6527,92912,505,6.0,6.0,1.48,0.11,1.59,2.22,0.56,0.04,0.6,0.84,49.8,116,6,37.4,102,9,50.0,60,15,13.7,73,10,,,2.0,4,,Emersonn,Correia da Silva,Emersonn,,,237,2,1,0,5,0,0,0,0,0,0,4,9,,,,0.0,0.0,1.9,1.52,3.42,2,3,4
317,u,0.0,0.0,5.0,274,53,0,0,0,0,0.1,429,63,0,0,0.0,572,61,0,0,0.0,572,61,0.0,0.0,0,0,0,15293,61,0.0,0.0,0.0,0.0,0.0,0.0,0.0,0.0,0.0,0.0,0.0,552,53,0.0,554,58,0.0,527,55,0.0,558,57,,,,4,,George,Hirst,Hirst,Has joined Stoke City permanently,,0,0,0,0,0,0,0,0,0,0,0,0,0,,,,0.0,0.0,0.0,0.0,0.0,0,0,0
318,a,100.0,100.0,5.4,218,137,0,0,-1,1,0.1,457,181,1,1,1.0,343,154,0,6,0.2,383,176,0.0,0.2,0,190,5,8734,15,0.2,0.2,0.02,0.0,0.01,0.41,0.06,0.0,0.06,1.32,0.0,604,257,0.0,610,262,0.0,595,252,0.0,610,259,5.0,,3.0,4,,Jaden,Philogene,Philogene,,,28,0,0,0,1,0,0,0,0,0,0,0,3,,,,0.0,0.0,3.21,0.0,9.64,0,0,3
319,u,0.0,0.0,5.0,254,158,0,0,0,0,0.0,636,276,0,0,0.0,567,236,0,0,0.0,567,236,0.0,0.0,0,0,0,688,1,0.0,0.0,0.0,0.0,0.0,0.0,0.0,0.0,0.0,0.0,0.0,546,224,0.0,547,231,0.0,519,210,0.0,553,228,,,,4,,Sam,Szmodics,Szmodics,Has joined Derby County on loan for the rest of the season,,0,0,0,0,0,0,0,0,0,0,0,0,0,,,,0.0,0.0,0.0,0.0,0.0,0,0,0
320,a,,,5.0,247,51,0,0,0,0,1.2,168,25,6,0,3.0,127,14,0,33,1.5,205,20,0.3,1.2,0,104752,1002,43667,843,1.5,1.5,0.97,0.0,0.97,4.04,1.27,0.0,1.27,5.27,34.6,168,11,1.7,289,36,19.0,125,25,5.5,217,23,,,,4,,Chuba,Akpom,Akpom,,,69,1,0,0,4,0,0,0,0,0,0,0,3,,,,0.0,0.0,5.22,0.0,3.91,1,0,2
321,a,,,4.5,525,71,0,0,0,0,3.5,91,13,1,0,1.0,295,34,0,3,0.2,359,45,0.0,0.2,0,252614,2116,136530,1429,0.2,0.2,0.0,0.0,0.0,0.03,0.0,0.0,0.0,0.27,0.0,478,45,0.1,349,44,0.0,435,47,0.0,484,49,,,,4,,Sindre,Walle Egeli,Walle Egeli,,,10,0,0,0,0,0,0,0,0,0,0,0,0,,,,0.0,0.0,0.0,0.0,0.0,0,0,0
322,u,0.0,0.0,5.0,293,56,0,0,0,0,0.1,476,66,0,0,0.0,580,63,0,0,0.0,580,63,0.0,0.0,0,755,0,8604,47,0.0,0.0,0.0,0.0,0.0,0.0,0.0,0.0,0.0,0.0,0.0,560,55,0.0,564,60,0.0,541,57,0.0,567,59,,,,4,,Ali,Al-Hamadi,Al-Hamadi,Has joined Sheffield Wednesday on loan for the rest of the season,,0,0,0,0,0,0,0,0,0,0,0,0,0,,,,0.0,0.0,0.0,0.0,0.0,0,0,0
323,a,,,4.5,490,265,0,0,0,0,1.2,172,55,3,0,1.0,291,123,0,12,0.8,273,121,0.2,0.7,0,24480,119,42407,585,0.8,0.8,0.05,0.0,0.05,0.21,0.11,0.0,0.11,0.45,4.6,308,137,1.8,284,145,7.0,209,104,1.4,309,138,,,,4,,Kasey,McAteer,McAteer,,,42,0,0,0,0,0,0,0,0,0,0,0,5,,,,0.0,0.0,0.0,0.0,10.71,1,0,4
324,a,,,4.9,381,227,0,0,-1,1,0.0,524,212,0,0,0.0,546,221,0,0,0.0,546,221,0.0,0.0,0,250,4,2008,19,0.0,0.0,0.0,0.0,0.0,0.0,0.0,0.0,0.0,0.0,0.0,521,206,0.0,520,213,0.0,481,183,0.0,527,210,,,,4,,Anis,Mehmeti,Mehmeti,,,0,0,0,0,0,0,0,0,0,0,0,0,0,,,,0.0,0.0,0.0,0.0,0.0,0,0,0
554,u,0.0,0.0,4.5,517,45,0,0,0,0,0.0,566,66,0,0,0.0,503,63,0,0,0.0,503,63,0.0,0.0,0,54,0,1644,7,0.0,0.0,0.0,0.0,0.0,0.0,0.0,0.0,0.0,0.0,0.0,471,63,0.0,471,49,0.0,428,48,0.0,477,63,,,,4,,Kayne,van Oevelen,Van Oevelen,Has joined Valencia on loan for the rest of the season,,0,0,0,0,0,0,0,0,0,0,0,0,0,,,,0.0,0.0,0.0,0.0,0.0,0,0,0
562,a,,,5.4,209,132,0,0,-1,1,0.3,306,106,7,1,1.8,235,102,0,27,1.8,194,85,0.3,1.3,0,2515,11,14637,238,1.8,1.8,0.71,0.01,0.72,5.57,0.26,0.0,0.26,2.06,28.8,191,73,2.9,261,137,43.0,69,41,7.4,174,80,,,,4,,Daizen,Maeda,Maeda,,,243,0,0,0,8,0,0,0,0,0,0,3,19,,,,0.0,0.0,2.96,1.11,7.04,7,8,4
564,a,,,4.5,472,36,0,0,0,0,0.6,236,32,7,1,1.8,231,18,0,40,1.8,184,15,0.4,1.6,0,11772,108,16428,89,1.8,1.8,0.0,0.01,0.01,6.74,0.0,0.0,0.0,1.68,88.6,29,5,0.0,443,42,0.0,393,39,8.8,147,5,,,,4,,Kjell,Scherpen,Scherpen,,,360,0,0,0,10,0,0,0,0,0,15,4,0,,,,3.75,0.0,2.5,1.0,0.0,0,8,39
571,a,100.0,100.0,4.9,378,225,0,0,-1,1,0.1,437,169,1,1,1.0,303,127,0,8,0.2,364,161,0.0,0.2,0,768,4,5817,26,0.2,0.2,0.0,0.01,0.01,0.27,0.0,0.07,0.07,1.87,0.0,519,204,0.0,518,211,0.0,479,181,0.0,525,208,,,,4,,Florentino Ibrain,Morris Luís,Florentino,,,13,0,0,0,0,0,0,0,0,0,0,0,2,,,,0.0,0.0,0.0,0.0,13.85,1,1,0
591,a,100.0,100.0,5.5,158,95,0,0,0,0,0.9,199,62,13,2,3.2,116,47,0,72,3.2,86,37,0.6,2.4,0,82458,359,31576,755,3.2,3.2,0.92,0.81,1.73,6.71,0.24,0.21,0.45,1.78,53.6,104,38,48.9,64,48,62.0,41,26,16.5,47,34,,,,4,,Julio,Enciso,Enciso,,,340,0,2,0,10,0,0,0,1,0,0,4,26,,,,0.0,0.0,2.65,1.06,6.88,2,5,19
592,a,,,4.0,644,204,0,0,0,0,0.9,194,74,4,1,1.0,278,102,0,12,1.0,238,87,0.2,1.0,0,10325,109,18839,181,1.0,1.0,0.0,0.02,0.02,0.89,0.0,0.04,0.04,1.95,9.4,272,112,24.6,146,47,0.0,347,141,3.4,253,96,,,,4,,Abdoul,Ouattara,Ouattara,,,41,0,0,0,1,0,0,0,0,0,0,0,3,,,,0.0,0.0,2.2,0.0,6.59,1,2,4
602,u,0.0,0.0,4.5,515,272,0,0,0,0,0.0,547,225,0,0,0.0,501,198,0,0,0.0,501,198,0.0,0.0,0,2861,0,2550,45,0.0,0.0,0.0,0.0,0.0,0.0,0.0,0.0,0.0,0.0,0.0,469,180,0.0,469,188,0.0,426,157,0.0,475,184,,,,4,,Cameron,Humphreys,Humphreys,Has joined Huddersfield Town on loan for the rest of the season,,0,0,0,0,0,0,0,0,0,0,0,0,0,,,,0.0,0.0,0.0,0.0,0.0,0,0,0
619,a,,,5.0,268,167,0,0,0,0,0.0,539,221,9,4,3.0,128,49,0,49,3.0,95,41,0.6,1.8,0,3783,51,1301,40,3.0,3.0,0.0,0.07,0.07,3.23,0.0,0.03,0.03,1.49,27.4,196,76,34.5,112,70,2.0,272,128,6.4,203,92,,,,4,,Exequiel,Palacios,Palacios,,,195,0,0,0,6,0,0,0,0,0,0,2,38,,,,0.0,0.0,2.77,0.92,17.54,8,10,20
640,a,,,5.5,145,37,0,0,0,0,0.0,510,70,6,5,3.0,139,16,0,36,3.0,103,11,0.5,1.1,0,4434,149,971,49,3.0,3.0,0.54,0.01,0.55,0.47,0.95,0.02,0.97,0.83,3.2,329,34,0.5,331,41,7.0,218,35,1.1,318,36,,,,4,,Zian,Flemming,Flemming,,,51,1,0,0,1,0,0,0,0,0,0,0,2,,,,0.0,0.0,1.76,0.0,3.53,0,1,1
260,a,,,6.3,50,34,0,0,-2,2,2.8,106,33,4,0,1.3,267,119,0,15,1.0,262,117,0.2,0.6,0,25603,89,340959,2804,1.0,1.0,0.01,0.06,0.07,2.98,0.01,0.04,0.05,2.11,16.0,239,98,47.7,66,50,12.0,181,89,7.7,164,75,2.0,2.0,,4,,Harry,Wilson,Wilson,,,127,0,0,1,0,0,0,0,1,0,0,1,9,,,,0.0,0.71,0.0,0.71,6.38,3,2,4
326,u,0.0,0.0,4.5,455,33,0,0,0,0,0.4,283,38,0,0,0.0,471,56,0,0,0.0,471,56,0.0,0.0,0,532,0,21922,181,0.0,0.0,0.0,0.0,0.0,0.0,0.0,0.0,0.0,0.0,0.0,438,56,0.0,435,39,0.0,384,36,0.0,444,56,,,,4,,Lucas Estella,Perri,Perri,Has joined Torino on loan for the rest of the season,,0,0,0,0,0,0,0,0,0,0,0,0,0,,,,0.0,0.0,0.0,0.0,0.0,0,0,0
327,a,,,5.0,287,48,0,0,0,0,0.8,207,80,12,0,4.0,79,33,2,29,3.0,96,38,0.6,2.4,0,64641,143,40905,355,3.0,3.0,0.11,0.0,0.11,3.16,0.06,0.0,0.06,1.73,38.2,154,71,0.6,323,123,15.0,152,51,5.4,219,83,,,,4,,Jaka,Bijol,Bijol,,,164,0,0,1,2,0,0,0,0,0,0,2,21,,,,0.0,0.55,1.1,1.1,11.52,3,18,7
329,i,0.0,0.0,4.4,566,150,0,0,-1,1,1.2,174,68,7,0,3.5,94,37,0,25,1.8,179,67,0.4,1.6,0,26843,5,254252,1207,0.0,0.0,0.03,0.06,0.09,1.01,0.02,0.04,0.06,0.74,23.0,207,88,14.7,190,61,7.0,207,70,4.5,238,91,,,,4,,Joe,Rodon,Rodon,Hamstring injury - Expected back 21 Nov,,123,0,0,1,0,0,0,0,0,0,0,2,11,,,,0.0,0.73,0.0,1.46,8.05,1,10,2
330,a,,,4.5,466,105,0,0,0,0,2.1,124,50,22,0,7.3,9,2,3,63,5.5,23,6,1.2,4.9,0,135947,2977,32998,420,5.5,5.5,0.9,0.03,0.93,1.64,0.37,0.01,0.38,0.68,61.0,72,35,14.1,193,63,37.0,81,16,11.2,104,35,,,,4,,Jayden,Bogle,Bogle,,,217,1,0,2,1,0,0,0,1,0,0,3,12,,,,0.0,0.83,0.41,1.24,4.98,3,9,8
331,a,100.0,100.0,4.5,475,110,0,0,0,0,0.1,488,174,2,0,2.0,199,79,0,9,0.5,307,111,0.1,0.4,0,1893,35,1923,13,0.5,0.5,0.0,0.0,0.0,2.19,0.0,0.0,0.0,2.19,12.6,253,104,1.2,303,113,2.0,270,103,1.6,304,113,,,,4,,Gabriel,Gudmundsson,Gudmundsson,,,90,0,0,0,1,0,0,0,0,0,0,1,5,,,,0.0,0.0,1.0,1.0,5.0,3,2,9
332,a,,,4.5,461,101,0,0,0,0,1.5,149,62,16,0,5.3,45,18,2,49,4.0,53,24,0.9,3.6,0,107257,339,53215,270,4.0,4.0,0.17,0.02,0.19,4.52,0.06,0.01,0.07,1.51,66.0,62,29,15.6,187,59,32.0,91,20,11.3,99,30,,,,4,,James,Justin,Justin,,,270,0,0,1,2,0,0,0,0,0,0,3,30,,,,0.0,0.33,0.67,1.0,10.0,11,19,11
333,u,0.0,0.0,4.5,484,118,0,0,0,0,0.0,644,214,0,0,0.0,484,186,0,0,0.0,484,186,0.0,0.0,0,0,0,273,1,0.0,0.0,0.0,0.0,0.0,0.0,0.0,0.0,0.0,0.0,0.0,451,180,0.0,449,180,0.0,401,170,0.0,457,178,,,,4,,Sebastiaan,Bornauw,Bornauw,Has joined Hamburg SV on loan for the rest of the season,,0,0,0,0,0,0,0,0,0,0,0,0,0,,,,0.0,0.0,0.0,0.0,0.0,0,0,0
334,a,,,5.0,330,59,0,0,0,0,3.9,86,33,14,0,4.7,59,23,0,52,3.5,72,30,0.7,2.8,0,198138,942,123391,449,3.5,3.5,0.09,0.02,0.11,4.52,0.03,0.01,0.04,1.51,96.4,18,3,2.2,275,97,21.0,121,36,11.9,90,23,,,,4,,Tarik,Muharemović,Muharemović,,,270,0,0,1,2,0,0,0,0,0,0,3,39,,,,0.0,0.33,0.67,1.0,13.0,3,36,6
335,a,,,6.0,74,50,0,0,0,0,2.7,107,34,19,0,6.3,27,15,3,57,4.8,38,18,0.8,3.2,0,173678,437,113935,1613,4.8,4.8,0.49,0.16,0.65,4.52,0.16,0.05,0.21,1.51,87.8,30,14,35.8,107,68,39.0,76,45,16.3,52,37,1.0,1.0,,4,,Anton,Stach,Stach,,,270,1,0,1,2,0,0,0,0,0,0,3,38,,,,0.0,0.33,0.67,1.0,12.67,9,18,11
336,a,,,5.9,94,60,0,0,-1,1,0.3,305,105,6,0,2.0,220,93,0,30,1.5,215,97,0.3,1.0,0,5979,44,26968,243,1.5,1.5,0.08,0.18,0.26,1.11,0.05,0.11,0.16,0.65,17.8,229,92,22.1,159,92,16.0,144,74,5.6,215,98,,,,4,,Noah,Okafor,Okafor,,,153,0,0,1,1,0,0,0,0,0,0,2,7,,,,0.0,0.59,0.59,1.18,4.12,3,2,2
337,a,,,5.4,206,129,0,0,-1,1,0.6,242,80,5,0,1.7,245,105,0,27,1.2,228,102,0.2,0.9,0,5747,33,36267,328,1.2,1.2,0.01,0.02,0.03,3.08,0.01,0.01,0.02,1.8,10.2,268,113,2.7,263,138,7.0,217,109,2.0,295,131,,4.0,,4,,Brenden,Aaronson,Aaronson,,,154,0,0,1,2,0,0,0,0,0,0,2,10,,,,0.0,0.58,1.17,1.17,5.84,2,1,7
338,a,,,5.4,193,120,0,0,-1,1,1.0,188,60,9,0,3.0,135,54,0,43,2.2,148,64,0.4,1.7,0,10742,60,46295,567,2.2,2.2,0.01,0.14,0.15,4.52,0.0,0.05,0.05,1.51,61.8,70,23,41.2,86,59,1.0,294,143,10.4,122,59,,,,4,,Ethan,Ampadu,Ampadu,,,270,0,0,1,2,0,0,0,0,0,0,3,34,,,,0.0,0.33,0.67,1.0,11.33,8,17,9
339,a,,,4.9,369,220,0,0,-1,1,0.1,427,165,1,0,1.0,300,126,0,3,0.2,362,160,0.0,0.2,0,1925,18,6102,61,0.2,0.2,0.0,0.0,0.0,0.07,0.0,0.0,0.0,0.79,0.0,515,201,0.2,347,172,0.0,474,178,0.0,521,205,3.0,3.0,,4,,Sean,Longstaff,Longstaff,,,8,0,0,0,0,0,0,0,0,0,0,0,0,,,,0.0,0.0,0.0,0.0,0.0,0,0,0
341,u,0.0,0.0,5.0,315,187,0,0,0,0,0.0,606,257,0,0,0.0,590,248,0,0,0.0,590,248,0.0,0.0,0,244,0,1594,15,0.0,0.0,0.0,0.0,0.0,0.0,0.0,0.0,0.0,0.0,0.0,571,238,0.0,577,244,0.0,555,227,0.0,578,241,,,,4,,Wilfried,Gnonto,Gnonto,Has joined ACF Fiorentina on loan for the rest of the season,,0,0,0,0,0,0,0,0,0,0,0,0,0,,,,0.0,0.0,0.0,0.0,0.0,0,0,0
342,u,0.0,0.0,5.0,271,168,0,0,0,0,0.0,653,290,0,0,0.0,570,238,0,0,0.0,570,238,0.0,0.0,0,0,0,65,1,0.0,0.0,0.0,0.0,0.0,0.0,0.0,0.0,0.0,0.0,0.0,550,227,0.0,552,233,0.0,525,213,0.0,556,230,,,,4,,Jack,Harrison,Harrison,Has joined New England Revolution permanently,,0,0,0,0,0,0,0,0,0,0,0,0,0,,,,0.0,0.0,0.0,0.0,0.0,0,0,0
343,a,,,5.0,258,160,0,0,0,0,0.1,420,161,1,0,1.0,321,140,0,2,0.2,375,170,0.0,0.2,0,3273,25,6067,47,0.2,0.2,0.24,0.01,0.25,0.93,0.98,0.04,1.02,3.8,0.0,547,225,1.1,304,152,12.0,176,87,1.1,317,143,,,,4,,Daniel,James,James,,,22,0,0,0,0,0,0,0,0,0,0,0,2,,,,0.0,0.0,0.0,0.0,8.18,0,0,2
344,d,25.0,25.0,5.0,306,181,0,0,0,0,0.0,638,278,0,0,0.0,584,244,0,0,0.0,584,244,0.0,0.0,0,55,0,259,1,0.0,0.0,0.0,0.0,0.0,0.0,0.0,0.0,0.0,0.0,0.0,564,233,0.0,570,239,0.0,548,222,0.0,571,236,,,,4,,Ilia,Gruev,Gruev,Knee injury - 25% chance of playing,,0,0,0,0,0,0,0,0,0,0,0,0,0,,,,0.0,0.0,0.0,0.0,0.0,0,0,0
345,a,,,4.9,384,230,0,0,-1,1,0.2,321,114,6,0,3.0,125,48,0,24,1.5,202,87,0.3,1.2,0,10198,86,12017,115,1.5,1.5,0.53,0.02,0.55,2.0,0.41,0.02,0.43,1.54,40.8,145,53,14.0,194,108,13.0,168,81,6.8,188,87,4.0,,,4,,Tanaka,Ao,Tanaka,,,117,0,1,0,1,0,0,0,0,0,0,1,19,,,,0.0,0.0,0.77,0.77,14.62,5,8,6
346,a,,,6.0,63,14,0,0,0,0,22.1,14,4,10,0,3.3,111,12,2,29,2.5,133,15,0.4,1.7,0,385710,2514,1017742,7774,2.5,2.5,1.61,0.08,1.69,3.2,0.58,0.03,0.61,1.14,42.8,139,9,16.1,185,22,67.0,34,12,12.1,86,12,,,1.0,4,,Dominic,Calvert-Lewin,Calvert-Lewin,,,252,1,0,1,2,0,0,0,2,0,0,3,9,,,,0.0,0.36,0.71,1.07,3.21,0,4,5
347,a,,,5.4,188,44,0,0,-1,1,0.5,255,43,5,0,2.5,165,22,0,20,1.2,227,22,0.2,0.9,0,14238,271,25973,213,1.2,1.2,0.27,0.14,0.41,2.25,0.64,0.33,0.97,5.33,18.2,225,19,22.1,158,16,15.0,155,27,5.4,221,24,,,2.0,4,,Lukas,Nmecha,Nmecha,,,38,0,1,0,0,0,0,0,0,0,0,0,1,,,,0.0,0.0,0.0,0.0,2.37,0,0,1
348,u,0.0,0.0,5.0,281,55,0,0,0,0,0.1,467,65,0,0,0.0,575,62,0,0,0.0,575,62,0.0,0.0,0,0,0,9861,49,0.0,0.0,0.0,0.0,0.0,0.0,0.0,0.0,0.0,0.0,0.0,555,54,0.0,557,59,0.0,532,56,0.0,562,58,,,3.0,4,,Joël,Piroe,Piroe,Has joined West Ham United on loan for the rest of the season,,0,0,0,0,0,0,0,0,0,0,0,0,0,,,,0.0,0.0,0.0,0.0,0.0,0,0,0
349,i,0.0,0.0,4.5,526,72,0,0,0,0,0.1,492,68,0,0,0.0,510,54,0,0,0.0,510,54,0.0,0.0,0,2062,15,3185,20,0.0,0.0,0.0,0.0,0.0,0.0,0.0,0.0,0.0,0.0,0.0,479,46,0.0,478,51,0.0,436,48,0.0,485,50,,,,4,,Mateo,Joseph Fernández-Regatillo,Mateo Joseph,Knee injury - Unknown return date,,0,0,0,0,0,0,0,0,0,0,0,0,0,,,,0.0,0.0,0.0,0.0,0.0,0,0,0
385,a,,,5.0,285,11,0,0,0,0,5.4,70,10,15,0,5.0,50,2,2,66,3.8,63,3,0.8,3.0,0,211114,1455,113887,840,3.8,3.8,0.0,0.0,0.0,4.52,0.0,0.0,0.0,1.51,91.8,25,4,0.0,560,62,0.0,535,62,9.2,142,4,,,,4,,James,Trafford,Trafford,,,270,0,0,1,2,0,0,0,0,0,11,3,0,,,,3.67,0.33,0.67,1.0,0.0,0,2,31
598,a,,,4.5,448,91,0,0,0,0,0.0,501,177,5,0,2.5,161,61,0,21,1.2,219,82,0.3,1.1,0,3880,23,2088,5,1.2,1.2,0.0,0.57,0.57,3.51,0.0,0.35,0.35,2.16,43.6,136,61,22.2,156,50,12.0,175,60,7.8,163,65,,,,4,,Nico,Elvedi,Elvedi,,,146,0,0,0,2,0,0,0,0,0,0,1,16,,,,0.0,0.0,1.23,0.62,9.86,1,15,4
603,a,,,4.0,654,213,0,0,0,0,0.1,421,152,0,0,0.0,452,172,0,0,0.0,452,172,0.0,0.0,0,5513,63,2524,31,0.0,0.0,0.0,0.0,0.0,0.0,0.0,0.0,0.0,0.0,0.0,417,165,0.0,412,165,0.0,357,150,0.0,423,163,,,,4,,Jayden,Lienou,Lienou,,,0,0,0,0,0,0,0,0,0,0,0,0,0,,,,0.0,0.0,0.0,0.0,0.0,0,0,0
604,a,,,4.5,537,279,0,0,0,0,0.1,371,133,0,0,0.0,518,204,0,0,0.0,518,204,0.0,0.0,0,12468,74,5153,58,0.0,0.0,0.0,0.0,0.0,0.0,0.0,0.0,0.0,0.0,0.0,487,186,0.0,486,194,0.0,444,163,0.0,493,190,,,,4,,Alfie,Cresswell,Cresswell,,,0,0,0,0,0,0,0,0,0,0,0,0,0,,,,0.0,0.0,0.0,0.0,0.0,0,0,0
625,a,,,4.0,588,56,0,0,0,0,0.2,346,39,0,0,0.0,405,31,0,0,0.0,405,31,0.0,0.0,0,15605,113,3734,37,0.0,0.0,0.0,0.0,0.0,0.0,0.0,0.0,0.0,0.0,0.0,370,30,0.0,363,11,0.0,303,8,0.0,375,30,,,,4,,Alex,Cairns,Cairns,,,0,0,0,0,0,0,0,0,0,0,0,0,0,,,,0.0,0.0,0.0,0.0,0.0,0,0,0
629,a,,,4.0,592,58,0,0,0,0,0.5,259,35,0,0,0.0,409,33,0,0,0.0,409,33,0.0,0.0,0,37189,705,6506,101,0.0,0.0,0.0,0.0,0.0,0.0,0.0,0.0,0.0,0.0,0.0,374,32,0.0,367,13,0.0,307,10,0.0,379,32,,,,4,,Michael,Zetterer,Zetterer,,,0,0,0,0,0,0,0,0,0,0,0,0,0,,,,0.0,0.0,0.0,0.0,0.0,0,0,0
641,a,,,4.5,483,117,0,0,0,0,0.0,631,211,0,0,0.0,483,185,0,0,0.0,483,185,0.0,0.0,0,516,17,136,3,0.0,0.0,0.0,0.0,0.0,0.0,0.0,0.0,0.0,0.0,0.0,450,179,0.0,448,179,0.0,400,169,0.0,456,177,,,,4,,Melvin,Bard,Bard,,,0,0,0,0,0,0,0,0,0,0,0,0,0,,,,0.0,0.0,0.0,0.0,0.0,0,0,0
648,a,,,5.0,344,207,0,0,0,0,0.0,588,246,0,0,0.0,603,256,0,0,0.0,603,256,0.0,0.0,0,1783,14,572,14,0.0,0.0,0.0,0.0,0.0,0.0,0.0,0.0,0.0,0.0,0.0,584,246,0.0,591,252,0.0,572,238,0.0,591,249,,,,4,,Jean-Mattéo,Bahoya,Bahoya,,,0,0,0,0,0,0,0,0,0,0,0,0,0,,,,0.0,0.0,0.0,0.0,0.0,0,0,0
350,a,,,5.5,125,3,0,0,0,0,3.9,84,14,19,9,4.8,55,4,3,67,4.8,35,2,0.9,3.5,0,114581,1332,109711,669,4.8,4.8,0.0,0.0,0.0,5.34,0.0,0.0,0.0,1.34,55.8,97,14,0.0,617,69,0.0,606,69,5.6,214,14,,,,4,,Alisson,Becker,A.Becker,,,360,0,0,2,4,0,0,0,1,0,12,4,0,,,,3.0,0.5,1.0,1.0,0.0,0,6,38
351,a,,,4.9,392,21,0,0,-1,1,0.1,381,44,0,0,0.0,552,68,0,0,0.0,552,68,0.0,0.0,0,2185,12,6823,90,0.0,0.0,0.0,0.0,0.0,0.0,0.0,0.0,0.0,0.0,0.0,527,68,0.0,528,56,0.0,490,55,0.0,535,68,,,,4,,Giorgi,Mamardashvili,Mamardashvili,,,0,0,0,0,0,0,0,0,0,0,0,0,0,,,,0.0,0.0,0.0,0.0,0.0,0,0,0
352,a,,,4.0,593,59,0,0,0,0,1.1,181,27,0,0,0.0,410,34,0,0,0.0,410,34,0.0,0.0,0,15100,101,20596,194,0.0,0.0,0.0,0.0,0.0,0.0,0.0,0.0,0.0,0.0,0.0,375,33,0.0,368,14,0.0,308,11,0.0,380,33,,,,4,,Freddie,Woodman,Woodman,,,0,0,0,0,0,0,0,0,0,0,0,0,0,,,,0.0,0.0,0.0,0.0,0.0,0,0,0
353,u,0.0,0.0,4.0,649,71,0,0,0,0,0.0,570,67,0,0,0.0,448,46,0,0,0.0,448,46,0.0,0.0,0,0,0,923,5,0.0,0.0,0.0,0.0,0.0,0.0,0.0,0.0,0.0,0.0,0.0,413,45,0.0,408,26,0.0,352,23,0.0,419,45,,,,4,,Armin,Pecsi,Pecsi,Has joined TSV Hartberg on loan for the rest of the season,,0,0,0,0,0,0,0,0,0,0,0,0,0,,,,0.0,0.0,0.0,0.0,0.0,0,0,0
354,i,0.0,0.0,4.0,612,64,0,0,0,0,0.0,573,68,0,0,0.0,420,39,0,0,0.0,420,39,0.0,0.0,0,1289,10,932,7,0.0,0.0,0.0,0.0,0.0,0.0,0.0,0.0,0.0,0.0,0.0,385,38,0.0,380,19,0.0,322,16,0.0,391,38,,,,4,,Vitezslav,Jaros,Jaros,Knee injury - Unknown return date,,0,0,0,0,0,0,0,0,0,0,0,0,0,,,,0.0,0.0,0.0,0.0,0.0,0,0,0
355,a,,,4.0,622,67,0,0,0,0,0.2,364,40,0,0,0.0,425,42,0,0,0.0,425,42,0.0,0.0,0,3585,29,3012,32,0.0,0.0,0.0,0.0,0.0,0.0,0.0,0.0,0.0,0.0,0.0,390,41,0.0,385,22,0.0,327,19,0.0,396,41,,,,4,,Harvey,Davies,Davies,,,0,0,0,0,0,0,0,0,0,0,0,0,0,,,,0.0,0.0,0.0,0.0,0.0,0,0,0
356,a,,,6.5,33,2,0,0,0,0,16.9,22,6,17,8,4.2,75,29,0,70,4.2,50,21,0.6,2.6,0,223773,1734,483485,2850,4.2,4.2,0.25,0.07,0.32,5.34,0.06,0.02,0.08,1.34,73.4,45,18,7.7,229,78,26.0,108,31,10.7,115,42,,,,4,,Virgil,van Dijk,Virgil,,,360,0,0,2,4,0,0,0,1,0,0,4,35,,,,0.0,0.5,1.0,1.0,8.75,5,30,16
357,a,,,5.4,197,25,0,0,-1,1,2.2,120,47,2,1,0.7,386,136,0,24,0.5,328,122,0.1,0.4,0,54502,159,193373,2793,0.5,0.5,0.01,0.23,0.24,3.9,0.01,0.12,0.13,1.97,26.4,199,85,51.6,59,13,14.0,161,54,9.2,143,55,,,,4,,Jeremie,Frimpong,Frimpong,,,178,0,0,0,4,0,0,0,1,0,0,2,12,,,,0.0,0.0,2.02,1.01,6.07,4,8,7
358,a,,,5.4,227,30,0,0,-1,1,2.7,108,41,7,1,1.8,236,88,0,41,1.8,195,76,0.3,1.3,0,42139,157,136508,2608,1.8,1.8,0.02,0.07,0.09,4.87,0.01,0.02,0.03,1.49,55.8,96,44,37.9,100,28,12.0,178,61,10.6,118,44,,,,4,,Milos,Kerkez,Kerkez,,,295,0,0,1,4,0,0,0,2,0,0,3,23,,,,0.0,0.31,1.22,0.92,7.02,7,16,8
359,i,0.0,0.0,5.0,253,38,0,0,0,0,0.0,591,201,0,0,0.0,566,202,0,0,0.0,566,202,0.0,0.0,0,226,3,951,6,0.0,0.0,0.0,0.0,0.0,0.0,0.0,0.0,0.0,0.0,0.0,545,201,0.0,546,201,0.0,518,197,0.0,552,200,,,,4,,Joe,Gomez,Gomez,Muscular injury - Unknown return date,,0,0,0,0,0,0,0,0,0,0,0,0,0,,,,0.0,0.0,0.0,0.0,0.0,0,0,0
360,i,0.0,0.0,5.0,314,57,0,0,0,0,0.0,604,205,0,0,0.0,589,208,0,0,0.0,589,208,0.0,0.0,0,263,3,610,12,0.0,0.0,0.0,0.0,0.0,0.0,0.0,0.0,0.0,0.0,0.0,570,207,0.0,576,207,0.0,554,205,0.0,577,207,,,,4,,Conor,Bradley,Bradley,Knee injury - Unknown return date,,0,0,0,0,0,0,0,0,0,0,0,0,0,,,,0.0,0.0,0.0,0.0,0.0,0,0,0
361,a,,,4.0,633,193,0,0,0,0,0.1,395,147,0,0,0.0,435,156,0,0,0.0,435,156,0.0,0.0,0,2898,38,4097,55,0.0,0.0,0.0,0.0,0.0,0.0,0.0,0.0,0.0,0.0,0.0,400,149,0.0,395,149,0.0,337,131,0.0,406,147,,,,4,,Wellity,Lucky,Lucky,,,0,0,0,0,0,0,0,0,0,0,0,0,0,,,,0.0,0.0,0.0,0.0,0.0,0,0,0
362,a,100.0,100.0,5.0,345,61,0,0,0,0,2.8,105,40,18,9,4.5,63,24,3,86,4.5,40,15,0.9,3.6,0,132104,3976,91476,454,4.5,4.5,0.0,0.12,0.12,4.73,0.0,0.03,0.03,1.31,66.0,63,30,39.5,92,24,4.0,245,91,10.9,109,37,,,,4,,Jeremy,Jacquet,Jacquet,,,325,0,0,2,4,0,0,0,1,0,0,4,28,,,,0.0,0.55,1.11,1.11,7.75,8,20,15
363,i,0.0,0.0,4.0,655,214,0,0,0,0,0.0,528,184,0,0,0.0,453,173,0,0,0.0,453,173,0.0,0.0,0,681,6,1618,24,0.0,0.0,0.0,0.0,0.0,0.0,0.0,0.0,0.0,0.0,0.0,418,166,0.0,413,166,0.0,358,151,0.0,424,164,,,,4,,Giovanni,Leoni,Leoni,Knee injury - Unknown return date,,0,0,0,0,0,0,0,0,0,0,0,0,0,,,,0.0,0.0,0.0,0.0,0.0,0,0,0
364,a,,,4.9,375,68,0,0,-1,1,0.1,462,164,2,1,1.0,302,119,0,7,0.5,311,115,0.1,0.4,0,1229,41,3388,23,0.5,0.5,0.04,0.02,0.06,0.47,0.06,0.03,0.09,0.66,3.6,320,123,1.3,297,110,9.0,198,68,1.4,310,115,,,,4,,Kostas,Tsimikas,Tsimikas,,,64,0,0,0,0,0,0,0,0,0,0,1,3,,,,0.0,0.0,0.0,1.41,4.22,1,2,3
365,u,0.0,0.0,4.0,626,188,0,0,0,0,0.1,416,151,0,0,0.0,429,152,0,0,0.0,429,152,0.0,0.0,0,638,0,11097,63,0.0,0.0,0.0,0.0,0.0,0.0,0.0,0.0,0.0,0.0,0.0,394,145,0.0,389,145,0.0,331,127,0.0,400,143,,,,4,,Calvin,Ramsay,Ramsay,Has joined St Mirren on loan for the rest of the season,,0,0,0,0,0,0,0,0,0,0,0,0,0,,,,0.0,0.0,0.0,0.0,0.0,0,0,0
366,a,,,7.4,20,13,0,0,-1,1,7.7,54,19,12,3,3.0,146,58,0,67,3.0,108,46,0.4,1.6,0,124871,340,552555,8744,3.0,3.0,0.81,0.35,1.16,4.17,0.22,0.09,0.31,1.13,44.2,135,51,76.2,29,25,73.0,24,13,19.4,30,23,3.0,2.0,4.0,4,,Florian,Wirtz,Wirtz,,,332,0,1,2,4,0,0,0,1,0,0,4,28,,,,0.0,0.54,1.08,1.08,7.59,5,2,21
367,a,100.0,75.0,7.2,24,15,0,0,2,-2,12.2,33,13,29,1,7.2,14,8,5,100,7.2,4,3,1.0,4.0,0,1116218,5482,484345,12881,7.2,5.4,0.41,1.22,1.63,4.71,0.13,0.39,0.52,1.51,116.8,5,4,104.5,10,10,56.0,51,33,27.7,9,7,2.0,,3.0,4,,Cody,Gakpo,Gakpo,,,280,1,3,1,4,0,0,0,0,0,0,3,27,,,,0.0,0.32,1.29,0.96,8.68,6,7,14
368,a,,,7.0,27,18,0,0,0,0,38.4,6,2,18,3,4.5,64,29,1,98,4.5,45,22,0.6,2.6,0,803631,2967,993709,23072,4.5,4.5,1.23,0.8,2.03,5.34,0.31,0.2,0.51,1.34,91.2,27,13,117.7,4,4,46.0,64,38,25.5,14,11,1.0,1.0,1.0,4,,Dominik,Szoboszlai,Szoboszlai,,,360,1,0,2,4,0,0,0,0,0,0,4,35,,,,0.0,0.5,1.0,1.0,8.75,4,11,20
369,a,,,5.8,117,76,0,0,-2,2,0.6,243,81,4,1,1.3,266,118,0,13,1.0,257,115,0.2,0.7,0,12140,98,74324,625,1.0,1.0,0.15,0.05,0.2,0.67,0.14,0.05,0.19,0.61,4.4,310,138,7.3,231,121,7.0,220,111,1.8,300,134,,,,4,,Rio,Ngumoha,Ngumoha,,,99,0,0,0,2,0,0,0,0,0,0,1,4,,,,0.0,0.0,1.82,0.91,3.64,1,1,2
370,i,0.0,0.0,5.4,198,124,0,0,-1,1,0.1,491,195,0,0,0.0,617,264,0,0,0.0,617,264,0.0,0.0,0,653,4,9216,40,0.0,0.0,0.0,0.0,0.0,0.0,0.0,0.0,0.0,0.0,0.0,599,254,0.0,606,260,0.0,590,249,0.0,606,257,,,,4,,Federico,Chiesa,Chiesa,Back injury - Unknown return date,,0,0,0,0,0,0,0,0,0,0,0,0,0,,,,0.0,0.0,0.0,0.0,0.0,0,0,0
371,a,,,5.9,96,62,0,0,-1,1,1.3,162,50,8,1,2.0,221,94,0,45,2.0,173,78,0.3,1.4,0,31140,206,99648,1223,2.0,2.0,0.08,0.07,0.15,1.9,0.04,0.03,0.07,0.94,31.0,187,71,29.8,128,78,4.0,249,119,6.5,199,90,,,,4,,Ryan,Gravenberch,Gravenberch,,,181,0,1,0,2,0,0,0,0,0,0,2,24,,,,0.0,0.0,0.99,0.99,11.93,4,10,10
372,a,,,5.4,203,128,0,0,-1,1,1.4,158,48,6,1,1.5,257,113,0,40,1.5,213,96,0.3,1.1,0,30566,381,71570,1191,1.5,1.5,0.1,0.44,0.54,4.05,0.04,0.18,0.22,1.69,35.0,167,64,21.9,160,93,18.0,128,65,7.4,173,79,,,5.0,4,,Alexis,Mac Allister,Mac Allister,,,216,0,0,1,2,0,0,0,1,0,0,2,28,,,,0.0,0.42,0.83,0.83,11.67,9,7,12
373,u,0.0,0.0,5.5,137,82,0,0,0,0,0.0,557,230,0,0,0.0,627,270,0,0,0.0,627,270,0.0,0.0,0,34,0,2435,5,0.0,0.0,0.0,0.0,0.0,0.0,0.0,0.0,0.0,0.0,0.0,616,265,0.0,622,267,0.0,612,260,0.0,622,267,,,,4,,Curtis,Jones,C.Jones,Has joined Internazionale permanently,,0,0,0,0,0,0,0,0,0,0,0,0,0,,,,0.0,0.0,0.0,0.0,0.0,0,0,0
374,a,100.0,100.0,4.9,368,219,0,0,-1,1,0.1,473,187,0,0,0.0,542,217,0,0,0.0,542,217,0.0,0.0,0,1832,18,3579,49,0.0,0.0,0.0,0.0,0.0,0.0,0.0,0.0,0.0,0.0,0.0,514,200,0.0,514,208,0.0,473,177,0.0,520,204,,,,4,,Endo,Wataru,Endo,,,0,0,0,0,0,0,0,0,0,0,0,0,0,,,,0.0,0.0,0.0,0.0,0.0,0,0,0
375,a,,,4.9,415,252,0,0,-1,1,0.0,508,205,2,0,1.0,314,135,0,6,0.5,316,141,0.1,0.4,0,1080,11,2235,28,0.5,0.5,0.0,0.0,0.0,0.22,0.0,0.0,0.0,1.04,6.6,290,125,2.3,273,141,0.0,502,199,0.9,324,147,,,,4,,Trey,Nyoni,Nyoni,,,19,0,0,0,0,0,0,0,0,0,0,0,5,,,,0.0,0.0,0.0,0.0,23.68,2,1,2
376,u,0.0,0.0,5.0,333,198,0,0,0,0,0.0,651,288,0,0,0.0,598,252,0,0,0.0,598,252,0.0,0.0,0,19,0,97,2,0.0,0.0,0.0,0.0,0.0,0.0,0.0,0.0,0.0,0.0,0.0,579,242,0.0,586,248,0.0,565,232,0.0,586,245,,,,4,,Stefan,Bajčetić Maquieira,Bajcetic,Has joined Celta Vigo permanently,,0,0,0,0,0,0,0,0,0,0,0,0,0,,,,0.0,0.0,0.0,0.0,0.0,0,0,0
377,a,,,6.5,43,29,0,0,0,0,1.2,169,54,14,1,3.5,102,43,0,53,3.5,76,32,0.5,2.2,0,110811,450,61842,2111,3.5,3.5,0.45,0.25,0.7,4.51,0.17,0.09,0.26,1.7,47.0,126,46,30.0,126,76,49.0,62,37,12.6,82,50,,,,4,,Victor,Munoz,Munoz,,,239,1,1,1,2,0,0,0,1,0,0,3,13,,,,0.0,0.38,0.75,1.13,4.9,2,4,7
378,a,,,4.5,503,269,0,0,0,0,0.2,326,116,0,0,0.0,490,195,0,0,0.0,490,195,0.0,0.0,0,3182,25,8929,92,0.0,0.0,0.0,0.0,0.0,0.0,0.0,0.0,0.0,0.0,0.0,458,177,0.0,458,185,0.0,415,154,0.0,464,181,,,,4,,James,McConnell,McConnell,,,0,0,0,0,0,0,0,0,0,0,0,0,0,,,,0.0,0.0,0.0,0.0,0.0,0,0,0
379,a,,,9.1,5,2,0,0,1,-1,22.7,12,3,25,2,6.2,31,3,5,102,6.2,17,2,0.7,2.7,0,994097,6834,425697,8660,6.2,6.2,2.82,0.06,2.88,5.17,0.76,0.02,0.78,1.4,112.4,7,2,31.3,121,12,148.0,2,2,29.1,6,2,,,2.0,4,,Alexander,Isak,Isak,,,333,3,0,2,4,0,0,0,0,0,0,4,6,,,,0.0,0.54,1.08,1.08,1.62,1,2,3
380,i,0.0,0.0,7.4,21,7,0,0,-1,1,0.1,406,59,0,0,0.0,653,77,0,0,0.0,653,77,0.0,0.0,0,1905,26,9348,68,0.0,0.0,0.0,0.0,0.0,0.0,0.0,0.0,0.0,0.0,0.0,654,77,0.0,654,77,0.0,654,77,0.0,654,77,,,,4,,Hugo,Ekitiké,Ekitiké,Achilles injury - Unknown return date,,0,0,0,0,0,0,0,0,0,0,0,0,0,,,,0.0,0.0,0.0,0.0,0.0,0,0,0
381,a,,,5.0,327,194,0,0,0,0,0.0,552,228,2,0,1.0,326,143,0,7,0.5,321,143,0.1,0.4,0,482,10,922,16,0.5,0.5,0.03,0.0,0.03,0.58,0.21,0.0,0.21,4.02,1.2,349,161,0.5,329,162,7.0,215,108,0.9,325,148,,,,4,,Lewis,Koumas,Koumas,,,13,0,0,0,0,0,0,0,0,0,0,0,1,,,,0.0,0.0,0.0,0.0,6.92,0,0,1
382,a,100.0,100.0,4.5,506,67,0,0,0,0,0.1,383,57,0,0,0.0,493,50,0,0,0.0,493,50,0.0,0.0,0,10463,223,4040,102,0.0,0.0,0.0,0.0,0.0,0.0,0.0,0.0,0.0,0.0,0.0,461,41,0.0,461,47,0.0,418,43,0.0,467,45,,,,4,,Jayden,Danns,Danns,,,0,0,0,0,0,0,0,0,0,0,0,0,0,,,,0.0,0.0,0.0,0.0,0.0,0,0,0
383,u,0.0,0.0,5.4,211,134,0,0,-1,1,0.0,511,206,0,0,0.0,618,265,0,0,0.0,618,265,0.0,0.0,0,907,0,5376,32,0.0,0.0,0.0,0.0,0.0,0.0,0.0,0.0,0.0,0.0,0.0,600,255,0.0,607,261,0.0,592,251,0.0,607,258,,,,4,,Harvey,Elliott,Elliott,Has joined Valencia on loan for the rest of the season,,0,0,0,0,0,0,0,0,0,0,0,0,0,,,,0.0,0.0,0.0,0.0,0.0,0,0,0
579,a,,,5.4,212,28,0,0,-1,1,2.7,109,42,15,6,3.8,87,36,0,55,3.8,64,27,0.7,2.8,0,97978,2835,132672,471,3.8,3.8,0.0,0.06,0.06,1.98,0.0,0.03,0.03,0.92,39.0,151,69,5.9,235,80,2.0,279,107,4.6,236,90,,,,4,,Ronald,Araujo,Araujo,,,194,0,0,2,0,0,0,0,1,0,0,2,19,,,,0.0,0.93,0.0,0.93,8.81,3,16,9
627,a,,,8.0,8,5,0,0,0,0,2.1,126,40,4,3,2.0,228,99,0,14,2.0,176,81,0.2,0.5,0,254621,2029,67813,2334,2.0,2.0,0.17,0.1,0.27,0.79,0.16,0.09,0.25,0.73,3.0,333,150,10.5,222,118,2.0,290,141,1.6,306,136,,,,4,,Bradley,Barcola,Barcola,,,97,0,0,1,0,0,0,0,0,0,0,1,4,,,,0.0,0.93,0.0,0.93,3.71,3,0,1
155,a,,,6.9,30,19,0,0,-1,1,3.2,97,32,4,0,2.0,226,97,0,23,1.0,266,119,0.1,0.6,0,86329,1213,275163,1180,1.0,1.0,0.13,0.14,0.27,1.28,0.12,0.13,0.25,1.15,13.6,249,102,30.9,124,75,18.0,131,67,6.2,206,94,,,,4,,Enzo,Fernández,Enzo,,,100,0,0,1,0,0,0,0,0,0,0,1,6,,,,0.0,0.9,0.0,0.9,5.4,1,1,4
237,a,,,5.9,95,61,0,0,-1,1,8.7,47,17,16,0,5.3,47,24,1,64,4.0,57,26,0.7,2.7,0,248398,1017,884576,7713,4.0,4.0,0.28,0.43,0.71,5.47,0.09,0.15,0.24,1.85,60.4,76,24,72.2,32,27,68.0,32,18,20.1,26,19,,,,4,,Iliman,Ndiaye,Ndiaye,,,266,0,1,2,1,0,0,0,0,0,0,3,30,,,,0.0,0.68,0.34,1.02,10.15,7,6,17
384,a,,,5.5,135,4,0,0,0,0,7.6,57,8,10,0,3.3,109,9,0,46,2.5,129,12,0.5,1.8,0,138750,1368,244906,1413,2.5,2.5,0.0,0.0,0.0,2.68,0.0,0.0,0.0,0.89,60.4,75,11,0.0,621,70,0.0,611,70,6.1,210,12,,,,4,,Gianluigi,Donnarumma,Donnarumma,,,270,0,0,1,2,1,0,0,0,0,7,3,0,,,,2.33,0.33,0.67,1.0,0.0,0,2,14
386,a,,,4.5,438,30,0,0,0,0,0.0,550,62,0,0,0.0,466,53,0,0,0.0,466,53,0.0,0.0,0,438,3,860,10,0.0,0.0,0.0,0.0,0.0,0.0,0.0,0.0,0.0,0.0,0.0,432,53,0.0,429,36,0.0,378,33,0.0,438,53,,,,4,,Marcus,Bettinelli,Bettinelli,,,0,0,0,0,0,0,0,0,0,0,0,0,0,,,,0.0,0.0,0.0,0.0,0.0,0,0,0
387,a,100.0,100.0,6.4,46,4,0,0,-1,1,13.3,29,10,4,0,2.0,223,85,0,16,1.0,263,96,0.2,0.6,0,175343,817,950133,4683,1.0,1.0,0.09,0.43,0.52,1.21,0.05,0.26,0.31,0.73,12.4,255,105,38.2,98,26,16.0,145,45,6.6,195,75,,,,4,,Nico,O'Reilly,O'Reilly,,,150,0,0,0,2,0,0,0,0,0,0,2,3,,,,0.0,0.0,1.2,1.2,1.8,2,1,7
388,a,,,6.0,66,6,0,0,0,0,18.5,18,5,20,0,6.7,22,7,4,74,5.0,33,12,0.8,3.3,0,398946,3075,341484,2220,5.0,5.0,0.89,0.38,1.27,2.68,0.3,0.13,0.43,0.89,96.6,17,2,42.9,81,19,30.0,97,23,16.9,41,6,,,,4,,Marc,Guéhi,Guéhi,,,270,1,0,1,2,0,0,0,0,0,0,3,18,,,,0.0,0.33,0.67,1.0,6.0,3,15,14
389,a,100.0,100.0,5.9,100,10,0,0,-1,1,0.9,190,73,1,0,1.0,365,129,0,4,0.2,391,139,0.0,0.2,0,6009,98,67131,212,0.2,0.2,0.0,0.04,0.04,0.1,0.0,0.11,0.11,0.27,3.8,319,122,1.5,293,106,4.0,250,93,0.9,328,120,,,4.0,4,,Matheus,Nunes,Matheus N.,,,33,0,0,0,0,0,0,0,0,0,0,0,1,,,,0.0,0.0,0.0,0.0,2.73,0,1,2
390,a,,,5.5,128,13,0,0,0,0,1.8,134,55,10,0,3.3,108,45,0,55,2.5,128,47,0.5,1.8,0,41842,536,54447,393,2.5,2.5,0.09,0.74,0.83,2.68,0.03,0.25,0.28,0.89,72.0,52,21,46.8,68,15,37.0,83,17,15.5,55,11,,,,4,,Rúben,dos Santos Gato Alves Dias,Rúben,,,270,0,0,1,2,0,0,0,0,0,0,3,15,,,,0.0,0.33,0.67,1.0,5.0,1,14,14
391,a,,,5.6,120,12,0,0,1,-1,20.4,16,4,22,0,7.3,10,3,3,77,5.5,25,7,1.0,3.9,0,1101477,8985,320776,1649,5.5,5.5,0.2,0.11,0.31,2.68,0.07,0.04,0.11,0.95,94.0,23,6,51.0,60,14,26.0,107,30,17.1,39,5,,,,4,,Joško,Gvardiol,Gvardiol,,,254,1,1,1,2,0,0,0,0,0,0,3,17,,,,0.0,0.35,0.71,1.06,6.02,7,10,12
392,a,,,5.3,236,34,0,0,-2,2,0.5,261,96,0,0,0.0,611,211,0,0,0.0,611,211,0.0,0.0,0,6075,84,53408,229,0.0,0.0,0.0,0.0,0.0,0.0,0.0,0.0,0.0,0.0,0.0,593,210,0.0,600,210,0.0,582,208,0.0,600,210,,,,4,,Rayan,Aït-Nouri,Aït-Nouri,,,0,0,0,0,0,0,0,0,0,0,0,0,0,,,,0.0,0.0,0.0,0.0,0.0,0,0,0
393,a,,,5.5,179,24,0,0,0,0,1.6,147,61,9,0,3.0,141,56,0,53,2.2,152,56,0.4,1.6,0,22276,283,53317,327,2.2,2.2,0.0,0.06,0.06,2.68,0.0,0.02,0.02,0.9,51.6,111,52,12.6,209,72,4.0,247,92,6.8,191,73,,,,4,,Abdukodir,Khusanov,Khusanov,,,268,0,0,1,2,0,0,0,1,0,0,3,17,,,,0.0,0.34,0.67,1.01,5.71,8,9,13
394,u,0.0,0.0,5.0,316,58,0,0,0,0,0.0,633,212,0,0,0.0,591,209,0,0,0.0,591,209,0.0,0.0,0,0,0,560,1,0.0,0.0,0.0,0.0,0.0,0.0,0.0,0.0,0.0,0.0,0.0,572,208,0.0,578,208,0.0,556,206,0.0,579,208,,,,4,,Max,Alleyne,Alleyne,Has joined Burnley on loan for the rest of the season,,0,0,0,0,0,0,0,0,0,0,0,0,0,,,,0.0,0.0,0.0,0.0,0.0,0,0,0
395,a,,,4.4,571,155,0,0,-1,1,0.2,332,124,1,0,1.0,284,108,0,-1,0.2,353,129,0.0,0.2,0,6859,50,12433,98,0.2,0.2,0.17,0.02,0.19,0.55,0.27,0.03,0.3,0.88,3.8,318,121,3.8,248,85,39.0,72,12,4.7,234,89,,,,4,,Rico,Lewis,Lewis,,,56,0,0,0,1,0,0,0,0,0,0,1,2,,,,0.0,0.0,1.61,1.61,3.21,0,2,0
396,a,,,4.5,548,142,0,0,0,0,0.0,540,187,1,0,1.0,297,117,0,3,0.2,360,134,0.0,0.2,0,332,8,798,13,0.2,0.2,0.0,0.0,0.0,0.0,0.0,0.0,0.0,0.0,1.2,348,128,0.9,308,116,0.0,454,186,0.2,356,128,,,,4,,Vitor,de Oliveira Nunes dos Reis,Vitor Reis,,,1,0,0,0,0,0,0,0,0,0,0,0,0,,,,0.0,0.0,0.0,0.0,0.0,0,0,0
397,a,,,8.4,6,4,0,0,-1,1,16.2,24,8,13,0,4.3,71,33,0,75,3.2,91,40,0.4,1.5,0,154351,859,972311,6448,3.2,3.2,0.17,0.93,1.1,2.68,0.06,0.31,0.37,0.89,57.6,89,30,97.8,14,14,82.0,17,9,23.8,19,15,,,2.0,4,,Antoine,Semenyo,Semenyo,,,270,0,2,1,2,0,0,0,0,0,0,3,12,,,,0.0,0.33,0.67,1.0,4.0,3,0,9
398,a,,,7.0,26,17,0,0,0,0,3.9,82,28,11,0,3.7,93,41,1,56,2.8,118,54,0.4,1.6,0,301572,382,333618,2531,2.8,2.8,1.61,0.86,2.47,1.81,0.74,0.4,1.14,0.84,57.6,88,29,110.2,7,7,39.0,77,46,20.7,24,18,2.0,2.0,,4,,Phil,Foden,Foden,,,195,0,2,0,2,0,0,0,1,0,0,2,14,,,,0.0,0.0,0.92,0.92,6.46,4,2,8
399,a,,,7.8,14,9,0,0,3,-3,29.4,8,4,25,0,8.3,3,3,4,111,6.2,16,11,0.8,3.2,0,2391218,7061,584929,7222,6.2,6.2,0.56,1.35,1.91,1.62,0.29,0.7,0.99,0.84,121.4,3,2,148.8,2,2,77.0,20,12,34.8,2,2,1.0,1.0,,4,,Rayan,Cherki,Cherki,,,173,2,2,1,1,0,0,0,1,0,0,2,6,,,,0.0,0.52,0.52,1.04,3.12,0,0,6
400,i,0.0,0.0,7.4,19,12,0,0,-1,1,0.7,218,69,0,0,0.0,652,290,0,0,0.0,652,290,0.0,0.0,0,1210,14,119516,401,0.0,0.0,0.0,0.0,0.0,0.0,0.0,0.0,0.0,0.0,0.0,653,291,0.0,653,291,0.0,653,291,0.0,653,291,,,3.0,4,,Jérémy,Doku,Doku,Calf injury - Expected back 20 Sep,,0,0,0,0,0,0,0,0,0,0,0,0,0,,,,0.0,0.0,0.0,0.0,0.0,0,0,0
402,u,0.0,0.0,6.5,36,24,0,0,0,0,0.0,597,251,0,0,0.0,649,288,0,0,0.0,649,288,0.0,0.0,0,0,0,1158,6,0.0,0.0,0.0,0.0,0.0,0.0,0.0,0.0,0.0,0.0,0.0,649,289,0.0,650,289,0.0,649,289,0.0,649,289,,,,4,,Rodrigo 'Rodri',Hernandez Cascante,Rodrigo,Has joined Barcelona permanently,,0,0,0,0,0,0,0,0,0,0,0,0,0,,,,0.0,0.0,0.0,0.0,0.0,0,0,0
404,u,0.0,0.0,6.0,70,48,0,0,0,0,0.0,518,208,0,0,0.0,645,284,0,0,0.0,645,284,0.0,0.0,0,0,0,7878,17,0.0,0.0,0.0,0.0,0.0,0.0,0.0,0.0,0.0,0.0,0.0,641,284,0.0,644,284,0.0,642,283,0.0,643,284,,,,4,,Tijjani,Reijnders,Reijnders,Has joined Al Qadsiah permanently,,0,0,0,0,0,0,0,0,0,0,0,0,0,,,,0.0,0.0,0.0,0.0,0.0,0,0,0
406,a,,,5.4,185,114,0,0,-1,1,0.1,448,175,2,0,1.0,335,149,0,12,0.5,327,146,0.1,0.4,0,1910,9,4902,45,0.5,0.5,0.0,0.02,0.02,0.1,0.0,0.04,0.04,0.21,4.2,314,141,5.2,238,126,0.0,584,244,0.9,326,149,,,,4,,Mateo,Kovačić,Kovačić,,,42,0,0,0,0,0,0,0,0,0,0,0,2,,,,0.0,0.0,0.0,0.0,4.29,0,0,2
407,u,0.0,0.0,4.9,412,249,0,0,-1,1,0.0,603,255,0,0,0.0,560,231,0,0,0.0,560,231,0.0,0.0,0,250,0,1164,11,0.0,0.0,0.0,0.0,0.0,0.0,0.0,0.0,0.0,0.0,0.0,537,218,0.0,537,225,0.0,500,197,0.0,545,223,,,,4,,Claudio,Echeverri,Echeverri,Has joined Benfica on loan for the rest of the season,,0,0,0,0,0,0,0,0,0,0,0,0,0,,,,0.0,0.0,0.0,0.0,0.0,0,0,0
408,u,0.0,0.0,5.0,249,154,0,0,0,0,0.0,632,273,0,0,0.0,565,235,0,0,0.0,565,235,0.0,0.0,0,0,0,523,3,0.0,0.0,0.0,0.0,0.0,0.0,0.0,0.0,0.0,0.0,0.0,544,223,0.0,545,230,0.0,515,207,0.0,551,227,,,,4,,Kalvin,Phillips,Phillips,Has joined Sheffield United on loan for the rest of the season,,0,0,0,0,0,0,0,0,0,0,0,0,0,,,,0.0,0.0,0.0,0.0,0.0,0,0,0
409,u,0.0,0.0,4.5,536,278,0,0,0,0,0.1,412,157,0,0,0.0,517,203,0,0,0.0,517,203,0.0,0.0,0,1621,0,9969,100,0.0,0.0,0.0,0.0,0.0,0.0,0.0,0.0,0.0,0.0,0.0,486,185,0.0,485,193,0.0,443,162,0.0,492,189,,,,4,,Divine,Mukasa,Mukasa,has joined West Ham on loan for the rest of the seaon.,,0,0,0,0,0,0,0,0,0,0,0,0,0,,,,0.0,0.0,0.0,0.0,0.0,0,0,0
410,u,0.0,0.0,4.9,418,255,0,0,-1,1,0.0,605,256,0,0,0.0,561,232,0,0,0.0,561,232,0.0,0.0,0,219,0,1104,6,0.0,0.0,0.0,0.0,0.0,0.0,0.0,0.0,0.0,0.0,0.0,538,219,0.0,539,227,0.0,505,202,0.0,546,224,,,,4,,Jeremy,Monga,Monga,Has joined Swansea City on loan for the rest of the season,,0,0,0,0,0,0,0,0,0,0,0,0,0,,,,0.0,0.0,0.0,0.0,0.0,0,0,0
411,a,,,15.5,1,1,0,0,0,0,71.6,2,2,24,0,8.0,7,2,6,106,6.0,21,4,0.4,1.5,0,653102,4737,278747,1510,6.0,6.0,2.46,0.5,2.96,2.68,0.82,0.17,0.99,0.89,121.6,2,1,18.9,175,21,164.0,1,1,30.4,4,1,,,1.0,4,,Erling,Haaland,Haaland,,,270,3,0,1,2,0,0,0,0,0,0,3,15,,,,0.0,0.33,0.67,1.0,5.0,0,8,7
481,a,100.0,100.0,6.3,52,36,0,0,-2,2,4.2,79,26,8,0,2.7,159,66,0,62,2.0,174,79,0.3,1.3,0,68101,356,381363,2034,2.0,2.0,0.09,0.64,0.73,2.58,0.03,0.25,0.28,1.0,58.8,82,26,69.1,36,31,18.0,130,66,14.6,61,40,3.0,,,4,,Elliot,Anderson,Anderson,,,233,0,0,1,2,0,0,0,1,0,0,3,31,,,,0.0,0.39,0.77,1.16,11.97,8,9,14
587,a,,,5.0,243,7,0,0,0,0,0.0,565,65,0,0,0.0,563,69,0,0,0.0,563,69,0.0,0.0,0,376,6,826,6,0.0,0.0,0.0,0.0,0.0,0.0,0.0,0.0,0.0,0.0,0.0,540,69,0.0,542,58,0.0,510,58,0.0,548,69,,,,4,,Gerónimo,Rulli,Rulli,,,0,0,0,0,0,0,0,0,0,0,0,0,0,,,,0.0,0.0,0.0,0.0,0.0,0,0,0
616,a,,,5.5,182,113,0,0,0,0,0.2,349,126,2,0,1.0,357,165,0,8,0.7,298,138,0.1,0.4,0,17481,228,7712,143,0.7,0.7,0.0,0.12,0.12,0.37,0.0,0.49,0.49,1.51,13.0,251,104,4.8,241,129,0.0,625,272,1.8,299,133,,,,4,,Ayyoub,Bouaddi,Bouaddi,,,22,0,0,0,0,0,0,0,0,0,0,0,6,,,,0.0,0.0,0.0,0.0,24.55,0,3,3
621,a,,,4.5,549,285,0,0,0,0,0.1,403,150,2,0,1.0,298,124,0,8,0.7,297,137,0.2,0.4,0,10336,72,4231,80,0.7,0.7,0.1,0.0,0.1,0.02,0.82,0.0,0.82,0.16,5.2,303,133,0.5,328,161,3.0,253,121,0.8,331,151,,,,4,,Ryan,McAidoo,McAidoo,,,11,0,0,0,0,0,0,0,0,0,0,0,4,,,,0.0,0.0,0.0,0.0,32.73,2,0,2
622,a,,,4.0,641,201,0,0,0,0,0.2,356,134,1,0,1.0,277,101,0,3,0.3,347,123,0.1,0.2,0,14042,138,5033,107,0.3,0.3,0.0,0.0,0.0,0.0,0.0,0.0,0.0,0.0,0.6,353,129,0.8,310,117,0.0,344,138,0.1,362,129,,,,4,,Kaden,Braithwaite,Braithwaite,,,1,0,0,0,0,0,0,0,0,0,0,0,0,,,,0.0,0.0,0.0,0.0,0.0,0,0,1
628,a,,,6.0,81,53,0,0,0,0,0.0,620,265,0,0,0.0,646,285,0,0,0.0,646,285,0.0,0.0,0,617,8,287,8,0.0,0.0,0.0,0.0,0.0,0.0,0.0,0.0,0.0,0.0,0.0,645,285,0.0,646,285,0.0,644,284,0.0,645,285,,,,4,,Allan,Andrade Elias,Allan,,,0,0,0,0,0,0,0,0,0,0,0,0,0,,,,0.0,0.0,0.0,0.0,0.0,0,0,0
653,a,,,4.5,539,280,0,0,0,0,0.0,526,213,0,0,0.0,520,205,0,0,0.0,520,205,0.0,0.0,0,2939,41,843,35,0.0,0.0,0.0,0.0,0.0,0.0,0.0,0.0,0.0,0.0,0.0,489,187,0.0,488,195,0.0,446,164,0.0,495,191,,,,4,,Floyd,Samba,Samba,,,0,0,0,0,0,0,0,0,0,0,0,0,0,,,,0.0,0.0,0.0,0.0,0.0,0,0,0
43,a,100.0,100.0,5.9,87,56,0,0,-1,1,1.7,141,43,8,0,2.7,158,65,0,56,2.0,172,77,0.3,1.4,0,33668,391,126448,1001,2.0,2.0,0.56,0.28,0.84,4.01,0.2,0.1,0.3,1.47,56.8,91,32,76.5,27,24,33.0,89,49,16.7,43,31,,,3.0,4,,Youri,Tielemans,Tielemans,,,246,0,0,0,6,0,0,0,0,0,0,3,25,,,,0.0,0.0,2.2,1.1,9.15,2,6,17
131,i,0.0,0.0,5.0,332,197,0,0,0,0,0.1,391,143,0,0,0.0,597,251,0,0,0.0,597,251,0.0,0.0,0,4844,41,12051,126,0.0,0.0,0.0,0.0,0.0,0.0,0.0,0.0,0.0,0.0,0.0,578,241,0.0,585,247,0.0,564,231,0.0,585,244,,,,4,,Carlos,Baleba,Baleba,Ankle injury - Expected back 19 Sep,,0,0,0,0,0,0,0,0,0,0,0,0,0,,,,0.0,0.0,0.0,0.0,0.0,0,0,0
162,a,,,4.9,405,243,0,0,-1,1,0.7,223,72,4,0,1.3,262,116,0,23,1.0,245,107,0.2,0.8,0,18433,104,56801,643,1.0,1.0,0.0,0.24,0.24,2.03,0.0,0.26,0.26,2.23,24.8,201,80,5.5,236,125,8.0,203,102,3.9,244,105,,,,4,,Andrey,Nascimento dos Santos,Andrey Santos,,,82,0,0,0,4,0,0,0,0,0,0,1,18,,,,0.0,0.0,4.39,1.1,19.76,4,7,7
325,a,100.0,100.0,4.5,426,23,0,0,0,0,0.0,506,57,0,0,0.0,461,49,0,0,0.0,461,49,0.0,0.0,0,847,9,1081,17,0.0,0.0,0.0,0.0,0.0,0.0,0.0,0.0,0.0,0.0,0.0,426,48,0.0,421,29,0.0,368,26,0.0,432,48,,,,4,,Karl,Darlow,Darlow,,,0,0,0,0,0,0,0,0,0,0,0,0,0,,,,0.0,0.0,0.0,0.0,0.0,0,0,0
412,a,,,5.0,296,13,0,0,0,0,11.4,37,5,5,0,1.7,243,22,0,31,1.2,225,20,0.2,1.0,0,79320,1027,522281,4014,1.2,1.2,0.0,0.0,0.0,4.08,0.0,0.0,0.0,1.36,79.0,40,6,0.0,566,64,0.0,543,64,7.9,161,6,,,,4,,Senne,Lammens,Lammens,,,270,0,0,0,6,0,0,0,0,0,9,3,0,,,,3.0,0.0,2.0,1.0,0.0,0,4,28
413,u,0.0,0.0,4.5,487,38,0,0,0,0,0.0,592,69,0,0,0.0,485,60,0,0,0.0,485,60,0.0,0.0,0,0,0,1020,3,0.0,0.0,0.0,0.0,0.0,0.0,0.0,0.0,0.0,0.0,0.0,453,60,0.0,451,44,0.0,403,41,0.0,459,60,,,,4,,Altay,Bayındır,Bayindir,Has joined Celta Vigo on loan for the rest of the season,,0,0,0,0,0,0,0,0,0,0,0,0,0,,,,0.0,0.0,0.0,0.0,0.0,0,0,0
414,i,0.0,0.0,4.0,580,49,0,0,0,0,0.1,444,49,0,0,0.0,397,24,0,0,0.0,397,24,0.0,0.0,0,1559,14,2812,16,0.0,0.0,0.0,0.0,0.0,0.0,0.0,0.0,0.0,0.0,0.0,362,23,0.0,355,4,0.0,295,1,0.0,367,23,,,,4,,Tom,Heaton,Heaton,Hamstring injury - Unknown return date,,0,0,0,0,0,0,0,0,0,0,0,0,0,,,,0.0,0.0,0.0,0.0,0.0,0,0,0
415,a,,,5.8,115,74,0,0,-2,2,0.6,238,79,2,0,0.7,388,182,0,-4,0.5,335,152,0.1,0.3,0,10236,135,84909,517,0.5,0.5,0.65,0.05,0.7,2.28,0.78,0.06,0.84,2.74,11.2,263,109,14.2,192,107,57.0,46,30,7.3,177,81,,,,4,,Patrick,Dorgu,Dorgu,,,75,0,0,0,5,0,0,0,1,0,0,1,6,,,,0.0,0.0,6.0,1.2,7.2,2,3,1
416,i,0.0,0.0,5.0,263,40,0,0,0,0,0.0,561,192,0,0,0.0,568,203,0,0,0.0,568,203,0.0,0.0,0,302,2,1241,16,0.0,0.0,0.0,0.0,0.0,0.0,0.0,0.0,0.0,0.0,0.0,548,202,0.0,550,202,0.0,523,198,0.0,554,201,,,,4,,Matthijs,de Ligt,De Ligt,Back injury - Unknown return date,,0,0,0,0,0,0,0,0,0,0,0,0,0,,,,0.0,0.0,0.0,0.0,0.0,0,0,0
417,a,,,4.9,377,69,0,0,-1,1,1.8,132,54,4,0,1.3,261,94,0,26,1.0,242,91,0.2,0.8,0,21243,160,108907,588,1.0,1.0,0.16,0.13,0.29,1.98,0.09,0.07,0.16,1.07,28.8,190,84,76.2,28,4,39.0,73,13,14.5,62,15,,,,4,,Diogo,Dalot Teixeira,Dalot,,,166,0,0,0,2,0,0,0,1,0,0,2,11,,,,0.0,0.0,1.08,1.08,5.96,4,7,5
418,a,,,4.9,362,65,0,0,-1,1,10.7,39,14,7,0,2.3,177,71,0,29,1.8,188,74,0.4,1.4,0,120695,675,776620,3385,1.8,1.8,0.07,0.42,0.49,4.08,0.02,0.14,0.16,1.36,59.4,79,39,31.4,120,35,27.0,104,27,11.8,92,25,,,,4,,Harry,Maguire,Maguire,,,270,0,1,0,6,0,0,0,1,0,0,3,21,,,,0.0,0.0,2.0,1.0,7.0,1,20,11
419,a,100.0,100.0,5.0,273,44,0,0,0,0,1.2,167,66,4,0,2.0,209,82,0,9,1.0,246,93,0.2,0.8,0,22967,557,51382,222,1.0,1.0,0.03,0.06,0.09,3.07,0.02,0.03,0.05,1.54,33.8,173,76,2.1,278,99,3.0,256,94,3.9,245,93,,,,4,,Lisandro,Martínez,Martinez,,,180,0,0,0,4,0,0,0,0,0,0,2,10,,,,0.0,0.0,2.0,1.0,5.0,0,10,8
420,a,,,4.9,409,77,0,0,-1,1,0.5,250,93,2,0,1.0,310,122,0,-1,0.5,314,117,0.1,0.4,0,4220,55,29077,174,0.5,0.5,0.0,0.02,0.02,1.09,0.0,0.08,0.08,4.46,7.8,281,113,2.4,272,96,2.0,271,104,1.3,313,116,,,,4,,Leny,Yoro,Yoro,,,22,0,0,0,2,0,0,0,0,0,0,0,5,,,,0.0,0.0,8.18,0.0,20.45,2,3,1
421,a,,,4.4,576,158,0,0,-1,1,0.3,295,108,1,0,1.0,286,110,0,5,0.2,355,131,0.0,0.2,0,5200,43,19077,127,0.2,0.2,0.12,0.04,0.16,1.01,0.12,0.04,0.16,1.01,6.8,287,114,2.6,264,91,11.0,184,64,2.0,293,108,,,,4,,Ayden,Heaven,Heaven,,,90,0,0,0,2,0,0,0,0,0,0,1,2,,,,0.0,0.0,2.0,1.0,2.0,1,1,4
422,a,,,4.4,567,151,0,0,-1,1,0.6,244,90,3,0,1.0,281,105,0,6,0.8,269,99,0.2,0.7,0,11370,170,30407,236,0.8,0.8,0.22,0.06,0.28,2.08,0.2,0.06,0.26,1.93,21.0,216,92,31.2,122,36,11.0,183,63,6.4,201,77,,,,4,,Noussair,Mazraoui,Mazraoui,,,97,0,0,0,4,0,0,0,0,0,0,1,6,,,,0.0,0.0,3.71,0.93,5.57,2,4,3
423,d,75.0,75.0,4.4,560,145,0,0,-1,1,11.8,34,12,7,0,2.3,172,66,0,47,1.8,177,65,0.4,1.6,0,95461,204,878821,9802,1.4,1.4,0.02,0.51,0.53,3.01,0.01,0.18,0.19,1.08,86.0,33,10,85.6,20,3,13.0,164,55,18.4,34,4,3.0,,,4,,Luke,Shaw,Shaw,Unspecified injury - 75% chance of playing,,252,0,1,0,4,0,0,0,1,0,0,3,20,,,,0.0,0.0,1.43,1.07,7.14,6,14,6
424,a,,,4.0,647,207,0,0,0,0,0.2,340,127,0,0,0.0,446,167,0,0,0.0,446,167,0.0,0.0,0,4574,64,6370,53,0.0,0.0,0.0,0.0,0.0,0.0,0.0,0.0,0.0,0.0,0.0,411,160,0.0,406,160,0.0,350,144,0.0,417,158,,,,4,,Harry,Amass,Amass,,,0,0,0,0,0,0,0,0,0,0,0,0,0,,,,0.0,0.0,0.0,0.0,0.0,0,0,0
425,u,0.0,0.0,4.0,637,197,0,0,0,0,0.0,589,200,0,0,0.0,438,159,0,0,0.0,438,159,0.0,0.0,0,0,0,1163,2,0.0,0.0,0.0,0.0,0.0,0.0,0.0,0.0,0.0,0.0,0.0,403,152,0.0,398,152,0.0,340,134,0.0,409,150,,,,4,,Tyler,Fredricson,Fredricson,Has joined Lausanne-Sport permanently,,0,0,0,0,0,0,0,0,0,0,0,0,0,,,,0.0,0.0,0.0,0.0,0.0,0,0,0
426,a,,,12.0,2,1,0,0,0,0,42.9,4,1,27,0,9.0,2,2,3,116,6.8,9,7,0.6,2.2,0,547367,3995,1308579,6088,6.8,6.8,2.25,0.8,3.05,4.08,0.75,0.27,1.02,1.36,156.0,1,1,151.5,1,1,97.0,13,7,40.5,1,1,1.0,1.0,1.0,4,,Bruno,Borges Fernandes,B.Fernandes,,,270,3,1,0,6,0,0,0,0,0,0,3,16,,,,0.0,0.0,2.0,1.0,5.33,2,2,12
427,a,,,7.9,11,8,0,0,-1,1,23.6,11,6,21,0,7.0,18,10,3,78,5.2,31,16,0.7,2.7,0,335479,3976,1590825,6330,5.2,5.2,2.31,0.47,2.78,4.08,0.77,0.16,0.93,1.36,95.0,20,10,85.1,21,18,102.0,11,5,28.3,8,6,2.0,2.0,2.0,4,,Bryan,Mbeumo,Mbeumo,,,270,2,1,0,6,0,0,0,1,0,0,3,17,,,,0.0,0.0,2.0,1.0,5.67,3,4,10
428,a,,,7.9,10,7,0,0,-1,1,6.5,62,20,14,0,4.7,61,27,1,55,3.5,77,33,0.4,1.8,0,62768,579,403988,3008,3.5,3.5,0.47,0.41,0.88,2.72,0.19,0.16,0.35,1.08,28.2,194,74,62.0,39,34,73.0,25,14,16.4,50,36,,,,4,,Matheus,Santos Carneiro da Cunha,Cunha,,,227,0,2,1,3,0,0,0,0,0,0,3,8,,,,0.0,0.4,1.19,1.19,3.17,2,0,6
429,a,,,7.0,25,16,0,0,0,0,1.6,145,44,6,0,2.0,227,98,0,37,1.5,217,99,0.2,0.9,0,63207,568,88932,756,1.5,1.5,0.26,0.21,0.47,1.8,0.12,0.1,0.22,0.84,31.4,186,70,95.4,16,15,70.0,27,16,19.6,28,21,,3.0,,4,,Marcus,Rashford,Rashford,,,193,0,0,1,1,0,0,0,0,0,0,2,11,,,,0.0,0.47,0.47,0.93,5.13,3,0,8
430,a,100.0,100.0,5.4,191,118,0,0,-1,1,0.0,551,227,0,0,0.0,615,262,0,0,0.0,615,262,0.0,0.0,0,384,17,1512,9,0.0,0.0,0.0,0.0,0.0,0.0,0.0,0.0,0.0,0.0,0.0,597,252,0.0,604,258,0.0,587,246,0.0,604,255,,4.0,,4,,Mason,Mount,Mount,,,0,0,0,0,0,0,0,0,0,0,0,0,0,,,,0.0,0.0,0.0,0.0,0.0,0,0,0
431,i,0.0,0.0,5.8,112,71,0,0,-2,2,0.4,282,95,0,0,0.0,637,278,0,0,0.0,637,278,0.0,0.0,0,1969,2,116167,325,0.0,0.0,0.0,0.0,0.0,0.0,0.0,0.0,0.0,0.0,0.0,628,275,0.0,633,276,0.0,627,273,0.0,632,275,4.0,,,4,,Amad,Diallo,Amad,Unspecified injury - Unknown return date,,0,0,0,0,0,0,0,0,0,0,0,0,0,,,,0.0,0.0,0.0,0.0,0.0,0,0,0
432,a,,,5.5,167,102,0,0,0,0,1.4,157,47,14,0,4.7,60,26,2,64,3.5,75,31,0.6,2.5,0,54247,1148,39401,389,3.5,3.5,0.21,0.35,0.56,2.05,0.1,0.17,0.27,1.0,52.2,110,40,34.2,114,72,11.0,187,92,9.7,128,63,,,,4,,Kobbie,Mainoo,Mainoo,,,185,0,1,0,2,0,0,0,0,0,0,2,31,,,,0.0,0.0,0.97,0.97,15.08,5,5,21
433,i,0.0,0.0,5.0,279,170,0,0,0,0,0.0,635,275,0,0,0.0,574,239,0,0,0.0,574,239,0.0,0.0,0,84,3,207,3,0.0,0.0,0.0,0.0,0.0,0.0,0.0,0.0,0.0,0.0,0.0,554,228,0.0,556,234,0.0,531,215,0.0,561,231,,,,4,,Manuel,Ugarte Ribeiro,Ugarte,Knee injury - Unknown return date,,0,0,0,0,0,0,0,0,0,0,0,0,0,,,,0.0,0.0,0.0,0.0,0.0,0,0,0
434,a,,,4.9,408,246,0,0,-1,1,0.0,599,252,0,0,0.0,559,230,0,0,0.0,559,230,0.0,0.0,0,229,3,528,5,0.0,0.0,0.0,0.0,0.0,0.0,0.0,0.0,0.0,0.0,0.0,534,215,0.0,535,223,0.0,497,194,0.0,542,220,,,,4,,Jack,Fletcher,J.Fletcher,,,0,0,0,0,0,0,0,0,0,0,0,0,0,,,,0.0,0.0,0.0,0.0,0.0,0,0,0
435,a,,,4.9,413,250,0,0,-1,1,0.1,493,196,1,0,1.0,313,134,0,3,0.2,371,167,0.0,0.2,0,831,9,2431,29,0.2,0.2,0.0,0.0,0.0,0.0,0.0,0.0,0.0,0.0,0.2,358,167,0.6,322,159,0.0,501,198,0.1,363,169,,,,4,,Shea,Lacey,Lacey,,,10,0,0,0,0,0,0,0,0,0,0,0,1,,,,0.0,0.0,0.0,0.0,9.0,0,0,1
436,u,0.0,0.0,5.0,311,185,0,0,0,0,0.0,596,250,0,0,0.0,588,247,0,0,0.0,588,247,0.0,0.0,0,150,0,880,8,0.0,0.0,0.0,0.0,0.0,0.0,0.0,0.0,0.0,0.0,0.0,569,237,0.0,575,243,0.0,553,226,0.0,576,240,,,,4,,Toby,Collyer,Collyer,Has joined West Brom permanently,,0,0,0,0,0,0,0,0,0,0,0,0,0,,,,0.0,0.0,0.0,0.0,0.0,0,0,0
437,a,,,4.5,532,276,0,0,0,0,0.2,347,125,0,0,0.0,515,202,0,0,0.0,515,202,0.0,0.0,0,4070,30,7156,78,0.0,0.0,0.0,0.0,0.0,0.0,0.0,0.0,0.0,0.0,0.0,484,184,0.0,483,192,0.0,441,161,0.0,490,188,,,,4,,Bendito,Mantato,Bendito Mantato,,,0,0,0,0,0,0,0,0,0,0,0,0,0,,,,0.0,0.0,0.0,0.0,0.0,0,0,0
438,a,,,4.5,514,271,0,0,0,0,0.3,296,101,0,0,0.0,500,197,0,0,0.0,500,197,0.0,0.0,0,4574,42,11604,122,0.0,0.0,0.0,0.0,0.0,0.0,0.0,0.0,0.0,0.0,0.0,468,179,0.0,468,187,0.0,425,156,0.0,474,183,,,,4,,Tyler,Fletcher,Fletcher,,,0,0,0,0,0,0,0,0,0,0,0,0,0,,,,0.0,0.0,0.0,0.0,0.0,0,0,0
439,a,100.0,100.0,7.0,29,10,0,0,0,0,1.7,139,20,7,0,2.3,182,24,0,35,1.8,198,19,0.3,1.0,0,73979,1499,86956,612,1.8,1.8,0.33,0.01,0.34,1.43,0.56,0.02,0.58,2.43,33.4,175,13,11.2,216,27,32.0,93,22,7.6,167,19,,,,4,,Benjamin,Sesko,Šeško,,,53,1,0,0,3,0,0,0,0,0,0,0,3,,,,0.0,0.0,5.09,0.0,5.09,0,0,3
440,a,,,5.4,213,47,0,0,-1,1,0.4,266,46,0,0,0.0,619,72,0,0,0.0,619,72,0.0,0.0,0,11411,137,34743,243,0.0,0.0,0.0,0.0,0.0,0.0,0.0,0.0,0.0,0.0,0.0,601,65,0.0,608,70,0.0,593,67,0.0,608,69,,,,4,,Joshua,Zirkzee,Zirkzee,,,0,0,0,0,0,0,0,0,0,0,0,0,0,,,,0.0,0.0,0.0,0.0,0.0,0,0,0
441,a,,,4.5,540,75,0,0,0,0,1.2,170,26,0,0,0.0,521,57,0,0,0.0,521,57,0.0,0.0,0,40972,490,42134,454,0.0,0.0,0.0,0.0,0.0,0.0,0.0,0.0,0.0,0.0,0.0,490,49,0.0,489,54,0.0,447,51,0.0,496,53,,,,4,,Chido,Obi,Obi,,,0,0,0,0,0,0,0,0,0,0,0,0,0,,,,0.0,0.0,0.0,0.0,0.0,0,0,0
405,a,,,5.5,156,93,0,0,0,0,0.3,313,109,4,0,2.0,216,92,0,20,1.0,255,113,0.2,0.7,0,16482,125,8440,106,1.0,1.0,0.0,0.21,0.21,2.07,0.0,0.13,0.13,1.28,13.4,250,103,41.9,83,58,2.0,285,137,5.8,212,97,,,,4,,Nico,González Iglesias,N.Gonzalez,,,146,0,0,1,2,0,0,0,1,0,0,2,11,,,,0.0,0.62,1.23,1.23,6.78,0,3,8
442,a,,,4.9,363,17,0,0,-1,1,1.0,185,28,0,0,0.0,538,65,0,0,0.0,538,65,0.0,0.0,0,10759,97,43749,261,0.0,0.0,0.0,0.0,0.0,0.0,0.0,0.0,0.0,0.0,0.0,509,65,0.0,509,52,0.0,468,51,0.0,515,65,,,,4,,Nick,Pope,Pope,,,0,0,0,0,0,0,0,0,0,0,0,0,0,,,,0.0,0.0,0.0,0.0,0.0,0,0,0
443,a,,,4.5,429,26,0,0,0,0,0.0,531,60,0,0,0.0,462,50,0,0,0.0,462,50,0.0,0.0,0,549,7,914,10,0.0,0.0,0.0,0.0,0.0,0.0,0.0,0.0,0.0,0.0,0.0,427,49,0.0,424,32,0.0,371,29,0.0,433,49,,,,4,,Mark,Gillespie,Gillespie,,,0,0,0,0,0,0,0,0,0,0,0,0,0,,,,0.0,0.0,0.0,0.0,0.0,0,0,0
444,d,50.0,50.0,4.5,523,46,0,0,0,0,0.0,559,64,0,0,0.0,508,64,0,0,0.0,508,64,0.0,0.0,0,403,0,1164,14,0.0,0.0,0.0,0.0,0.0,0.0,0.0,0.0,0.0,0.0,0.0,476,64,0.0,476,50,0.0,433,49,0.0,482,64,,,,4,,Ewen,Jaouen,Jaouen,Ankle injury - 50% chance of playing,,0,0,0,0,0,0,0,0,0,0,0,0,0,,,,0.0,0.0,0.0,0.0,0.0,0,0,0
445,a,,,5.0,297,51,0,0,0,0,2.2,121,48,8,0,2.7,152,59,0,25,2.0,161,61,0.4,1.6,0,141087,755,88701,538,2.0,2.0,0.0,0.07,0.07,5.47,0.0,0.02,0.02,1.82,52.2,109,51,14.0,195,64,2.0,273,105,6.8,189,72,,,,4,,Malick,Thiaw,Thiaw,,,270,0,0,1,4,1,0,0,0,0,0,3,21,,,,0.0,0.33,1.33,1.0,7.0,0,21,6
446,a,100.0,100.0,5.0,245,36,0,0,0,0,0.2,328,121,1,0,1.0,318,123,0,-1,0.2,374,137,0.0,0.2,0,5439,49,10509,75,0.2,0.2,0.0,0.0,0.0,0.79,0.0,0.0,0.0,71.1,0.0,542,200,0.0,543,200,0.0,512,195,0.0,549,199,,2.0,,4,,Fabian,Schär,Schär,,,1,0,0,0,1,0,0,0,0,0,0,0,0,,,,0.0,0.0,90.0,0.0,0.0,0,0,0
447,a,,,5.0,270,42,0,0,0,0,0.7,224,85,9,0,3.0,129,55,0,29,2.2,143,55,0.4,1.8,0,34585,276,19051,164,2.2,2.2,0.01,0.17,0.18,5.47,0.0,0.06,0.06,1.82,69.6,57,26,3.0,260,89,6.0,226,80,7.9,159,63,,,,4,,Sven,Botman,Botman,,,270,0,0,1,4,0,0,0,1,0,0,3,24,,,,0.0,0.33,1.33,1.0,8.0,2,22,9
448,i,0.0,0.0,4.9,361,64,0,0,-1,1,0.9,197,75,0,0,0.0,537,198,0,0,0.0,537,198,0.0,0.0,0,7039,4,143424,589,0.0,0.0,0.0,0.0,0.0,0.0,0.0,0.0,0.0,0.0,0.0,508,195,0.0,508,195,0.0,467,189,0.0,514,193,,,,4,,Dan,Burn,Burn,Ankle injury - Expected back 14 Sep,,0,0,0,0,0,0,0,0,0,0,0,0,0,,,,0.0,0.0,0.0,0.0,0.0,0,0,0
449,a,,,5.2,238,35,0,0,2,-2,14.0,28,9,18,0,6.0,34,14,3,80,4.5,42,17,0.9,3.5,0,1204720,11611,216420,1292,4.5,4.5,0.04,0.67,0.71,5.45,0.01,0.22,0.23,1.82,89.0,28,8,55.9,47,7,7.0,216,74,15.1,58,13,1.0,1.0,,4,,Lewis,Hall,Hall,,,269,0,1,1,4,0,0,0,0,0,0,3,30,,,,0.0,0.33,1.34,1.0,10.04,8,22,27
450,a,100.0,100.0,4.9,390,71,0,0,-1,1,0.1,480,170,1,0,1.0,305,120,0,3,0.2,366,136,0.0,0.2,0,3823,124,3154,25,0.2,0.2,0.0,0.0,0.0,0.02,0.0,0.0,0.0,1.8,0.2,357,131,0.0,526,197,0.0,488,192,0.0,533,196,,,,4,,Tino,Livramento,Livramento,,,1,0,0,0,0,0,0,0,0,0,0,0,0,,,,0.0,0.0,0.0,0.0,0.0,0,0,0
451,u,0.0,0.0,4.0,636,196,0,0,0,0,0.1,474,169,0,0,0.0,437,158,0,0,0.0,437,158,0.0,0.0,0,0,0,6094,35,0.0,0.0,0.0,0.0,0.0,0.0,0.0,0.0,0.0,0.0,0.0,402,151,0.0,397,151,0.0,339,133,0.0,408,149,,,,4,,Alex,Murphy,A.Murphy,Has joined FC Kaiserslautern on loan for the rest of the season,,0,0,0,0,0,0,0,0,0,0,0,0,0,,,,0.0,0.0,0.0,0.0,0.0,0,0,0
453,a,,,6.0,65,45,0,0,0,0,2.6,112,35,17,0,5.7,41,20,2,58,4.2,49,23,0.7,2.8,0,254048,3339,91509,579,4.2,4.2,0.22,0.06,0.28,5.47,0.07,0.02,0.09,1.82,45.4,131,48,27.3,135,80,39.0,75,44,11.2,105,55,3.0,,,4,,Harvey,Barnes,Barnes,,,270,1,1,1,4,0,0,0,0,0,0,3,18,,,,0.0,0.33,1.33,1.0,6.0,3,7,8
454,a,,,6.2,58,41,0,0,2,-2,11.4,36,14,18,0,6.0,39,19,2,71,4.5,44,21,0.7,2.9,0,1237990,5806,306495,4810,4.5,4.5,0.42,0.34,0.76,4.01,0.16,0.13,0.29,1.56,82.6,37,16,50.6,61,45,61.0,43,28,19.4,29,22,2.0,,,4,,Anthony,Elanga,Elanga,,,232,2,0,1,3,0,0,0,1,0,0,3,9,,,,0.0,0.39,1.16,1.16,3.49,4,2,3
456,a,,,4.9,382,228,0,0,-1,1,0.4,281,94,7,0,2.3,178,71,0,26,1.8,189,82,0.4,1.4,0,14979,222,16370,162,1.8,1.8,0.17,0.16,0.33,1.92,0.22,0.21,0.43,2.5,40.4,148,54,6.3,232,122,21.0,120,62,6.7,193,89,,,,4,,Jacob,Ramsey,J.Ramsey,,,69,1,0,0,1,0,0,0,1,0,0,0,11,,,,0.0,0.0,1.3,0.0,14.35,2,3,6
457,a,,,5.9,85,55,0,0,-1,1,0.1,388,142,2,0,0.7,389,183,0,7,0.5,337,153,0.1,0.3,0,2935,41,8403,84,0.5,0.5,0.0,0.2,0.2,1.46,0.0,0.51,0.51,3.75,2.4,337,154,3.5,253,134,4.0,248,118,0.9,327,150,4.0,,,4,,Jacob,Murphy,J.Murphy,,,35,0,0,0,1,0,0,0,1,0,0,0,6,,,,0.0,0.0,2.57,0.0,15.43,1,1,4
458,i,0.0,0.0,5.4,190,117,0,0,-1,1,0.0,569,235,0,0,0.0,614,261,0,0,0.0,614,261,0.0,0.0,0,168,1,1993,11,0.0,0.0,0.0,0.0,0.0,0.0,0.0,0.0,0.0,0.0,0.0,596,251,0.0,603,257,0.0,586,245,0.0,603,254,,,,4,,Joelinton Cássio,Apolinário de Lira,Joelinton,Unspecified injury - Unknown return date,,0,0,0,0,0,0,0,0,0,0,0,0,0,,,,0.0,0.0,0.0,0.0,0.0,0,0,0
459,a,100.0,100.0,5.5,172,106,0,0,0,0,0.1,450,177,8,0,2.7,156,64,0,40,2.0,170,76,0.4,1.5,0,4681,34,3726,37,2.0,2.0,0.05,0.07,0.12,4.39,0.02,0.03,0.05,1.74,30.0,188,72,37.2,103,66,5.0,235,115,7.2,180,83,5.0,,,4,,Lewis,Miley,L.Miley,,,227,0,0,1,3,0,0,0,1,0,0,3,26,,,,0.0,0.4,1.19,1.19,10.31,1,10,15
460,a,,,5.0,257,159,0,0,0,0,0.5,254,84,11,0,3.7,90,38,0,34,2.8,111,48,0.6,2.2,0,47816,295,19875,310,2.8,2.8,0.52,0.2,0.72,3.57,0.28,0.11,0.39,1.94,44.4,134,50,20.4,168,95,28.0,100,54,8.5,152,72,,,,4,,Joe,Willock,Willock,,,166,1,0,1,3,0,0,0,0,0,0,2,8,,,,0.0,0.54,1.63,1.08,4.34,3,2,3
461,a,,,5.8,116,75,0,0,-2,2,0.1,392,144,1,0,1.0,359,167,0,3,0.2,389,182,0.0,0.2,0,1560,14,14179,84,0.2,0.2,0.0,0.0,0.0,0.0,0.0,0.0,0.0,0.0,0.0,629,276,0.0,634,277,0.0,628,274,0.0,633,276,,,,4,,Bazoumana,Touré,Touré,,,1,0,0,0,0,0,0,0,0,0,0,0,0,,,,0.0,0.0,0.0,0.0,0.0,0,0,0
462,a,,,4.9,417,254,0,0,-1,1,0.1,455,180,3,0,1.0,316,137,0,10,0.8,276,124,0.2,0.6,0,1755,19,4847,46,0.8,0.8,0.0,0.0,0.0,1.9,0.0,0.0,0.0,1.97,7.4,284,121,1.7,288,147,0.0,504,201,1.0,320,145,,,,4,,Sean,Steur,Steur,,,87,0,0,0,1,0,0,0,0,0,0,1,7,,,,0.0,0.0,1.03,1.03,7.24,0,4,3
463,u,0.0,0.0,5.9,101,26,0,0,-1,1,0.6,233,39,4,0,4.0,83,9,0,18,1.0,260,29,0.2,0.7,0,14520,0,127771,871,0.0,0.0,0.02,0.01,0.03,0.38,0.09,0.05,0.14,1.8,18.2,226,20,10.5,221,28,11.0,188,32,4.0,243,29,,,,4,,Nick,Woltemade,Woltemade,Has joined Juventus on loan for the rest of the season,,19,0,1,0,0,0,0,0,0,0,0,0,0,,,,0.0,0.0,0.0,0.0,0.0,0,0,0
464,a,,,6.2,57,13,0,0,2,-2,18.3,20,5,13,0,4.3,69,8,2,51,3.2,89,9,0.5,2.1,0,1867274,10672,376891,4305,3.2,3.2,1.35,0.05,1.4,4.3,0.47,0.02,0.49,1.48,55.6,98,5,33.9,115,11,74.0,22,9,16.3,53,7,,,2.0,4,,Yoane,Wissa,Wissa,,,261,1,1,1,3,0,0,0,2,0,0,3,17,,,,0.0,0.34,1.03,1.03,5.86,5,2,10
465,i,0.0,0.0,5.9,105,28,0,0,-1,1,0.4,276,48,4,0,4.0,84,10,0,18,1.0,261,30,0.2,0.7,0,21149,14,77958,316,0.0,0.0,0.06,0.14,0.2,1.48,0.1,0.23,0.33,2.42,28.2,193,15,13.7,197,23,8.0,205,34,5.0,227,26,,4.0,1.0,4,,William,Osula,Osula,Foot injury - Unknown return date,,55,0,1,0,1,0,0,0,0,0,0,1,5,,,,0.0,0.0,1.64,1.64,8.18,1,2,2
466,u,0.0,0.0,4.5,542,76,0,0,0,0,0.6,232,38,0,0,0.0,523,58,0,0,0.0,523,58,0.0,0.0,0,23805,0,39854,476,0.0,0.0,0.0,0.0,0.0,0.0,0.0,0.0,0.0,0.0,0.0,492,50,0.0,491,55,0.0,449,52,0.0,498,54,,,,4,,Sean,Neave,Neave,Has joined Wolves on loan for the rest of the season,,0,0,0,0,0,0,0,0,0,0,0,0,0,,,,0.0,0.0,0.0,0.0,0.0,0,0,0
559,a,,,4.9,416,253,0,0,-1,1,0.1,417,159,1,0,1.0,315,136,0,5,0.2,372,168,0.0,0.2,0,2077,14,5974,48,0.2,0.2,0.0,0.0,0.0,1.04,0.0,0.0,0.0,6.69,4.0,317,144,0.0,538,226,0.0,503,200,0.4,342,157,,,,4,,Aladji,Bamba,Bamba,,,14,0,0,0,1,0,0,0,0,0,0,0,2,,,,0.0,0.0,6.43,0.0,12.86,1,1,0
567,a,,,5.0,301,14,0,0,0,0,1.4,152,23,10,0,3.3,105,8,0,56,2.5,123,11,0.5,2.0,0,123413,1532,52218,236,2.5,2.5,0.0,0.0,0.0,5.47,0.0,0.0,0.0,1.82,109.2,8,1,0.0,568,65,0.0,546,65,10.9,108,2,,,,4,,Lukás,Hornícek,Horníček,,,270,0,0,1,4,0,0,0,1,0,13,3,0,,,,4.33,0.33,1.33,1.0,0.0,0,5,15
593,d,75.0,75.0,4.5,491,122,0,0,0,0,3.1,100,38,13,0,4.3,65,25,2,39,3.2,80,33,0.7,2.9,0,437141,615,168368,1938,2.4,2.4,0.14,0.08,0.22,5.47,0.05,0.03,0.08,1.82,59.6,77,38,38.0,99,27,15.0,149,49,11.3,100,31,,3.0,,4,,Amar,Dedic,Dedić,Hamstring injury - 75% chance of playing,,270,0,1,1,4,0,0,0,0,0,0,3,18,,,,0.0,0.33,1.33,1.0,6.0,5,13,11
609,u,0.0,0.0,4.0,640,200,0,0,0,0,0.2,320,118,0,0,0.0,441,162,0,0,0.0,441,162,0.0,0.0,0,18236,0,8870,493,0.0,0.0,0.0,0.0,0.0,0.0,0.0,0.0,0.0,0.0,0.0,406,155,0.0,401,155,0.0,343,137,0.0,412,153,,,,4,,Leo,Shahar,Shahar,has joined Arouca on loan for the rest of the seaon.,,0,0,0,0,0,0,0,0,0,0,0,0,0,,,,0.0,0.0,0.0,0.0,0.0,0,0,0
634,a,,,6.0,80,20,0,0,0,0,0.1,423,61,1,0,1.0,369,46,0,4,0.5,340,43,0.1,0.2,0,11661,160,2584,49,0.5,0.5,0.0,0.0,0.0,0.04,0.0,0.0,0.0,0.13,0.0,644,75,0.8,314,38,6.0,232,36,0.7,334,38,,,,4,,Matias,Fernandez-Pardo,Fernandez-Pardo,,,27,0,0,0,0,0,0,0,0,0,0,0,1,,,,0.0,0.0,0.0,0.0,3.33,0,0,1
167,a,,,5.5,154,39,0,0,0,0,0.9,195,30,8,5,2.7,154,20,0,40,2.0,166,16,0.4,1.5,0,68630,3847,32245,278,2.0,2.0,0.71,0.13,0.84,1.95,0.34,0.06,0.4,0.94,6.4,294,29,30.9,123,13,12.0,180,31,4.9,230,27,,,3.0,4,,Liam,Delap,Delap,,,187,1,0,1,2,0,0,0,1,0,0,2,9,,,,0.0,0.48,0.96,0.96,4.33,1,3,5
201,a,,,5.4,205,27,0,0,-1,1,5.6,68,28,3,2,1.0,340,128,0,21,0.8,287,103,0.1,0.6,0,51088,961,403533,1693,0.8,0.8,0.35,0.18,0.53,1.92,0.18,0.09,0.27,0.99,3.6,322,124,2.6,267,93,25.0,111,33,3.1,263,99,,,,4,,Daniel,Muñoz Mejía,Muñoz,,,175,0,0,0,3,0,0,0,0,0,0,2,12,,,,0.0,0.0,1.54,1.03,6.17,6,6,5
467,a,,,5.0,240,5,0,0,0,0,1.4,155,24,12,3,3.0,126,11,0,58,3.0,94,8,0.6,2.4,0,28313,1446,43050,179,3.0,3.0,0.0,0.01,0.01,4.1,0.0,0.0,0.0,1.02,33.2,177,19,0.0,541,57,0.0,508,56,3.3,258,19,,,,4,,Matz,Sels,Sels,,,360,0,0,1,4,0,0,0,0,0,9,4,0,,,,2.25,0.25,1.0,1.0,0.0,0,8,36
468,a,,,4.5,462,34,0,0,0,0,0.1,483,55,0,0,0.0,474,57,0,0,0.0,474,57,0.0,0.0,0,616,6,1536,8,0.0,0.0,0.0,0.0,0.0,0.0,0.0,0.0,0.0,0.0,0.0,441,57,0.0,438,40,0.0,388,37,0.0,447,57,,,,4,,John Victor,Maciel Furtado,John,,,0,0,0,0,0,0,0,0,0,0,0,0,0,,,,0.0,0.0,0.0,0.0,0.0,0,0,0
469,a,,,5.0,267,41,0,0,0,0,8.3,50,19,17,2,4.2,74,28,1,66,4.2,48,20,0.8,3.4,0,162598,3044,256267,941,4.2,4.2,0.29,0.31,0.6,4.1,0.07,0.08,0.15,1.02,61.0,73,36,42.0,82,20,16.0,141,43,11.9,89,22,2.0,3.0,,4,,Neco,Williams,N.Williams,,,360,0,1,1,4,0,0,0,0,0,0,4,27,,,,0.0,0.25,1.0,1.0,6.75,13,14,20
470,u,0.0,0.0,5.0,305,55,0,0,0,0,0.0,556,190,0,0,0.0,583,207,0,0,0.0,583,207,0.0,0.0,0,424,0,3176,21,0.0,0.0,0.0,0.0,0.0,0.0,0.0,0.0,0.0,0.0,0.0,563,206,0.0,569,206,0.0,547,204,0.0,570,206,,,,4,,Felipe,Rodrigues da Silva,Morato,Has joined West Ham on loan for the rest of the season,,0,0,0,0,0,0,0,0,0,0,0,0,0,,,,0.0,0.0,0.0,0.0,0.0,0,0,0
471,d,75.0,,5.5,140,17,0,0,0,0,1.6,146,60,12,0,4.0,80,34,0,34,3.0,102,40,0.5,2.2,0,17761,85,46322,1629,2.2,3.0,0.11,0.03,0.14,3.28,0.04,0.01,0.05,1.09,53.2,106,49,1.4,295,108,16.0,142,44,7.0,183,70,,,,4,,Nikola,Milenković,Milenković,Hamstring injury - 75% chance of playing,,270,0,0,1,3,0,0,0,1,0,0,3,31,,,,0.0,0.33,1.0,1.0,10.33,5,26,12
472,a,100.0,100.0,5.5,177,23,0,0,0,0,1.6,144,59,19,6,4.8,57,22,0,60,4.8,37,14,0.9,3.5,0,35683,1716,42066,218,4.8,4.8,0.35,0.29,0.64,4.1,0.09,0.07,0.16,1.03,61.2,71,34,27.4,133,41,18.0,129,39,10.7,114,41,,2.0,,4,,Murillo,Costa dos Santos,Murillo,,,359,0,1,1,4,0,0,0,1,0,0,4,42,,,,0.0,0.25,1.0,1.0,10.53,8,34,16
473,a,,,4.5,443,87,0,0,0,0,2.6,113,45,8,2,2.0,197,77,0,43,2.0,156,59,0.4,1.8,0,47380,685,125925,755,2.0,2.0,0.04,0.53,0.57,3.72,0.01,0.16,0.17,1.09,40.8,144,66,51.6,58,12,15.0,148,48,10.8,111,38,,,,4,,Ola,Aina,Aina,,,306,0,0,1,3,0,0,0,2,0,0,4,22,,,,0.0,0.29,0.88,1.18,6.47,10,12,14
474,d,75.0,,4.5,531,137,0,0,0,0,0.2,324,120,10,0,3.3,104,43,0,35,2.5,122,44,0.6,2.2,0,9321,40,7955,189,1.9,2.5,0.03,0.01,0.04,3.28,0.01,0.0,0.01,1.09,55.4,99,45,2.4,271,95,1.0,292,110,5.9,211,81,,,,4,,Jair,Paula da Cunha Filho,Jair Cunha,Hamstring injury - 75% chance of playing,,270,0,0,1,3,0,0,0,1,0,0,3,28,,,,0.0,0.33,1.0,1.0,9.33,5,23,5
475,i,0.0,0.0,4.5,507,128,0,0,0,0,0.0,642,213,0,0,0.0,494,188,0,0,0.0,494,188,0.0,0.0,0,203,0,220,1,0.0,0.0,0.0,0.0,0.0,0.0,0.0,0.0,0.0,0.0,0.0,462,183,0.0,462,183,0.0,419,176,0.0,468,181,,,,4,,Nicolò,Savona,Savona,Knee injury - Unknown return date,,0,0,0,0,0,0,0,0,0,0,0,0,0,,,,0.0,0.0,0.0,0.0,0.0,0,0,0
476,a,,,4.0,604,173,0,0,0,0,0.2,329,122,0,0,0.0,415,145,0,0,0.0,415,145,0.0,0.0,0,2724,46,5956,76,0.0,0.0,0.0,0.0,0.0,0.0,0.0,0.0,0.0,0.0,0.0,380,138,0.0,375,138,0.0,317,120,0.0,386,136,,,,4,,Omar,Richards,O.Richards,,,0,0,0,0,0,0,0,0,0,0,0,0,0,,,,0.0,0.0,0.0,0.0,0.0,0,0,0
477,u,0.0,0.0,4.0,639,199,0,0,0,0,0.2,352,132,0,0,0.0,440,161,0,0,0.0,440,161,0.0,0.0,0,2459,0,10934,124,0.0,0.0,0.0,0.0,0.0,0.0,0.0,0.0,0.0,0.0,0.0,405,154,0.0,400,154,0.0,342,136,0.0,411,152,,,,4,,Zach,Abbott,Abbott,Has joined Southampton on loan for the rest of the season,,0,0,0,0,0,0,0,0,0,0,0,0,0,,,,0.0,0.0,0.0,0.0,0.0,0,0,0
478,a,,,4.5,494,123,0,0,0,0,0.0,536,186,2,0,1.0,292,113,0,3,0.5,309,113,0.1,0.4,0,394,10,1135,7,0.5,0.5,0.0,0.0,0.0,0.13,0.0,0.0,0.0,0.58,2.0,341,127,0.9,307,115,0.0,407,172,0.3,350,127,,,,4,,Luca,Netz,Netz,,,20,0,0,0,1,0,0,0,0,0,0,0,1,,,,0.0,0.0,4.5,0.0,4.5,1,0,1
479,u,0.0,0.0,4.0,634,194,0,0,0,0,0.1,390,145,0,0,0.0,436,157,0,0,0.0,436,157,0.0,0.0,0,799,0,6792,59,0.0,0.0,0.0,0.0,0.0,0.0,0.0,0.0,0.0,0.0,0.0,401,150,0.0,396,150,0.0,338,132,0.0,407,148,,,,4,,Tyler,Bindon,Bindon,Has joined Charlton Athletic on loan for the rest of the season,,0,0,0,0,0,0,0,0,0,0,0,0,0,,,,0.0,0.0,0.0,0.0,0.0,0,0,0
480,a,100.0,100.0,7.9,9,6,0,0,-1,1,9.5,44,16,26,8,6.5,25,13,6,88,6.5,11,8,0.8,3.3,0,405161,6083,546699,2695,6.5,6.5,1.5,1.1,2.6,4.1,0.38,0.28,0.66,1.02,62.0,69,22,24.8,145,86,46.0,65,39,13.2,76,48,,1.0,1.0,4,,Morgan,Gibbs-White,Gibbs-White,,,360,1,2,1,4,0,0,0,0,0,0,4,19,,,,0.0,0.25,1.0,1.0,4.75,5,2,12
482,a,100.0,100.0,5.9,90,58,0,0,-1,1,0.2,360,130,1,0,1.0,363,168,0,2,0.2,390,183,0.0,0.2,0,3162,53,13910,142,0.2,0.2,0.0,0.0,0.0,0.0,0.0,0.0,0.0,0.0,0.0,632,277,0.3,345,171,0.0,630,275,0.0,635,277,,4.0,,4,,Callum,Hudson-Odoi,Hudson-Odoi,,,1,0,0,0,0,0,0,0,0,0,0,0,0,,,,0.0,0.0,0.0,0.0,0.0,0,0,0
483,a,,,5.5,153,92,0,0,0,0,0.6,229,75,14,1,3.5,100,42,2,41,3.5,73,30,0.6,2.5,0,45455,404,30203,630,3.5,3.5,1.01,1.11,2.12,3.21,0.35,0.39,0.74,1.12,37.6,155,57,25.8,142,83,36.0,84,48,10.0,126,61,,,,4,,Dan,Ndoye,Ndoye,,,258,1,0,1,2,0,0,0,1,0,0,4,19,,,,0.0,0.35,0.7,1.4,6.63,2,2,15
484,u,0.0,0.0,5.4,225,142,0,0,-1,1,0.1,442,172,0,0,0.0,622,268,0,0,0.0,622,268,0.0,0.0,0,427,0,9609,74,0.0,0.0,0.0,0.0,0.0,0.0,0.0,0.0,0.0,0.0,0.0,608,261,0.0,613,265,0.0,600,256,0.0,614,263,,,,4,,Omari,Hutchinson,Hutchinson,Has joined AC Milan on loan for the rest of the season,,0,0,0,0,0,0,0,0,0,0,0,0,0,,,,0.0,0.0,0.0,0.0,0.0,0,0,0
485,u,0.0,0.0,5.5,159,96,0,0,0,0,0.0,624,268,0,0,0.0,632,275,0,0,0.0,632,275,0.0,0.0,0,107,0,1084,2,0.0,0.0,0.0,0.0,0.0,0.0,0.0,0.0,0.0,0.0,0.0,621,270,0.0,627,272,0.0,619,267,0.0,627,272,,,,4,,Dilane,Bakwa,Bakwa,Has joined Lille on loan for the rest of the season,,0,0,0,0,0,0,0,0,0,0,0,0,0,,,,0.0,0.0,0.0,0.0,0.0,0,0,0
486,a,,,5.5,146,88,0,0,0,0,0.1,435,168,8,1,2.0,214,91,0,74,2.0,164,74,0.4,1.5,0,6107,84,3468,55,2.0,2.0,0.16,0.73,0.89,3.88,0.04,0.2,0.24,1.05,34.0,172,67,120.5,3,3,10.0,194,95,16.5,46,33,1.0,,,4,,James,McAtee,McAtee,,,334,0,0,2,3,0,0,0,2,0,0,4,34,,,,0.0,0.54,0.81,1.08,9.16,8,8,18
487,a,,,4.9,385,231,0,0,-1,1,0.1,478,189,1,0,1.0,304,128,0,3,0.2,365,162,0.0,0.2,0,902,18,3122,33,0.2,0.2,0.0,0.0,0.0,0.0,0.0,0.0,0.0,0.0,0.2,356,166,0.0,522,215,0.0,483,185,0.0,529,212,,,,4,,Nicolás,Domínguez,Dominguez,,,1,0,0,0,0,0,0,0,0,0,0,0,0,,,,0.0,0.0,0.0,0.0,0.0,0,0,0
488,a,100.0,100.0,4.9,374,224,0,0,-1,1,0.5,249,82,3,1,1.5,249,107,0,12,0.8,274,122,0.2,0.6,0,7391,59,58815,241,0.8,0.8,0.09,0.02,0.11,0.56,0.08,0.02,0.1,0.51,17.8,228,91,13.0,204,112,3.0,254,122,3.4,255,110,,,,4,,Ibrahim,Sangaré,I.Sangaré,,,98,0,0,0,1,0,0,0,0,0,0,1,8,,,,0.0,0.0,0.92,0.92,7.35,1,4,3
489,a,100.0,100.0,4.5,457,262,0,0,0,0,1.4,161,49,0,0,0.0,472,190,0,0,0.0,472,190,0.0,0.0,0,26905,198,71973,714,0.0,0.0,0.0,0.0,0.0,0.0,0.0,0.0,0.0,0.0,0.0,439,172,0.0,436,180,0.0,385,149,0.0,445,176,,,,4,,Ryan,Yates,Yates,,,0,0,0,0,0,0,0,0,0,0,0,0,0,,,,0.0,0.0,0.0,0.0,0.0,0,0,0
490,a,,,5.9,84,22,0,0,-1,1,1.0,186,28,3,1,1.0,361,43,0,9,0.8,293,36,0.1,0.5,0,17043,130,95173,920,0.8,0.8,0.12,0.01,0.13,0.49,0.24,0.02,0.26,0.98,0.2,361,39,2.5,269,33,3.0,260,40,0.4,345,40,,,2.0,4,,Chris,Wood,Wood,,,45,0,0,0,1,0,0,0,0,0,0,0,1,,,,0.0,0.0,2.0,0.0,2.0,0,0,1
491,a,,,5.9,102,27,0,0,-1,1,2.4,116,16,11,7,2.8,151,19,2,49,2.8,116,14,0.5,1.9,0,49331,872,217001,2508,2.8,2.8,1.09,0.07,1.16,2.57,0.43,0.03,0.46,1.02,15.0,243,21,20.5,167,20,69.0,29,10,10.5,120,15,,,4.0,4,,Igor Jesus,Maciel da Cruz,Igor Jesus,,,226,1,0,0,3,0,0,0,1,0,0,2,12,,,,0.0,0.0,1.19,0.8,4.78,2,5,5
493,a,,,5.4,215,49,0,0,-1,1,0.1,490,67,1,0,1.0,341,38,0,3,0.2,381,46,0.0,0.2,0,2355,28,2906,31,0.2,0.2,0.0,0.0,0.0,0.0,0.0,0.0,0.0,0.0,0.0,602,66,0.0,609,71,0.0,594,68,0.0,609,70,,,,4,,Arnaud,Kalimuendo,Kalimuendo,,,1,0,0,0,0,0,0,0,0,0,0,0,0,,,,0.0,0.0,0.0,0.0,0.0,0,0,0
558,a,,,5.0,261,162,0,0,0,0,0.1,426,164,11,3,2.8,148,59,0,56,2.8,112,49,0.6,2.2,0,2661,44,3764,36,2.8,2.8,0.12,0.08,0.2,3.76,0.04,0.03,0.07,1.18,33.0,178,68,4.0,246,130,10.0,192,94,4.8,233,103,3.0,,,4,,Xaver,Schlager,Schlager,,,286,0,0,1,4,0,0,0,1,0,0,3,41,,,,0.0,0.31,1.26,0.94,12.9,15,8,18
581,a,,,5.4,231,31,0,0,-1,1,0.5,247,91,5,4,2.5,168,64,0,16,1.2,231,85,0.2,0.9,0,8230,118,36229,155,1.2,1.2,0.06,0.0,0.06,0.82,0.06,0.0,0.06,0.81,0.0,610,211,0.0,614,211,0.0,603,210,0.0,616,211,,,,4,,Ousmane,Diomande,Diomande,,,91,0,0,0,1,0,0,0,0,0,0,1,14,,,,0.0,0.0,0.99,0.99,13.85,1,13,3
590,a,,,4.5,481,37,0,0,0,0,0.1,465,53,0,0,0.0,482,59,0,0,0.0,482,59,0.0,0.0,0,2137,19,2055,17,0.0,0.0,0.0,0.0,0.0,0.0,0.0,0.0,0.0,0.0,0.0,449,59,0.0,447,43,0.0,399,40,0.0,455,59,,,,4,,Steven,Benda,Benda,,,0,0,0,0,0,0,0,0,0,0,0,0,0,,,,0.0,0.0,0.0,0.0,0.0,0,0,0
112,a,,,4.9,396,74,0,0,-1,1,6.8,59,24,11,1,2.8,147,58,2,42,2.8,110,41,0.6,2.2,0,95918,552,403144,1701,2.8,2.8,0.34,0.08,0.42,5.51,0.11,0.03,0.14,1.78,71.4,54,23,29.3,131,39,46.0,63,11,14.6,60,14,,,,4,,Jan Paul,van Hecke,Van Hecke,,,279,0,0,1,5,0,0,0,0,0,0,4,22,,,,0.0,0.32,1.61,1.29,7.1,6,16,11
147,a,,,4.4,562,146,0,0,-1,1,0.2,361,137,0,0,0.0,456,175,0,0,0.0,456,175,0.0,0.0,0,1489,34,6348,33,0.0,0.0,0.0,0.0,0.0,0.0,0.0,0.0,0.0,0.0,0.0,421,168,0.0,416,168,0.0,361,153,0.0,427,166,,,,4,,Tosin,Adarabioyo,Tosin,,,0,0,0,0,0,0,0,0,0,0,0,0,0,,,,0.0,0.0,0.0,0.0,0.0,0,0,0
401,a,,,7.0,28,9,0,0,0,0,2.3,119,17,5,1,1.7,247,29,0,24,1.2,235,25,0.2,0.7,0,188425,1166,96849,1057,1.2,1.2,0.34,0.08,0.42,1.6,0.17,0.04,0.21,0.79,9.2,274,25,37.5,101,8,38.0,79,18,8.2,158,18,,5.0,2.0,4,,Omar,Marmoush,Marmoush,,,182,0,0,1,2,0,0,0,0,0,0,3,5,,,,0.0,0.49,0.99,1.48,2.47,1,0,4
403,a,100.0,100.0,6.5,41,28,0,0,0,0,0.7,222,71,4,1,2.0,225,96,0,22,1.0,264,118,0.2,0.6,0,84415,307,59903,425,1.0,1.0,0.02,0.33,0.35,0.49,0.03,0.43,0.46,0.64,6.2,298,129,17.3,179,101,15.0,158,77,3.9,248,106,4.0,,,4,,Sávio,Moreira de Oliveira,Sávio,,,69,0,0,1,0,0,0,0,0,0,0,2,0,,,,0.0,1.3,0.0,2.61,0.0,0,0,0
455,a,,,5.4,207,130,0,0,-1,1,2.5,114,36,10,1,2.5,166,67,0,55,2.5,127,56,0.5,1.9,0,41366,317,195098,1401,2.5,2.5,0.09,0.09,0.18,5.51,0.03,0.03,0.06,1.89,34.0,171,66,40.7,89,61,12.0,177,88,8.7,148,70,,,,4,,Sandro,Tonali,Tonali,,,263,0,0,1,5,0,0,0,0,0,0,4,21,,,,0.0,0.34,1.71,1.37,7.19,5,5,11
494,u,0.0,0.0,4.5,449,32,0,0,0,0,0.2,366,41,0,0,0.0,470,55,0,0,0.0,470,55,0.0,0.0,0,0,0,19796,102,0.0,0.0,0.0,0.0,0.0,0.0,0.0,0.0,0.0,0.0,0.0,436,55,0.0,433,38,0.0,382,35,0.0,442,55,,,,4,,Guglielmo,Vicario,Vicario,Has joined Juventus on loan for the rest of the season,,0,0,0,0,0,0,0,0,0,0,0,0,0,,,,0.0,0.0,0.0,0.0,0.0,0,0,0
495,a,,,4.0,605,62,0,0,0,0,1.0,189,29,0,0,0.0,416,37,0,0,0.0,416,37,0.0,0.0,0,21706,194,15219,114,0.0,0.0,0.0,0.0,0.0,0.0,0.0,0.0,0.0,0.0,0.0,381,36,0.0,376,17,0.0,318,14,0.0,387,36,,,,4,,Brandon,Austin,Austin,,,0,0,0,0,0,0,0,0,0,0,0,0,0,,,,0.0,0.0,0.0,0.0,0.0,0,0,0
496,a,,,4.5,497,41,0,0,0,0,18.5,17,3,10,1,2.5,163,14,0,46,2.5,121,10,0.6,2.2,0,235011,1567,587713,2511,2.5,2.5,0.0,0.0,0.0,5.51,0.0,0.0,0.0,1.78,57.8,85,12,10.0,225,2,0.0,410,44,6.8,187,11,,,,4,,Antonín,Kinský,Kinsky,,,279,0,0,1,5,0,0,0,0,0,6,4,0,,,,1.94,0.32,1.61,1.29,0.0,0,6,26
497,a,,,4.0,584,53,0,0,0,0,17.9,21,4,0,0,0.0,401,28,0,0,0.0,401,28,0.0,0.0,0,312515,1709,310111,2300,0.0,0.0,0.0,0.0,0.0,0.0,0.0,0.0,0.0,0.0,0.0,366,27,0.0,359,8,0.0,299,5,0.0,371,27,,,,4,,Martin,Dubravka,Dubravka,,,0,0,0,0,0,0,0,0,0,0,0,0,0,,,,0.0,0.0,0.0,0.0,0.0,0,0,0
498,a,,,5.9,92,8,0,0,-1,1,4.4,76,31,3,0,3.0,142,57,0,10,0.8,294,104,0.1,0.5,0,25805,170,365986,2221,0.8,0.8,0.0,0.02,0.02,3.87,0.0,0.02,0.02,3.87,36.6,161,74,2.2,277,98,0.0,632,213,3.9,247,95,,,,4,,Marcos,Senesi Barón,Senesi,,,90,0,0,0,3,0,0,0,0,0,0,1,16,,,,0.0,0.0,3.0,1.0,16.0,5,11,2
499,d,75.0,75.0,5.5,151,19,0,0,0,0,10.6,42,16,8,0,4.0,81,35,1,29,2.0,165,62,0.4,1.5,0,117631,190,683050,8167,1.5,1.5,0.36,0.16,0.52,1.64,0.18,0.08,0.26,0.82,22.6,210,90,43.7,78,18,27.0,105,28,9.3,141,54,3.0,1.0,,4,,Pedro,Porro Sauceda,Pedro Porro,Unspecified injury - 75% chance of playing,,180,0,0,1,2,0,0,0,0,0,0,2,8,,,,0.0,0.5,1.0,1.0,4.0,2,6,5
500,u,0.0,0.0,5.0,272,43,0,0,0,0,0.1,428,153,0,0,0.0,571,204,0,0,0.0,571,204,0.0,0.0,0,0,0,15946,42,0.0,0.0,0.0,0.0,0.0,0.0,0.0,0.0,0.0,0.0,0.0,551,203,0.0,553,203,0.0,526,199,0.0,557,202,,,,4,,Cristian,Romero,Romero,Has joined Atletico Madrid permanently,,0,0,0,0,0,0,0,0,0,0,0,0,0,,,,0.0,0.0,0.0,0.0,0.0,0,0,0
502,a,,,4.4,563,147,0,0,-1,1,2.7,110,43,7,1,1.8,229,86,0,30,1.8,178,66,0.4,1.6,0,41822,299,149109,1140,1.8,1.8,0.06,0.16,0.22,4.78,0.03,0.07,0.1,2.21,49.0,117,56,36.3,104,29,27.0,102,25,11.2,102,33,1.0,,,4,,Andrew,Robertson,Robertson,,,195,0,0,0,4,0,0,0,0,0,0,3,15,,,,0.0,0.0,1.85,1.38,6.92,3,12,6
503,a,100.0,100.0,5.0,313,56,0,0,0,0,3.9,87,34,10,1,3.3,106,44,3,38,2.5,125,46,0.5,2.0,0,59792,988,227110,638,2.5,2.5,0.57,0.02,0.59,1.64,0.27,0.01,0.28,0.78,36.6,160,73,3.3,257,88,14.0,160,53,5.4,220,84,,,,4,,Micky,van de Ven,Van de Ven,,,189,0,0,1,2,0,0,0,1,0,0,3,18,,,,0.0,0.48,0.95,1.43,8.57,4,14,9
505,u,0.0,0.0,4.5,470,107,0,0,0,0,0.3,309,114,0,0,0.0,478,181,0,0,0.0,478,181,0.0,0.0,0,0,0,65582,149,0.0,0.0,0.0,0.0,0.0,0.0,0.0,0.0,0.0,0.0,0.0,445,175,0.0,442,175,0.0,392,163,0.0,451,173,,,,4,,Djed,Spence,Spence,Has joined Internazionale permanently,,0,0,0,0,0,0,0,0,0,0,0,0,0,,,,0.0,0.0,0.0,0.0,0.0,0,0,0
506,d,75.0,75.0,4.5,498,125,0,0,0,0,0.4,277,102,7,0,2.3,176,70,0,21,1.8,186,72,0.4,1.6,0,4297,7,16222,351,1.4,1.4,0.0,0.23,0.23,1.17,0.0,0.24,0.24,1.22,9.8,271,111,13.5,198,66,4.0,241,89,2.7,272,104,,,,4,,Destiny,Udogie,Udogie,Unspecified injury - 75% chance of playing,,86,0,0,1,1,0,0,0,1,0,0,1,4,,,,0.0,1.05,1.05,1.05,4.19,1,3,4
507,u,0.0,0.0,4.5,518,132,0,0,0,0,0.0,587,199,0,0,0.0,504,191,0,0,0.0,504,191,0.0,0.0,0,0,0,1112,3,0.0,0.0,0.0,0.0,0.0,0.0,0.0,0.0,0.0,0.0,0.0,472,186,0.0,472,186,0.0,429,179,0.0,478,184,,,,4,,Ashley,Phillips,Phillips,Has joined Middlesbrough permanently,,0,0,0,0,0,0,0,0,0,0,0,0,0,,,,0.0,0.0,0.0,0.0,0.0,0,0,0
508,a,,,4.0,591,164,0,0,0,0,0.9,201,76,0,0,0.0,408,142,0,0,0.0,408,142,0.0,0.0,0,9857,105,29943,238,0.0,0.0,0.0,0.0,0.0,0.0,0.0,0.0,0.0,0.0,0.0,373,135,0.0,366,133,0.0,306,113,0.0,378,132,,,,4,,Ben,Davies,Davies,,,0,0,0,0,0,0,0,0,0,0,0,0,0,,,,0.0,0.0,0.0,0.0,0.0,0,0,0
509,a,,,4.0,653,212,0,0,0,0,0.1,482,171,0,0,0.0,451,171,0,0,0.0,451,171,0.0,0.0,0,1684,25,1786,15,0.0,0.0,0.0,0.0,0.0,0.0,0.0,0.0,0.0,0.0,0.0,416,164,0.0,411,164,0.0,356,149,0.0,422,162,,,,4,,Jun'ai,Byfield,Byfield,,,0,0,0,0,0,0,0,0,0,0,0,0,0,,,,0.0,0.0,0.0,0.0,0.0,0,0,0
510,a,,,4.0,630,191,0,0,0,0,0.1,436,157,0,0,0.0,432,154,0,0,0.0,432,154,0.0,0.0,0,2093,36,2393,15,0.0,0.0,0.0,0.0,0.0,0.0,0.0,0.0,0.0,0.0,0.0,397,147,0.0,392,147,0.0,334,129,0.0,403,145,,,,4,,James,Rowswell,Rowswell,,,0,0,0,0,0,0,0,0,0,0,0,0,0,,,,0.0,0.0,0.0,0.0,0.0,0,0,0
511,u,0.0,0.0,4.0,652,211,0,0,0,0,0.2,342,128,0,0,0.0,450,170,0,0,0.0,450,170,0.0,0.0,0,2555,0,13705,110,0.0,0.0,0.0,0.0,0.0,0.0,0.0,0.0,0.0,0.0,0.0,415,163,0.0,410,163,0.0,355,148,0.0,421,161,,,,4,,João Victor,de Souza Menezes,Souza,Has joined FC Porto on loan for the rest of the season,,0,0,0,0,0,0,0,0,0,0,0,0,0,,,,0.0,0.0,0.0,0.0,0.0,0,0,0
512,a,100.0,100.0,6.5,40,27,0,0,0,0,0.1,380,138,2,0,1.0,376,178,0,17,0.5,346,158,0.1,0.3,0,8150,84,7227,95,0.5,0.5,0.04,0.17,0.21,0.67,0.07,0.3,0.37,1.18,6.4,296,127,18.4,176,100,13.0,173,86,3.8,250,108,6.0,3.0,3.0,4,,Mohammed,Kudus,Kudus,,,51,0,0,0,1,0,0,0,0,0,0,0,5,,,,0.0,0.0,1.76,0.0,8.82,0,0,5
513,i,0.0,0.0,5.9,104,66,0,0,-1,1,0.0,593,248,0,0,0.0,642,281,0,0,0.0,642,281,0.0,0.0,0,247,6,928,9,0.0,0.0,0.0,0.0,0.0,0.0,0.0,0.0,0.0,0.0,0.0,637,280,0.0,639,280,0.0,637,279,0.0,639,280,,2.0,4.0,4,,Xavi,Simons,Xavi,Knee injury - Unknown return date,,0,0,0,0,0,0,0,0,0,0,0,0,0,,,,0.0,0.0,0.0,0.0,0.0,0,0,0
514,a,,,5.8,113,72,0,0,-2,2,0.2,316,112,7,0,2.3,181,72,0,38,1.8,197,86,0.3,1.2,0,8080,45,38825,225,1.8,1.8,0.2,0.14,0.34,5.11,0.08,0.05,0.13,2.0,21.0,217,88,49.5,62,46,63.0,39,24,13.3,75,47,5.0,4.0,,4,,Mathys,Tel,Tel,,,230,0,0,1,4,0,0,0,0,0,0,3,13,,,,0.0,0.39,1.57,1.17,5.09,1,1,11
515,a,100.0,100.0,6.3,51,35,0,0,-2,2,0.4,265,89,1,0,1.0,371,173,0,6,0.2,394,185,0.0,0.2,0,3353,45,89776,189,0.2,0.2,0.0,0.01,0.01,0.85,0.0,0.04,0.04,3.48,4.4,311,139,8.3,227,120,8.0,206,103,2.1,292,130,,,,4,,James,Maddison,Maddison,,,22,0,0,0,0,0,0,0,0,0,0,0,2,,,,0.0,0.0,0.0,0.0,8.18,0,1,1
516,a,,,5.5,134,81,0,0,0,0,0.2,354,129,9,1,2.2,190,78,0,42,2.2,150,66,0.4,1.6,0,2704,46,6098,50,2.2,2.2,0.02,0.05,0.07,3.82,0.01,0.02,0.03,1.47,35.8,165,62,25.1,144,85,6.0,229,114,6.8,190,88,,,,4,,Rodrigo,Bentancur,Bentancur,,,234,0,0,1,3,0,0,0,0,0,0,3,34,,,,0.0,0.38,1.15,1.15,13.08,7,14,13
517,i,0.0,0.0,5.5,175,109,0,0,0,0,0.0,649,287,0,0,0.0,633,276,0,0,0.0,633,276,0.0,0.0,0,80,1,78,3,0.0,0.0,0.0,0.0,0.0,0.0,0.0,0.0,0.0,0.0,0.0,624,273,0.0,629,274,0.0,622,270,0.0,628,273,,,,4,,Wilson,Odobert,Odobert,Knee injury - Unknown return date,,0,0,0,0,0,0,0,0,0,0,0,0,0,,,,0.0,0.0,0.0,0.0,0.0,0,0,0
518,u,0.0,0.0,4.9,397,237,0,0,-1,1,0.1,425,163,0,0,0.0,554,226,0,0,0.0,554,226,0.0,0.0,0,4138,0,21064,145,0.0,0.0,0.0,0.0,0.0,0.0,0.0,0.0,0.0,0.0,0.0,529,211,0.0,530,219,0.0,492,190,0.0,537,216,,,,4,,Pape Matar,Sarr,P.M.Sarr,Has joined Juventus on loan for the rest of the season,,0,0,0,0,0,0,0,0,0,0,0,0,0,,,,0.0,0.0,0.0,0.0,0.0,0,0,0
519,a,,,5.4,201,126,0,0,-1,1,0.2,339,122,3,0,1.5,255,111,0,24,0.8,284,130,0.1,0.6,0,3068,24,13879,89,0.8,0.8,0.02,0.12,0.14,2.58,0.01,0.08,0.09,1.81,10.2,267,112,9.9,226,119,3.0,257,124,2.2,283,125,,,,4,,Conor,Gallagher,Gallagher,,,128,0,0,1,2,0,0,0,1,0,0,2,14,,,,0.0,0.7,1.41,1.41,9.84,5,1,8
520,a,,,5.4,232,147,0,0,-1,1,0.2,365,131,1,0,1.0,349,159,0,2,0.2,386,179,0.0,0.2,0,1448,12,7736,60,0.2,0.2,0.0,0.01,0.01,1.7,0.0,0.02,0.02,3.4,0.0,611,263,2.0,283,144,2.0,282,135,0.0,617,265,,,,4,,Lucas,Bergvall,Bergvall,,,45,0,0,0,2,0,0,0,0,0,0,1,8,,,,0.0,0.0,4.0,2.0,16.0,1,0,7
521,i,0.0,0.0,6.5,38,26,0,0,0,0,0.0,609,258,0,0,0.0,650,289,0,0,0.0,650,289,0.0,0.0,0,246,3,579,7,0.0,0.0,0.0,0.0,0.0,0.0,0.0,0.0,0.0,0.0,0.0,650,290,0.0,651,290,0.0,650,290,0.0,650,290,,,,4,,Dejan,Kulusevski,Kulusevski,Knee injury - Unknown return date,,0,0,0,0,0,0,0,0,0,0,0,0,0,,,,0.0,0.0,0.0,0.0,0.0,0,0,0
522,a,,,5.0,338,203,0,0,0,0,0.2,344,124,5,1,1.7,244,104,0,28,1.2,226,101,0.2,1.0,0,4776,28,10006,101,1.2,1.2,0.04,0.02,0.06,3.91,0.02,0.01,0.03,2.19,8.0,280,119,4.8,240,128,0.0,568,235,1.3,314,141,,,,4,,Archie,Gray,Gray,,,161,0,0,0,4,0,0,0,0,0,0,3,14,,,,0.0,0.0,2.24,1.68,7.83,2,5,7
523,u,0.0,0.0,5.0,319,188,0,0,0,0,0.1,449,176,3,0,1.5,254,110,0,11,0.8,280,127,0.2,0.6,0,3258,0,14633,128,0.0,0.0,0.4,0.02,0.42,3.26,0.4,0.02,0.42,3.3,14.2,245,100,6.3,233,123,56.0,49,31,7.5,170,78,,,,4,,Mikey,Moore,Moore,Has joined FC Köln on loan for the rest of the season,,89,0,0,0,4,0,0,0,0,0,0,1,3,,,,0.0,0.0,4.04,1.01,3.03,1,0,2
524,a,,,4.4,573,292,0,0,-1,1,0.8,211,65,0,0,0.0,459,187,0,0,0.0,459,187,0.0,0.0,0,19608,2218,27318,453,0.0,0.0,0.0,0.0,0.0,0.0,0.0,0.0,0.0,0.0,0.0,424,169,0.0,419,177,0.0,365,144,0.0,430,173,,,,4,,Callum,Olusesi,Olusesi,,,0,0,0,0,0,0,0,0,0,0,0,0,0,,,,0.0,0.0,0.0,0.0,0.0,0,0,0
525,a,,,5.8,114,73,0,0,-2,2,0.9,191,61,4,1,1.0,358,166,0,36,1.0,256,114,0.2,0.7,0,11389,79,104823,681,1.0,1.0,0.07,0.24,0.31,2.94,0.04,0.14,0.18,1.75,21.2,215,87,73.9,31,26,3.0,259,126,9.7,129,64,2.0,,,4,,Mateus,Fernandes,Fernandes,,,151,0,0,0,3,0,0,0,1,0,0,2,10,,,,0.0,0.0,1.79,1.19,5.96,4,0,6
526,a,,,5.9,86,23,0,0,-1,1,0.9,192,29,4,1,1.0,362,44,0,11,1.0,258,28,0.2,0.7,0,21749,249,76399,428,1.0,1.0,0.44,0.0,0.44,0.89,0.76,0.0,0.76,1.54,3.2,330,35,0.6,326,40,15.0,157,29,1.9,297,34,,,1.0,4,,Dominic,Solanke-Mitchell,Solanke,,,52,0,0,0,0,0,0,0,0,0,0,1,1,,,,0.0,0.0,0.0,1.73,1.73,0,1,0
527,u,0.0,0.0,5.9,91,25,0,0,-1,1,0.9,198,32,2,0,2.0,219,26,0,6,0.5,338,41,0.1,0.3,0,21439,0,241285,1217,0.0,0.0,0.0,0.0,0.0,3.02,0.0,0.0,0.0,4.06,0.0,633,72,2.2,276,35,0.0,631,74,0.2,361,43,,,,4,,Richarlison,de Andrade,Richarlison,not included in squad.,,67,0,0,0,3,0,0,0,0,0,0,1,1,,,,0.0,0.0,4.03,1.34,1.34,0,1,0
528,u,0.0,0.0,4.5,501,66,0,0,0,0,1.4,159,23,0,0,0.0,488,49,0,0,0.0,488,49,0.0,0.0,0,42525,0,83919,891,0.0,0.0,0.0,0.0,0.0,0.0,0.0,0.0,0.0,0.0,0.0,456,40,0.0,456,46,0.0,413,42,0.0,462,44,,,,4,,Dane,Scarlett,Scarlett,Has joined Leyton Orient permanently,,0,0,0,0,0,0,0,0,0,0,0,0,0,,,,0.0,0.0,0.0,0.0,0.0,0,0,0
578,i,0.0,0.0,5.4,216,135,0,0,-1,1,0.1,479,190,1,0,1.0,342,153,0,3,0.2,382,175,0.0,0.2,0,5393,5,5118,210,0.0,0.0,0.0,0.0,0.0,0.16,0.0,0.0,0.0,0.9,0.0,603,256,0.1,352,175,2.0,280,133,0.1,365,171,,,,4,,Mykhailo,Mudryk,Mudryk,Ankle injury - Unknown return date,,16,0,0,0,0,0,0,0,0,0,0,0,0,,,,0.0,0.0,0.0,0.0,0.0,0,0,0
601,a,,,4.5,545,283,0,0,0,0,0.1,375,136,0,0,0.0,524,207,0,0,0.0,524,207,0.0,0.0,0,9461,34,4741,70,0.0,0.0,0.0,0.0,0.0,0.0,0.0,0.0,0.0,0.0,0.0,494,189,0.0,493,197,0.0,451,166,0.0,500,193,,,,4,,Luca,Williams-Barnett,Williams-Barnett,,,0,0,0,0,0,0,0,0,0,0,0,0,0,,,,0.0,0.0,0.0,0.0,0.0,0,0,0
501,a,,,5.0,246,37,0,0,0,0,0.2,362,138,2,0,2.0,206,81,0,9,0.5,319,119,0.1,0.4,0,3969,74,7538,47,0.5,0.5,0.0,0.08,0.08,1.21,0.0,0.08,0.08,1.21,20.8,218,93,10.9,218,75,0.0,513,196,3.2,260,98,,,,4,,Kevin,Danso,Danso,,,90,0,0,0,1,0,0,0,0,0,0,1,8,,,,0.0,0.0,1.0,1.0,8.0,1,7,3
529,a,,,5.0,317,15,0,0,0,0,2.9,104,18,9,0,3.0,132,12,0,40,2.2,146,14,0.4,1.8,0,17397,107,130964,1158,2.2,2.2,0.0,0.0,0.0,3.96,0.0,0.0,0.0,1.32,31.8,185,20,0.0,579,66,0.0,557,66,3.2,261,20,,,,4,,Robin,Roefs,Roefs,,,270,0,0,1,3,0,0,0,0,0,2,3,0,,,,0.67,0.33,1.0,1.0,0.0,0,4,28
530,u,0.0,0.0,4.0,611,63,0,0,0,0,0.1,386,45,0,0,0.0,419,38,0,0,0.0,419,38,0.0,0.0,0,0,0,4942,33,0.0,0.0,0.0,0.0,0.0,0.0,0.0,0.0,0.0,0.0,0.0,384,37,0.0,379,18,0.0,321,15,0.0,390,37,,,,4,,Anthony,Patterson,Patterson,Has joined Wrexham permanently,,0,0,0,0,0,0,0,0,0,0,0,0,0,,,,0.0,0.0,0.0,0.0,0.0,0,0,0
531,a,,,4.5,512,44,0,0,0,0,0.1,446,50,0,0,0.0,498,62,0,0,0.0,498,62,0.0,0.0,0,854,5,2545,14,0.0,0.0,0.0,0.0,0.0,0.0,0.0,0.0,0.0,0.0,0.0,466,62,0.0,466,48,0.0,423,47,0.0,472,62,,,,4,,Melker,Ellborg,Ellborg,,,0,0,0,0,0,0,0,0,0,0,0,0,0,,,,0.0,0.0,0.0,0.0,0.0,0,0,0
532,a,,,4.9,379,70,0,0,-1,1,3.1,99,37,12,0,4.0,78,32,0,43,3.0,93,37,0.6,2.4,0,35844,248,248929,1154,3.0,3.0,0.09,0.15,0.24,3.96,0.03,0.05,0.08,1.32,66.8,61,28,12.7,208,71,15.0,150,50,9.4,138,53,,,,4,,Daniel,Ballard,Ballard,,,270,0,0,1,3,0,0,0,1,0,0,3,29,,,,0.0,0.33,1.0,1.0,9.67,5,24,6
533,a,100.0,100.0,5.5,133,16,0,0,0,0,2.2,122,49,13,0,6.5,24,9,1,44,3.2,83,35,0.6,2.4,0,34178,260,92808,652,3.2,3.2,0.0,0.03,0.03,2.16,0.0,0.02,0.02,1.08,75.0,42,16,13.0,205,69,2.0,284,108,9.0,144,56,,,,4,,Nordi,Mukiele,Mukiele,,,180,0,0,1,1,0,0,0,0,0,0,2,33,,,,0.0,0.5,0.5,1.0,16.5,6,27,10
534,a,,,4.4,572,156,0,0,-1,1,3.9,83,32,9,0,3.0,118,49,0,46,2.2,135,50,0.5,2.0,0,34945,129,279777,2543,2.2,2.2,0.04,0.28,0.32,3.09,0.02,0.13,0.15,1.43,31.8,184,83,58.6,44,6,15.0,147,47,10.6,116,43,3.0,,,4,,Trai,Hume,Hume,,,195,0,0,1,1,0,0,0,0,0,0,2,12,,,,0.0,0.46,0.46,0.92,5.54,9,3,12
535,a,100.0,100.0,4.9,371,67,0,0,-1,1,0.3,301,112,1,0,1.0,301,118,0,2,0.2,363,135,0.0,0.2,0,4492,18,22211,151,0.2,0.2,0.0,0.01,0.01,0.1,0.0,0.04,0.04,0.39,0.0,517,197,0.6,320,122,0.0,476,191,0.0,523,195,,,,4,,Omar,Alderete,Alderete,,,23,0,0,0,1,0,0,0,0,0,0,0,0,,,,0.0,0.0,3.91,0.0,0.0,0,0,2
536,a,,,4.5,482,116,0,0,0,0,0.4,284,103,9,0,3.0,122,53,0,49,2.2,138,53,0.5,2.0,0,3757,30,13133,100,2.2,2.2,0.0,0.31,0.31,3.96,0.0,0.1,0.1,1.32,53.8,103,47,35.0,110,32,6.0,223,77,9.5,135,51,,,,4,,Reinildo,Mandava,Reinildo,,,270,0,0,1,3,0,0,0,0,0,0,3,22,,,,0.0,0.33,1.0,1.0,7.33,7,15,15
537,u,0.0,0.0,4.5,513,131,0,0,0,0,0.0,627,210,0,0,0.0,499,190,0,0,0.0,499,190,0.0,0.0,0,61,0,588,1,0.0,0.0,0.0,0.0,0.0,0.0,0.0,0.0,0.0,0.0,0.0,467,185,0.0,467,185,0.0,424,178,0.0,473,183,,,,4,,Jenson,Seelt,Seelt,Has joined Swansea City on loan for the rest of the season,,0,0,0,0,0,0,0,0,0,0,0,0,0,,,,0.0,0.0,0.0,0.0,0.0,0,0,0
538,u,0.0,0.0,4.0,624,187,0,0,0,0,0.0,512,179,0,0,0.0,427,151,0,0,0.0,427,151,0.0,0.0,0,0,0,2085,12,0.0,0.0,0.0,0.0,0.0,0.0,0.0,0.0,0.0,0.0,0.0,392,144,0.0,387,144,0.0,329,126,0.0,398,142,,,,4,,Leo Fuhr,Hjelde,Hjelde,Has joined KV Mechelen on loan for the rest of the season,,0,0,0,0,0,0,0,0,0,0,0,0,0,,,,0.0,0.0,0.0,0.0,0.0,0,0,0
539,a,,,4.0,595,166,0,0,0,0,2.6,111,44,1,0,1.0,273,97,0,1,0.2,350,126,0.0,0.2,0,12704,118,85392,686,0.2,0.2,0.01,0.01,0.02,1.69,0.01,0.01,0.02,2.3,11.4,260,108,1.4,294,107,4.0,236,84,1.7,301,111,,,,4,,Luke,O'Nien,O'Nien,,,66,0,0,0,1,0,0,0,1,0,0,1,5,,,,0.0,0.0,1.36,1.36,6.82,1,4,4
540,u,0.0,0.0,4.0,589,163,0,0,0,0,0.1,367,140,0,0,0.0,406,141,0,0,0.0,406,141,0.0,0.0,0,0,0,9724,67,0.0,0.0,0.0,0.0,0.0,0.0,0.0,0.0,0.0,0.0,0.0,371,134,0.0,364,132,0.0,304,112,0.0,376,131,,,,4,,Arthur,Masuaku,Masuaku,Has joined Konyaspor permanently,,0,0,0,0,0,0,0,0,0,0,0,0,0,,,,0.0,0.0,0.0,0.0,0.0,0,0,0
541,a,100.0,100.0,4.5,431,83,0,0,0,0,0.3,302,113,9,0,3.0,119,50,0,32,2.2,136,51,0.5,2.0,0,4455,25,6686,64,2.2,2.2,0.21,0.13,0.34,3.51,0.08,0.05,0.13,1.3,41.6,142,64,26.8,137,43,26.0,106,29,9.5,134,50,,,,4,,Thomas,Meunier,Meunier,,,243,0,0,1,3,0,0,0,0,0,0,3,14,,,,0.0,0.37,1.11,1.11,5.19,2,12,8
542,a,,,5.8,111,70,0,0,-2,2,4.4,77,25,13,0,4.3,68,31,1,51,3.2,88,38,0.6,2.2,0,28052,221,528874,3356,3.2,3.2,1.21,0.23,1.44,3.76,0.42,0.08,0.5,1.31,48.0,122,43,34.8,111,69,54.0,54,35,13.8,70,46,1.0,3.0,2.0,4,,Enzo,Le Fée,E.Le Fée,,,258,1,0,1,2,0,0,0,0,0,0,3,14,,,,0.0,0.35,0.7,1.05,4.88,6,1,7
543,i,0.0,0.0,5.4,228,144,0,0,-1,1,0.0,535,218,5,0,2.5,167,68,0,18,1.2,230,103,0.2,0.9,0,527,1,5041,30,0.0,0.0,0.03,0.16,0.19,0.12,0.1,0.51,0.61,0.39,15.6,240,99,10.9,219,116,2.0,281,134,2.9,268,117,,,1.0,4,,Habib,Diarra,Diarra,Hamstring injury - Unknown return date,,28,0,1,0,1,0,0,0,0,0,0,0,0,,,,0.0,0.0,3.21,0.0,0.0,0,0,0
544,a,,,5.5,123,79,0,0,0,0,4.2,80,27,18,0,6.0,37,18,5,72,4.5,43,20,0.8,3.3,0,112061,651,128790,2216,4.5,4.5,0.06,0.57,0.63,3.96,0.02,0.19,0.21,1.32,54.4,101,37,109.8,8,8,3.0,258,125,16.7,42,30,2.0,2.0,,4,,Granit,Xhaka,Xhaka,,,270,0,1,1,3,0,0,0,1,0,0,3,35,,,,0.0,0.33,1.0,1.0,11.67,5,7,23
545,a,,,4.9,414,251,0,0,-1,1,0.2,315,111,6,0,2.0,205,84,0,55,1.5,204,89,0.3,1.2,0,4193,51,13517,161,1.5,1.5,0.36,0.23,0.59,3.57,0.13,0.08,0.21,1.27,41.8,141,52,54.9,49,41,79.0,18,10,17.6,36,27,,,,4,,Noah,Sadiki,Sadiki,,,253,0,0,1,3,0,0,0,1,0,0,3,16,,,,0.0,0.36,1.07,1.07,5.69,3,6,7
546,u,0.0,0.0,4.9,406,244,0,0,-1,1,0.0,534,217,0,0,0.0,557,228,0,0,0.0,557,228,0.0,0.0,0,240,0,6628,45,0.0,0.0,0.0,0.0,0.0,0.0,0.0,0.0,0.0,0.0,0.0,532,213,0.0,533,221,0.0,495,192,0.0,540,218,,,,4,,Simon,Adingra,Adingra,Has joined Ajax on loan for the rest of the season,,0,0,0,0,0,0,0,0,0,0,0,0,0,,,,0.0,0.0,0.0,0.0,0.0,0,0,0
547,i,0.0,0.0,4.9,395,236,0,0,-1,1,0.0,618,264,1,0,1.0,306,129,0,2,0.2,367,163,0.0,0.2,0,177,1,493,10,0.0,0.0,0.17,0.0,0.17,0.09,15.3,0.0,15.3,8.1,8.0,278,118,0.1,350,174,17.0,135,68,2.5,277,120,,,,4,,Romaine,Mundle,Mundle,Knee injury - Unknown return date,,1,0,0,0,0,0,0,0,0,0,0,0,1,,,,0.0,0.0,0.0,0.0,90.0,0,1,0
551,a,,,5.0,334,199,0,0,0,0,0.1,377,137,10,0,3.3,107,44,0,47,2.5,126,55,0.5,2.0,0,11587,26,7765,124,2.5,2.5,0.15,0.12,0.27,3.0,0.07,0.06,0.13,1.46,48.6,118,42,25.7,143,84,32.0,92,51,10.6,117,58,,1.0,,4,,Nilson,Angulo,N.Angulo,,,185,1,0,1,2,0,0,0,1,0,0,3,17,,,,0.0,0.49,0.97,1.46,8.27,3,2,12
552,a,,,5.8,109,29,0,0,-2,2,6.8,58,8,6,0,2.0,218,25,0,17,1.5,214,21,0.3,1.0,0,79946,498,734869,5844,1.5,1.5,0.59,0.06,0.65,3.48,0.24,0.02,0.26,1.43,4.4,309,31,41.4,85,6,44.0,68,17,8.9,146,16,,,,4,,Brian,Brobbey,Brobbey,,,219,0,0,1,2,0,0,0,0,0,0,3,7,,,,0.0,0.41,0.82,1.23,2.88,0,1,6
553,a,,,5.5,148,38,0,0,0,0,1.5,148,22,13,0,4.3,67,7,3,47,3.2,84,7,0.6,2.4,0,86676,819,50518,795,3.2,3.2,1.49,0.01,1.5,0.92,1.79,0.01,1.8,1.1,29.4,189,14,0.6,325,39,35.0,86,20,6.5,198,22,,,,4,,Wilson,Isidor,Isidor,,,75,1,1,0,1,0,0,0,0,0,0,0,2,,,,0.0,0.0,1.2,0.0,2.4,0,0,2
612,a,100.0,100.0,4.5,554,144,0,0,0,0,0.0,621,208,0,0,0.0,530,197,0,0,0.0,530,197,0.0,0.0,0,648,4,332,2,0.0,0.0,0.0,0.0,0.0,0.0,0.0,0.0,0.0,0.0,0.0,501,194,0.0,500,194,0.0,459,188,0.0,507,192,,,,4,,Dayann,Méthalie,Methalie,,,0,0,0,0,0,0,0,0,0,0,0,0,0,,,,0.0,0.0,0.0,0.0,0.0,0,0,0
613,a,,,4.5,559,291,0,0,0,0,0.3,314,110,0,0,0.0,535,214,0,0,0.0,535,214,0.0,0.0,0,22723,133,9219,140,0.0,0.0,0.0,0.0,0.0,0.0,0.0,0.0,0.0,0.0,0.0,506,196,0.0,505,204,0.0,464,173,0.0,512,200,,,,4,,Jules,Ahoka,Ahoka,,,0,0,0,0,0,0,0,0,0,0,0,0,0,,,,0.0,0.0,0.0,0.0,0.0,0,0,0
646,a,,,5.5,173,107,0,0,0,0,0.0,542,222,1,0,1.0,356,164,0,3,0.5,333,150,0.1,0.2,0,3287,23,823,27,0.5,0.5,0.0,0.0,0.0,0.39,0.0,0.0,0.0,2.19,0.0,623,272,0.5,332,164,0.0,621,269,0.1,366,172,,,,4,,Malick,Fofana,Fofana,,,16,0,0,0,0,0,0,0,0,0,0,0,0,,,,0.0,0.0,0.0,0.0,0.0,0,0,0
651,a,,,4.5,556,78,0,0,0,0,0.5,260,44,0,0,0.0,532,60,0,0,0.0,532,60,0.0,0.0,0,49461,1137,11627,255,0.0,0.0,0.0,0.0,0.0,0.0,0.0,0.0,0.0,0.0,0.0,503,52,0.0,502,57,0.0,461,54,0.0,509,56,,,,4,,Juan,Angulo,J.Angulo,,,0,0,0,0,0,0,0,0,0,0,0,0,0,,,,0.0,0.0,0.0,0.0,0.0,0,0,0
